record_id,cpse_name,local_material_code,description,category,supplied_unit,manufacturer,part_number,ground_truth_standard_material_id,ground_truth_standard_code,description_variant,hard_negative_standard_material_id,hard_negative_reason,synthetic_data_notice
SYN-REC-0001,Astra Petrochem Demo Corporation,LOC-FST-M6-24-G46-1,Hex Head Bolt M6 x 24 mm Grade 4.6,Fasteners,each,Synthetic Process Systems,DEMO-PN-001-1,SYN-CAN-001,SYN-FST-M6-24-G46,canonical_case,SYN-CAN-003,Same material family/category but differing technical specification; not equivalent.,SYNTHETIC_DEMO_DATA_ONLY
SYN-REC-0002,Bharat Thermal Demo Enterprise,LOC-FST-M6-24-G46-2,HEX BOLT M6 X 24MM CL 4.6,Fasteners,nos,DemoForge Industries,DEMO-PN-001-2,SYN-CAN-001,SYN-FST-M6-24-G46,abbreviation_capitalization,SYN-CAN-003,Same material family/category but differing technical specification; not equivalent.,SYNTHETIC_DEMO_DATA_ONLY
SYN-REC-0003,Dakshin Steel Demo Works,LOC-FST-M6-24-G46-3,"bolt, hex-head; 24 mm; M6; grade-4.6",Fasteners,No.,Prototype Engineering Supply,DEMO-PN-001-3,SYN-CAN-001,SYN-FST-M6-24-G46,punctuation_reordered,SYN-CAN-003,Same material family/category but differing technical specification; not equivalent.,SYNTHETIC_DEMO_DATA_ONLY
SYN-REC-0004,Narmada Power Demo Limited,LOC-FST-M6-24-G46-4,4.6 property class carbon steel hexagonal screw M6 24 mm,Fasteners,each,Prototype Engineering Supply,DEMO-PN-001-4,SYN-CAN-001,SYN-FST-M6-24-G46,equivalent_terminology,SYN-CAN-003,Same material family/category but differing technical specification; not equivalent.,SYNTHETIC_DEMO_DATA_ONLY
SYN-REC-0005,Vindhya Engineering Demo Services,LOC-FST-M6-24-G46-5,Hex bolt M6 length 24 mm; verify grade 4.6,Fasteners,pcs,Prototype Engineering Supply,DEMO-PN-001-5,SYN-CAN-001,SYN-FST-M6-24-G46,near_duplicate_dimension,SYN-CAN-003,Same material family/category but differing technical specification; not equivalent.,SYNTHETIC_DEMO_DATA_ONLY
SYN-REC-0006,Bharat Thermal Demo Enterprise,LOC-FST-M6-30-G88-1,Hex Head Bolt M6 x 30 mm Grade 8.8,Fasteners,each,Prototype Engineering Supply,DEMO-PN-002-1,SYN-CAN-002,SYN-FST-M6-30-G88,canonical_case,SYN-CAN-004,Same material family/category but differing technical specification; not equivalent.,SYNTHETIC_DEMO_DATA_ONLY
SYN-REC-0007,Dakshin Steel Demo Works,LOC-FST-M6-30-G88-2,HEX BOLT M6 X 30MM CL 8.8,Fasteners,nos,Synthetic Process Systems,DEMO-PN-002-2,SYN-CAN-002,SYN-FST-M6-30-G88,abbreviation_capitalization,SYN-CAN-004,Same material family/category but differing technical specification; not equivalent.,SYNTHETIC_DEMO_DATA_ONLY
SYN-REC-0008,Narmada Power Demo Limited,LOC-FST-M6-30-G88-3,"bolt, hex-head; 30 mm; M6; grade-8.8",Fasteners,No.,Synthetic Process Systems,DEMO-PN-002-3,SYN-CAN-002,SYN-FST-M6-30-G88,punctuation_reordered,SYN-CAN-004,Same material family/category but differing technical specification; not equivalent.,SYNTHETIC_DEMO_DATA_ONLY
SYN-REC-0009,Vindhya Engineering Demo Services,LOC-FST-M6-30-G88-4,8.8 property class carbon steel hexagonal screw M6 30 mm,Fasteners,each,Prototype Engineering Supply,DEMO-PN-002-4,SYN-CAN-002,SYN-FST-M6-30-G88,equivalent_terminology,SYN-CAN-004,Same material family/category but differing technical specification; not equivalent.,SYNTHETIC_DEMO_DATA_ONLY
SYN-REC-0010,Astra Petrochem Demo Corporation,LOC-FST-M6-30-G88-5,Hex bolt M6 length 30 mm; verify grade 8.8,Fasteners,pcs,Synthetic Process Systems,DEMO-PN-002-5,SYN-CAN-002,SYN-FST-M6-30-G88,near_duplicate_dimension,SYN-CAN-004,Same material family/category but differing technical specification; not equivalent.,SYNTHETIC_DEMO_DATA_ONLY
SYN-REC-0011,Dakshin Steel Demo Works,LOC-FST-M6-36-G109-1,Hex Head Bolt M6 x 36 mm Grade 10.9,Fasteners,each,DemoForge Industries,DEMO-PN-003-1,SYN-CAN-003,SYN-FST-M6-36-G109,canonical_case,SYN-CAN-005,Same material family/category but differing technical specification; not equivalent.,SYNTHETIC_DEMO_DATA_ONLY
SYN-REC-0012,Narmada Power Demo Limited,LOC-FST-M6-36-G109-2,HEX BOLT M6 X 36MM CL 10.9,Fasteners,nos,Synthetic Process Systems,DEMO-PN-003-2,SYN-CAN-003,SYN-FST-M6-36-G109,abbreviation_capitalization,SYN-CAN-005,Same material family/category but differing technical specification; not equivalent.,SYNTHETIC_DEMO_DATA_ONLY
SYN-REC-0013,Vindhya Engineering Demo Services,LOC-FST-M6-36-G109-3,"bolt, hex-head; 36 mm; M6; grade-10.9",Fasteners,No.,Synthetic Process Systems,DEMO-PN-003-3,SYN-CAN-003,SYN-FST-M6-36-G109,punctuation_reordered,SYN-CAN-005,Same material family/category but differing technical specification; not equivalent.,SYNTHETIC_DEMO_DATA_ONLY
SYN-REC-0014,Astra Petrochem Demo Corporation,LOC-FST-M6-36-G109-4,10.9 property class carbon steel hexagonal screw M6 36 mm,Fasteners,each,Synthetic Process Systems,DEMO-PN-003-4,SYN-CAN-003,SYN-FST-M6-36-G109,equivalent_terminology,SYN-CAN-005,Same material family/category but differing technical specification; not equivalent.,SYNTHETIC_DEMO_DATA_ONLY
SYN-REC-0015,Bharat Thermal Demo Enterprise,LOC-FST-M6-36-G109-5,Hex bolt M6 length 36 mm; verify grade 10.9,Fasteners,pcs,DemoForge Industries,DEMO-PN-003-5,SYN-CAN-003,SYN-FST-M6-36-G109,near_duplicate_dimension,SYN-CAN-005,Same material family/category but differing technical specification; not equivalent.,SYNTHETIC_DEMO_DATA_ONLY
SYN-REC-0016,Narmada Power Demo Limited,LOC-FST-M6-42-G129-1,Hex Head Bolt M6 x 42 mm Grade 12.9,Fasteners,each,Synthetic Process Systems,DEMO-PN-004-1,SYN-CAN-004,SYN-FST-M6-42-G129,canonical_case,SYN-CAN-006,Same material family/category but differing technical specification; not equivalent.,SYNTHETIC_DEMO_DATA_ONLY
SYN-REC-0017,Vindhya Engineering Demo Services,LOC-FST-M6-42-G129-2,HEX BOLT M6 X 42MM CL 12.9,Fasteners,nos,Synthetic Process Systems,DEMO-PN-004-2,SYN-CAN-004,SYN-FST-M6-42-G129,abbreviation_capitalization,SYN-CAN-006,Same material family/category but differing technical specification; not equivalent.,SYNTHETIC_DEMO_DATA_ONLY
SYN-REC-0018,Astra Petrochem Demo Corporation,LOC-FST-M6-42-G129-3,"bolt, hex-head; 42 mm; M6; grade-12.9",Fasteners,No.,Synthetic Process Systems,DEMO-PN-004-3,SYN-CAN-004,SYN-FST-M6-42-G129,punctuation_reordered,SYN-CAN-006,Same material family/category but differing technical specification; not equivalent.,SYNTHETIC_DEMO_DATA_ONLY
SYN-REC-0019,Bharat Thermal Demo Enterprise,LOC-FST-M6-42-G129-4,12.9 property class carbon steel hexagonal screw M6 42 mm,Fasteners,each,Prototype Engineering Supply,DEMO-PN-004-4,SYN-CAN-004,SYN-FST-M6-42-G129,equivalent_terminology,SYN-CAN-006,Same material family/category but differing technical specification; not equivalent.,SYNTHETIC_DEMO_DATA_ONLY
SYN-REC-0020,Dakshin Steel Demo Works,LOC-FST-M6-42-G129-5,Hex bolt M6 length 42 mm; verify grade 12.9,Fasteners,pcs,Synthetic Process Systems,DEMO-PN-004-5,SYN-CAN-004,SYN-FST-M6-42-G129,near_duplicate_dimension,SYN-CAN-006,Same material family/category but differing technical specification; not equivalent.,SYNTHETIC_DEMO_DATA_ONLY
SYN-REC-0021,Vindhya Engineering Demo Services,LOC-FST-M8-32-G46-1,Hex Head Bolt M8 x 32 mm Grade 4.6,Fasteners,each,Synthetic Process Systems,DEMO-PN-005-1,SYN-CAN-005,SYN-FST-M8-32-G46,canonical_case,SYN-CAN-007,Same material family/category but differing technical specification; not equivalent.,SYNTHETIC_DEMO_DATA_ONLY
SYN-REC-0022,Astra Petrochem Demo Corporation,LOC-FST-M8-32-G46-2,HEX BOLT M8 X 32MM CL 4.6,Fasteners,nos,Synthetic Process Systems,DEMO-PN-005-2,SYN-CAN-005,SYN-FST-M8-32-G46,abbreviation_capitalization,SYN-CAN-007,Same material family/category but differing technical specification; not equivalent.,SYNTHETIC_DEMO_DATA_ONLY
SYN-REC-0023,Bharat Thermal Demo Enterprise,LOC-FST-M8-32-G46-3,"bolt, hex-head; 32 mm; M8; grade-4.6",Fasteners,No.,Prototype Engineering Supply,DEMO-PN-005-3,SYN-CAN-005,SYN-FST-M8-32-G46,punctuation_reordered,SYN-CAN-007,Same material family/category but differing technical specification; not equivalent.,SYNTHETIC_DEMO_DATA_ONLY
SYN-REC-0024,Dakshin Steel Demo Works,LOC-FST-M8-32-G46-4,4.6 property class carbon steel hexagonal screw M8 32 mm,Fasteners,each,DemoForge Industries,DEMO-PN-005-4,SYN-CAN-005,SYN-FST-M8-32-G46,equivalent_terminology,SYN-CAN-007,Same material family/category but differing technical specification; not equivalent.,SYNTHETIC_DEMO_DATA_ONLY
SYN-REC-0025,Narmada Power Demo Limited,LOC-FST-M8-32-G46-5,Hex bolt M8 length 32 mm; verify grade 4.6,Fasteners,pcs,DemoForge Industries,DEMO-PN-005-5,SYN-CAN-005,SYN-FST-M8-32-G46,near_duplicate_dimension,SYN-CAN-007,Same material family/category but differing technical specification; not equivalent.,SYNTHETIC_DEMO_DATA_ONLY
SYN-REC-0026,Astra Petrochem Demo Corporation,LOC-FST-M8-40-G88-1,Hex Head Bolt M8 x 40 mm Grade 8.8,Fasteners,each,Prototype Engineering Supply,DEMO-PN-006-1,SYN-CAN-006,SYN-FST-M8-40-G88,canonical_case,SYN-CAN-008,Same material family/category but differing technical specification; not equivalent.,SYNTHETIC_DEMO_DATA_ONLY
SYN-REC-0027,Bharat Thermal Demo Enterprise,LOC-FST-M8-40-G88-2,HEX BOLT M8 X 40MM CL 8.8,Fasteners,nos,Prototype Engineering Supply,DEMO-PN-006-2,SYN-CAN-006,SYN-FST-M8-40-G88,abbreviation_capitalization,SYN-CAN-008,Same material family/category but differing technical specification; not equivalent.,SYNTHETIC_DEMO_DATA_ONLY
SYN-REC-0028,Dakshin Steel Demo Works,LOC-FST-M8-40-G88-3,"bolt, hex-head; 40 mm; M8; grade-8.8",Fasteners,No.,Synthetic Process Systems,DEMO-PN-006-3,SYN-CAN-006,SYN-FST-M8-40-G88,punctuation_reordered,SYN-CAN-008,Same material family/category but differing technical specification; not equivalent.,SYNTHETIC_DEMO_DATA_ONLY
SYN-REC-0029,Narmada Power Demo Limited,LOC-FST-M8-40-G88-4,8.8 property class carbon steel hexagonal screw M8 40 mm,Fasteners,each,DemoForge Industries,DEMO-PN-006-4,SYN-CAN-006,SYN-FST-M8-40-G88,equivalent_terminology,SYN-CAN-008,Same material family/category but differing technical specification; not equivalent.,SYNTHETIC_DEMO_DATA_ONLY
SYN-REC-0030,Vindhya Engineering Demo Services,LOC-FST-M8-40-G88-5,Hex bolt M8 length 40 mm; verify grade 8.8,Fasteners,pcs,Prototype Engineering Supply,DEMO-PN-006-5,SYN-CAN-006,SYN-FST-M8-40-G88,near_duplicate_dimension,SYN-CAN-008,Same material family/category but differing technical specification; not equivalent.,SYNTHETIC_DEMO_DATA_ONLY
SYN-REC-0031,Bharat Thermal Demo Enterprise,LOC-FST-M8-48-G109-1,Hex Head Bolt M8 x 48 mm Grade 10.9,Fasteners,each,DemoForge Industries,DEMO-PN-007-1,SYN-CAN-007,SYN-FST-M8-48-G109,canonical_case,SYN-CAN-009,Same material family/category but differing technical specification; not equivalent.,SYNTHETIC_DEMO_DATA_ONLY
SYN-REC-0032,Dakshin Steel Demo Works,LOC-FST-M8-48-G109-2,HEX BOLT M8 X 48MM CL 10.9,Fasteners,nos,Prototype Engineering Supply,DEMO-PN-007-2,SYN-CAN-007,SYN-FST-M8-48-G109,abbreviation_capitalization,SYN-CAN-009,Same material family/category but differing technical specification; not equivalent.,SYNTHETIC_DEMO_DATA_ONLY
SYN-REC-0033,Narmada Power Demo Limited,LOC-FST-M8-48-G109-3,"bolt, hex-head; 48 mm; M8; grade-10.9",Fasteners,No.,Synthetic Process Systems,DEMO-PN-007-3,SYN-CAN-007,SYN-FST-M8-48-G109,punctuation_reordered,SYN-CAN-009,Same material family/category but differing technical specification; not equivalent.,SYNTHETIC_DEMO_DATA_ONLY
SYN-REC-0034,Vindhya Engineering Demo Services,LOC-FST-M8-48-G109-4,10.9 property class carbon steel hexagonal screw M8 48 mm,Fasteners,each,Synthetic Process Systems,DEMO-PN-007-4,SYN-CAN-007,SYN-FST-M8-48-G109,equivalent_terminology,SYN-CAN-009,Same material family/category but differing technical specification; not equivalent.,SYNTHETIC_DEMO_DATA_ONLY
SYN-REC-0035,Astra Petrochem Demo Corporation,LOC-FST-M8-48-G109-5,Hex bolt M8 length 48 mm; verify grade 10.9,Fasteners,pcs,Prototype Engineering Supply,DEMO-PN-007-5,SYN-CAN-007,SYN-FST-M8-48-G109,near_duplicate_dimension,SYN-CAN-009,Same material family/category but differing technical specification; not equivalent.,SYNTHETIC_DEMO_DATA_ONLY
SYN-REC-0036,Dakshin Steel Demo Works,LOC-FST-M8-56-G129-1,Hex Head Bolt M8 x 56 mm Grade 12.9,Fasteners,each,DemoForge Industries,DEMO-PN-008-1,SYN-CAN-008,SYN-FST-M8-56-G129,canonical_case,SYN-CAN-010,Same material family/category but differing technical specification; not equivalent.,SYNTHETIC_DEMO_DATA_ONLY
SYN-REC-0037,Narmada Power Demo Limited,LOC-FST-M8-56-G129-2,HEX BOLT M8 X 56MM CL 12.9,Fasteners,nos,DemoForge Industries,DEMO-PN-008-2,SYN-CAN-008,SYN-FST-M8-56-G129,abbreviation_capitalization,SYN-CAN-010,Same material family/category but differing technical specification; not equivalent.,SYNTHETIC_DEMO_DATA_ONLY
SYN-REC-0038,Vindhya Engineering Demo Services,LOC-FST-M8-56-G129-3,"bolt, hex-head; 56 mm; M8; grade-12.9",Fasteners,No.,Synthetic Process Systems,DEMO-PN-008-3,SYN-CAN-008,SYN-FST-M8-56-G129,punctuation_reordered,SYN-CAN-010,Same material family/category but differing technical specification; not equivalent.,SYNTHETIC_DEMO_DATA_ONLY
SYN-REC-0039,Astra Petrochem Demo Corporation,LOC-FST-M8-56-G129-4,12.9 property class carbon steel hexagonal screw M8 56 mm,Fasteners,each,Prototype Engineering Supply,DEMO-PN-008-4,SYN-CAN-008,SYN-FST-M8-56-G129,equivalent_terminology,SYN-CAN-010,Same material family/category but differing technical specification; not equivalent.,SYNTHETIC_DEMO_DATA_ONLY
SYN-REC-0040,Bharat Thermal Demo Enterprise,LOC-FST-M8-56-G129-5,Hex bolt M8 length 56 mm; verify grade 12.9,Fasteners,pcs,DemoForge Industries,DEMO-PN-008-5,SYN-CAN-008,SYN-FST-M8-56-G129,near_duplicate_dimension,SYN-CAN-010,Same material family/category but differing technical specification; not equivalent.,SYNTHETIC_DEMO_DATA_ONLY
SYN-REC-0041,Narmada Power Demo Limited,LOC-FST-M10-40-G46-1,Hex Head Bolt M10 x 40 mm Grade 4.6,Fasteners,each,Prototype Engineering Supply,DEMO-PN-009-1,SYN-CAN-009,SYN-FST-M10-40-G46,canonical_case,SYN-CAN-011,Same material family/category but differing technical specification; not equivalent.,SYNTHETIC_DEMO_DATA_ONLY
SYN-REC-0042,Vindhya Engineering Demo Services,LOC-FST-M10-40-G46-2,HEX BOLT M10 X 40MM CL 4.6,Fasteners,nos,Prototype Engineering Supply,DEMO-PN-009-2,SYN-CAN-009,SYN-FST-M10-40-G46,abbreviation_capitalization,SYN-CAN-011,Same material family/category but differing technical specification; not equivalent.,SYNTHETIC_DEMO_DATA_ONLY
SYN-REC-0043,Astra Petrochem Demo Corporation,LOC-FST-M10-40-G46-3,"bolt, hex-head; 40 mm; M10; grade-4.6",Fasteners,No.,Prototype Engineering Supply,DEMO-PN-009-3,SYN-CAN-009,SYN-FST-M10-40-G46,punctuation_reordered,SYN-CAN-011,Same material family/category but differing technical specification; not equivalent.,SYNTHETIC_DEMO_DATA_ONLY
SYN-REC-0044,Bharat Thermal Demo Enterprise,LOC-FST-M10-40-G46-4,4.6 property class carbon steel hexagonal screw M10 40 mm,Fasteners,each,DemoForge Industries,DEMO-PN-009-4,SYN-CAN-009,SYN-FST-M10-40-G46,equivalent_terminology,SYN-CAN-011,Same material family/category but differing technical specification; not equivalent.,SYNTHETIC_DEMO_DATA_ONLY
SYN-REC-0045,Dakshin Steel Demo Works,LOC-FST-M10-40-G46-5,Hex bolt M10 length 40 mm; verify grade 4.6,Fasteners,pcs,Prototype Engineering Supply,DEMO-PN-009-5,SYN-CAN-009,SYN-FST-M10-40-G46,near_duplicate_dimension,SYN-CAN-011,Same material family/category but differing technical specification; not equivalent.,SYNTHETIC_DEMO_DATA_ONLY
SYN-REC-0046,Vindhya Engineering Demo Services,LOC-FST-M10-50-G88-1,Hex Head Bolt M10 x 50 mm Grade 8.8,Fasteners,each,Synthetic Process Systems,DEMO-PN-010-1,SYN-CAN-010,SYN-FST-M10-50-G88,canonical_case,SYN-CAN-012,Same material family/category but differing technical specification; not equivalent.,SYNTHETIC_DEMO_DATA_ONLY
SYN-REC-0047,Astra Petrochem Demo Corporation,LOC-FST-M10-50-G88-2,HEX BOLT M10 X 50MM CL 8.8,Fasteners,nos,Synthetic Process Systems,DEMO-PN-010-2,SYN-CAN-010,SYN-FST-M10-50-G88,abbreviation_capitalization,SYN-CAN-012,Same material family/category but differing technical specification; not equivalent.,SYNTHETIC_DEMO_DATA_ONLY
SYN-REC-0048,Bharat Thermal Demo Enterprise,LOC-FST-M10-50-G88-3,"bolt, hex-head; 50 mm; M10; grade-8.8",Fasteners,No.,Synthetic Process Systems,DEMO-PN-010-3,SYN-CAN-010,SYN-FST-M10-50-G88,punctuation_reordered,SYN-CAN-012,Same material family/category but differing technical specification; not equivalent.,SYNTHETIC_DEMO_DATA_ONLY
SYN-REC-0049,Dakshin Steel Demo Works,LOC-FST-M10-50-G88-4,8.8 property class carbon steel hexagonal screw M10 50 mm,Fasteners,each,Prototype Engineering Supply,DEMO-PN-010-4,SYN-CAN-010,SYN-FST-M10-50-G88,equivalent_terminology,SYN-CAN-012,Same material family/category but differing technical specification; not equivalent.,SYNTHETIC_DEMO_DATA_ONLY
SYN-REC-0050,Narmada Power Demo Limited,LOC-FST-M10-50-G88-5,Hex bolt M10 length 50 mm; verify grade 8.8,Fasteners,pcs,Synthetic Process Systems,DEMO-PN-010-5,SYN-CAN-010,SYN-FST-M10-50-G88,near_duplicate_dimension,SYN-CAN-012,Same material family/category but differing technical specification; not equivalent.,SYNTHETIC_DEMO_DATA_ONLY
SYN-REC-0051,Astra Petrochem Demo Corporation,LOC-FST-M10-60-G109-1,Hex Head Bolt M10 x 60 mm Grade 10.9,Fasteners,each,Synthetic Process Systems,DEMO-PN-011-1,SYN-CAN-011,SYN-FST-M10-60-G109,canonical_case,SYN-CAN-013,Same material family/category but differing technical specification; not equivalent.,SYNTHETIC_DEMO_DATA_ONLY
SYN-REC-0052,Bharat Thermal Demo Enterprise,LOC-FST-M10-60-G109-2,HEX BOLT M10 X 60MM CL 10.9,Fasteners,nos,Prototype Engineering Supply,DEMO-PN-011-2,SYN-CAN-011,SYN-FST-M10-60-G109,abbreviation_capitalization,SYN-CAN-013,Same material family/category but differing technical specification; not equivalent.,SYNTHETIC_DEMO_DATA_ONLY
SYN-REC-0053,Dakshin Steel Demo Works,LOC-FST-M10-60-G109-3,"bolt, hex-head; 60 mm; M10; grade-10.9",Fasteners,No.,Synthetic Process Systems,DEMO-PN-011-3,SYN-CAN-011,SYN-FST-M10-60-G109,punctuation_reordered,SYN-CAN-013,Same material family/category but differing technical specification; not equivalent.,SYNTHETIC_DEMO_DATA_ONLY
SYN-REC-0054,Narmada Power Demo Limited,LOC-FST-M10-60-G109-4,10.9 property class carbon steel hexagonal screw M10 60 mm,Fasteners,each,DemoForge Industries,DEMO-PN-011-4,SYN-CAN-011,SYN-FST-M10-60-G109,equivalent_terminology,SYN-CAN-013,Same material family/category but differing technical specification; not equivalent.,SYNTHETIC_DEMO_DATA_ONLY
SYN-REC-0055,Vindhya Engineering Demo Services,LOC-FST-M10-60-G109-5,Hex bolt M10 length 60 mm; verify grade 10.9,Fasteners,pcs,Synthetic Process Systems,DEMO-PN-011-5,SYN-CAN-011,SYN-FST-M10-60-G109,near_duplicate_dimension,SYN-CAN-013,Same material family/category but differing technical specification; not equivalent.,SYNTHETIC_DEMO_DATA_ONLY
SYN-REC-0056,Bharat Thermal Demo Enterprise,LOC-FST-M10-70-G129-1,Hex Head Bolt M10 x 70 mm Grade 12.9,Fasteners,each,DemoForge Industries,DEMO-PN-012-1,SYN-CAN-012,SYN-FST-M10-70-G129,canonical_case,SYN-CAN-014,Same material family/category but differing technical specification; not equivalent.,SYNTHETIC_DEMO_DATA_ONLY
SYN-REC-0057,Dakshin Steel Demo Works,LOC-FST-M10-70-G129-2,HEX BOLT M10 X 70MM CL 12.9,Fasteners,nos,Synthetic Process Systems,DEMO-PN-012-2,SYN-CAN-012,SYN-FST-M10-70-G129,abbreviation_capitalization,SYN-CAN-014,Same material family/category but differing technical specification; not equivalent.,SYNTHETIC_DEMO_DATA_ONLY
SYN-REC-0058,Narmada Power Demo Limited,LOC-FST-M10-70-G129-3,"bolt, hex-head; 70 mm; M10; grade-12.9",Fasteners,No.,DemoForge Industries,DEMO-PN-012-3,SYN-CAN-012,SYN-FST-M10-70-G129,punctuation_reordered,SYN-CAN-014,Same material family/category but differing technical specification; not equivalent.,SYNTHETIC_DEMO_DATA_ONLY
SYN-REC-0059,Vindhya Engineering Demo Services,LOC-FST-M10-70-G129-4,12.9 property class carbon steel hexagonal screw M10 70 mm,Fasteners,each,DemoForge Industries,DEMO-PN-012-4,SYN-CAN-012,SYN-FST-M10-70-G129,equivalent_terminology,SYN-CAN-014,Same material family/category but differing technical specification; not equivalent.,SYNTHETIC_DEMO_DATA_ONLY
SYN-REC-0060,Astra Petrochem Demo Corporation,LOC-FST-M10-70-G129-5,Hex bolt M10 length 70 mm; verify grade 12.9,Fasteners,pcs,Synthetic Process Systems,DEMO-PN-012-5,SYN-CAN-012,SYN-FST-M10-70-G129,near_duplicate_dimension,SYN-CAN-014,Same material family/category but differing technical specification; not equivalent.,SYNTHETIC_DEMO_DATA_ONLY
SYN-REC-0061,Dakshin Steel Demo Works,LOC-FST-M12-48-G46-1,Hex Head Bolt M12 x 48 mm Grade 4.6,Fasteners,each,Synthetic Process Systems,DEMO-PN-013-1,SYN-CAN-013,SYN-FST-M12-48-G46,canonical_case,SYN-CAN-015,Same material family/category but differing technical specification; not equivalent.,SYNTHETIC_DEMO_DATA_ONLY
SYN-REC-0062,Narmada Power Demo Limited,LOC-FST-M12-48-G46-2,HEX BOLT M12 X 48MM CL 4.6,Fasteners,nos,DemoForge Industries,DEMO-PN-013-2,SYN-CAN-013,SYN-FST-M12-48-G46,abbreviation_capitalization,SYN-CAN-015,Same material family/category but differing technical specification; not equivalent.,SYNTHETIC_DEMO_DATA_ONLY
SYN-REC-0063,Vindhya Engineering Demo Services,LOC-FST-M12-48-G46-3,"bolt, hex-head; 48 mm; M12; grade-4.6",Fasteners,No.,DemoForge Industries,DEMO-PN-013-3,SYN-CAN-013,SYN-FST-M12-48-G46,punctuation_reordered,SYN-CAN-015,Same material family/category but differing technical specification; not equivalent.,SYNTHETIC_DEMO_DATA_ONLY
SYN-REC-0064,Astra Petrochem Demo Corporation,LOC-FST-M12-48-G46-4,4.6 property class carbon steel hexagonal screw M12 48 mm,Fasteners,each,Synthetic Process Systems,DEMO-PN-013-4,SYN-CAN-013,SYN-FST-M12-48-G46,equivalent_terminology,SYN-CAN-015,Same material family/category but differing technical specification; not equivalent.,SYNTHETIC_DEMO_DATA_ONLY
SYN-REC-0065,Bharat Thermal Demo Enterprise,LOC-FST-M12-48-G46-5,Hex bolt M12 length 48 mm; verify grade 4.6,Fasteners,pcs,DemoForge Industries,DEMO-PN-013-5,SYN-CAN-013,SYN-FST-M12-48-G46,near_duplicate_dimension,SYN-CAN-015,Same material family/category but differing technical specification; not equivalent.,SYNTHETIC_DEMO_DATA_ONLY
SYN-REC-0066,Narmada Power Demo Limited,LOC-FST-M12-60-G88-1,Hex Head Bolt M12 x 60 mm Grade 8.8,Fasteners,each,Synthetic Process Systems,DEMO-PN-014-1,SYN-CAN-014,SYN-FST-M12-60-G88,canonical_case,SYN-CAN-016,Same material family/category but differing technical specification; not equivalent.,SYNTHETIC_DEMO_DATA_ONLY
SYN-REC-0067,Vindhya Engineering Demo Services,LOC-FST-M12-60-G88-2,HEX BOLT M12 X 60MM CL 8.8,Fasteners,nos,Prototype Engineering Supply,DEMO-PN-014-2,SYN-CAN-014,SYN-FST-M12-60-G88,abbreviation_capitalization,SYN-CAN-016,Same material family/category but differing technical specification; not equivalent.,SYNTHETIC_DEMO_DATA_ONLY
SYN-REC-0068,Astra Petrochem Demo Corporation,LOC-FST-M12-60-G88-3,"bolt, hex-head; 60 mm; M12; grade-8.8",Fasteners,No.,Synthetic Process Systems,DEMO-PN-014-3,SYN-CAN-014,SYN-FST-M12-60-G88,punctuation_reordered,SYN-CAN-016,Same material family/category but differing technical specification; not equivalent.,SYNTHETIC_DEMO_DATA_ONLY
SYN-REC-0069,Bharat Thermal Demo Enterprise,LOC-FST-M12-60-G88-4,8.8 property class carbon steel hexagonal screw M12 60 mm,Fasteners,each,Synthetic Process Systems,DEMO-PN-014-4,SYN-CAN-014,SYN-FST-M12-60-G88,equivalent_terminology,SYN-CAN-016,Same material family/category but differing technical specification; not equivalent.,SYNTHETIC_DEMO_DATA_ONLY
SYN-REC-0070,Dakshin Steel Demo Works,LOC-FST-M12-60-G88-5,Hex bolt M12 length 60 mm; verify grade 8.8,Fasteners,pcs,Synthetic Process Systems,DEMO-PN-014-5,SYN-CAN-014,SYN-FST-M12-60-G88,near_duplicate_dimension,SYN-CAN-016,Same material family/category but differing technical specification; not equivalent.,SYNTHETIC_DEMO_DATA_ONLY
SYN-REC-0071,Vindhya Engineering Demo Services,LOC-FST-M12-72-G109-1,Hex Head Bolt M12 x 72 mm Grade 10.9,Fasteners,each,Synthetic Process Systems,DEMO-PN-015-1,SYN-CAN-015,SYN-FST-M12-72-G109,canonical_case,SYN-CAN-017,Same material family/category but differing technical specification; not equivalent.,SYNTHETIC_DEMO_DATA_ONLY
SYN-REC-0072,Astra Petrochem Demo Corporation,LOC-FST-M12-72-G109-2,HEX BOLT M12 X 72MM CL 10.9,Fasteners,nos,Prototype Engineering Supply,DEMO-PN-015-2,SYN-CAN-015,SYN-FST-M12-72-G109,abbreviation_capitalization,SYN-CAN-017,Same material family/category but differing technical specification; not equivalent.,SYNTHETIC_DEMO_DATA_ONLY
SYN-REC-0073,Bharat Thermal Demo Enterprise,LOC-FST-M12-72-G109-3,"bolt, hex-head; 72 mm; M12; grade-10.9",Fasteners,No.,Prototype Engineering Supply,DEMO-PN-015-3,SYN-CAN-015,SYN-FST-M12-72-G109,punctuation_reordered,SYN-CAN-017,Same material family/category but differing technical specification; not equivalent.,SYNTHETIC_DEMO_DATA_ONLY
SYN-REC-0074,Dakshin Steel Demo Works,LOC-FST-M12-72-G109-4,10.9 property class carbon steel hexagonal screw M12 72 mm,Fasteners,each,DemoForge Industries,DEMO-PN-015-4,SYN-CAN-015,SYN-FST-M12-72-G109,equivalent_terminology,SYN-CAN-017,Same material family/category but differing technical specification; not equivalent.,SYNTHETIC_DEMO_DATA_ONLY
SYN-REC-0075,Narmada Power Demo Limited,LOC-FST-M12-72-G109-5,Hex bolt M12 length 72 mm; verify grade 10.9,Fasteners,pcs,Synthetic Process Systems,DEMO-PN-015-5,SYN-CAN-015,SYN-FST-M12-72-G109,near_duplicate_dimension,SYN-CAN-017,Same material family/category but differing technical specification; not equivalent.,SYNTHETIC_DEMO_DATA_ONLY
SYN-REC-0076,Astra Petrochem Demo Corporation,LOC-FST-M12-84-G129-1,Hex Head Bolt M12 x 84 mm Grade 12.9,Fasteners,each,DemoForge Industries,DEMO-PN-016-1,SYN-CAN-016,SYN-FST-M12-84-G129,canonical_case,SYN-CAN-018,Same material family/category but differing technical specification; not equivalent.,SYNTHETIC_DEMO_DATA_ONLY
SYN-REC-0077,Bharat Thermal Demo Enterprise,LOC-FST-M12-84-G129-2,HEX BOLT M12 X 84MM CL 12.9,Fasteners,nos,Prototype Engineering Supply,DEMO-PN-016-2,SYN-CAN-016,SYN-FST-M12-84-G129,abbreviation_capitalization,SYN-CAN-018,Same material family/category but differing technical specification; not equivalent.,SYNTHETIC_DEMO_DATA_ONLY
SYN-REC-0078,Dakshin Steel Demo Works,LOC-FST-M12-84-G129-3,"bolt, hex-head; 84 mm; M12; grade-12.9",Fasteners,No.,Prototype Engineering Supply,DEMO-PN-016-3,SYN-CAN-016,SYN-FST-M12-84-G129,punctuation_reordered,SYN-CAN-018,Same material family/category but differing technical specification; not equivalent.,SYNTHETIC_DEMO_DATA_ONLY
SYN-REC-0079,Narmada Power Demo Limited,LOC-FST-M12-84-G129-4,12.9 property class carbon steel hexagonal screw M12 84 mm,Fasteners,each,DemoForge Industries,DEMO-PN-016-4,SYN-CAN-016,SYN-FST-M12-84-G129,equivalent_terminology,SYN-CAN-018,Same material family/category but differing technical specification; not equivalent.,SYNTHETIC_DEMO_DATA_ONLY
SYN-REC-0080,Vindhya Engineering Demo Services,LOC-FST-M12-84-G129-5,Hex bolt M12 length 84 mm; verify grade 12.9,Fasteners,pcs,Synthetic Process Systems,DEMO-PN-016-5,SYN-CAN-016,SYN-FST-M12-84-G129,near_duplicate_dimension,SYN-CAN-018,Same material family/category but differing technical specification; not equivalent.,SYNTHETIC_DEMO_DATA_ONLY
SYN-REC-0081,Bharat Thermal Demo Enterprise,LOC-FST-M14-56-G46-1,Hex Head Bolt M14 x 56 mm Grade 4.6,Fasteners,each,Prototype Engineering Supply,DEMO-PN-017-1,SYN-CAN-017,SYN-FST-M14-56-G46,canonical_case,SYN-CAN-019,Same material family/category but differing technical specification; not equivalent.,SYNTHETIC_DEMO_DATA_ONLY
SYN-REC-0082,Dakshin Steel Demo Works,LOC-FST-M14-56-G46-2,HEX BOLT M14 X 56MM CL 4.6,Fasteners,nos,Prototype Engineering Supply,DEMO-PN-017-2,SYN-CAN-017,SYN-FST-M14-56-G46,abbreviation_capitalization,SYN-CAN-019,Same material family/category but differing technical specification; not equivalent.,SYNTHETIC_DEMO_DATA_ONLY
SYN-REC-0083,Narmada Power Demo Limited,LOC-FST-M14-56-G46-3,"bolt, hex-head; 56 mm; M14; grade-4.6",Fasteners,No.,Synthetic Process Systems,DEMO-PN-017-3,SYN-CAN-017,SYN-FST-M14-56-G46,punctuation_reordered,SYN-CAN-019,Same material family/category but differing technical specification; not equivalent.,SYNTHETIC_DEMO_DATA_ONLY
SYN-REC-0084,Vindhya Engineering Demo Services,LOC-FST-M14-56-G46-4,4.6 property class carbon steel hexagonal screw M14 56 mm,Fasteners,each,Synthetic Process Systems,DEMO-PN-017-4,SYN-CAN-017,SYN-FST-M14-56-G46,equivalent_terminology,SYN-CAN-019,Same material family/category but differing technical specification; not equivalent.,SYNTHETIC_DEMO_DATA_ONLY
SYN-REC-0085,Astra Petrochem Demo Corporation,LOC-FST-M14-56-G46-5,Hex bolt M14 length 56 mm; verify grade 4.6,Fasteners,pcs,Synthetic Process Systems,DEMO-PN-017-5,SYN-CAN-017,SYN-FST-M14-56-G46,near_duplicate_dimension,SYN-CAN-019,Same material family/category but differing technical specification; not equivalent.,SYNTHETIC_DEMO_DATA_ONLY
SYN-REC-0086,Dakshin Steel Demo Works,LOC-FST-M14-70-G88-1,Hex Head Bolt M14 x 70 mm Grade 8.8,Fasteners,each,Prototype Engineering Supply,DEMO-PN-018-1,SYN-CAN-018,SYN-FST-M14-70-G88,canonical_case,SYN-CAN-020,Same material family/category but differing technical specification; not equivalent.,SYNTHETIC_DEMO_DATA_ONLY
SYN-REC-0087,Narmada Power Demo Limited,LOC-FST-M14-70-G88-2,HEX BOLT M14 X 70MM CL 8.8,Fasteners,nos,Synthetic Process Systems,DEMO-PN-018-2,SYN-CAN-018,SYN-FST-M14-70-G88,abbreviation_capitalization,SYN-CAN-020,Same material family/category but differing technical specification; not equivalent.,SYNTHETIC_DEMO_DATA_ONLY
SYN-REC-0088,Vindhya Engineering Demo Services,LOC-FST-M14-70-G88-3,"bolt, hex-head; 70 mm; M14; grade-8.8",Fasteners,No.,Synthetic Process Systems,DEMO-PN-018-3,SYN-CAN-018,SYN-FST-M14-70-G88,punctuation_reordered,SYN-CAN-020,Same material family/category but differing technical specification; not equivalent.,SYNTHETIC_DEMO_DATA_ONLY
SYN-REC-0089,Astra Petrochem Demo Corporation,LOC-FST-M14-70-G88-4,8.8 property class carbon steel hexagonal screw M14 70 mm,Fasteners,each,Synthetic Process Systems,DEMO-PN-018-4,SYN-CAN-018,SYN-FST-M14-70-G88,equivalent_terminology,SYN-CAN-020,Same material family/category but differing technical specification; not equivalent.,SYNTHETIC_DEMO_DATA_ONLY
SYN-REC-0090,Bharat Thermal Demo Enterprise,LOC-FST-M14-70-G88-5,Hex bolt M14 length 70 mm; verify grade 8.8,Fasteners,pcs,Prototype Engineering Supply,DEMO-PN-018-5,SYN-CAN-018,SYN-FST-M14-70-G88,near_duplicate_dimension,SYN-CAN-020,Same material family/category but differing technical specification; not equivalent.,SYNTHETIC_DEMO_DATA_ONLY
SYN-REC-0091,Narmada Power Demo Limited,LOC-FST-M14-84-G109-1,Hex Head Bolt M14 x 84 mm Grade 10.9,Fasteners,each,DemoForge Industries,DEMO-PN-019-1,SYN-CAN-019,SYN-FST-M14-84-G109,canonical_case,SYN-CAN-021,Same material family/category but differing technical specification; not equivalent.,SYNTHETIC_DEMO_DATA_ONLY
SYN-REC-0092,Vindhya Engineering Demo Services,LOC-FST-M14-84-G109-2,HEX BOLT M14 X 84MM CL 10.9,Fasteners,nos,DemoForge Industries,DEMO-PN-019-2,SYN-CAN-019,SYN-FST-M14-84-G109,abbreviation_capitalization,SYN-CAN-021,Same material family/category but differing technical specification; not equivalent.,SYNTHETIC_DEMO_DATA_ONLY
SYN-REC-0093,Astra Petrochem Demo Corporation,LOC-FST-M14-84-G109-3,"bolt, hex-head; 84 mm; M14; grade-10.9",Fasteners,No.,Synthetic Process Systems,DEMO-PN-019-3,SYN-CAN-019,SYN-FST-M14-84-G109,punctuation_reordered,SYN-CAN-021,Same material family/category but differing technical specification; not equivalent.,SYNTHETIC_DEMO_DATA_ONLY
SYN-REC-0094,Bharat Thermal Demo Enterprise,LOC-FST-M14-84-G109-4,10.9 property class carbon steel hexagonal screw M14 84 mm,Fasteners,each,Synthetic Process Systems,DEMO-PN-019-4,SYN-CAN-019,SYN-FST-M14-84-G109,equivalent_terminology,SYN-CAN-021,Same material family/category but differing technical specification; not equivalent.,SYNTHETIC_DEMO_DATA_ONLY
SYN-REC-0095,Dakshin Steel Demo Works,LOC-FST-M14-84-G109-5,Hex bolt M14 length 84 mm; verify grade 10.9,Fasteners,pcs,Prototype Engineering Supply,DEMO-PN-019-5,SYN-CAN-019,SYN-FST-M14-84-G109,near_duplicate_dimension,SYN-CAN-021,Same material family/category but differing technical specification; not equivalent.,SYNTHETIC_DEMO_DATA_ONLY
SYN-REC-0096,Vindhya Engineering Demo Services,LOC-FST-M14-98-G129-1,Hex Head Bolt M14 x 98 mm Grade 12.9,Fasteners,each,Prototype Engineering Supply,DEMO-PN-020-1,SYN-CAN-020,SYN-FST-M14-98-G129,canonical_case,SYN-CAN-022,Same material family/category but differing technical specification; not equivalent.,SYNTHETIC_DEMO_DATA_ONLY
SYN-REC-0097,Astra Petrochem Demo Corporation,LOC-FST-M14-98-G129-2,HEX BOLT M14 X 98MM CL 12.9,Fasteners,nos,Prototype Engineering Supply,DEMO-PN-020-2,SYN-CAN-020,SYN-FST-M14-98-G129,abbreviation_capitalization,SYN-CAN-022,Same material family/category but differing technical specification; not equivalent.,SYNTHETIC_DEMO_DATA_ONLY
SYN-REC-0098,Bharat Thermal Demo Enterprise,LOC-FST-M14-98-G129-3,"bolt, hex-head; 98 mm; M14; grade-12.9",Fasteners,No.,Synthetic Process Systems,DEMO-PN-020-3,SYN-CAN-020,SYN-FST-M14-98-G129,punctuation_reordered,SYN-CAN-022,Same material family/category but differing technical specification; not equivalent.,SYNTHETIC_DEMO_DATA_ONLY
SYN-REC-0099,Dakshin Steel Demo Works,LOC-FST-M14-98-G129-4,12.9 property class carbon steel hexagonal screw M14 98 mm,Fasteners,each,Prototype Engineering Supply,DEMO-PN-020-4,SYN-CAN-020,SYN-FST-M14-98-G129,equivalent_terminology,SYN-CAN-022,Same material family/category but differing technical specification; not equivalent.,SYNTHETIC_DEMO_DATA_ONLY
SYN-REC-0100,Narmada Power Demo Limited,LOC-FST-M14-98-G129-5,Hex bolt M14 length 98 mm; verify grade 12.9,Fasteners,pcs,Prototype Engineering Supply,DEMO-PN-020-5,SYN-CAN-020,SYN-FST-M14-98-G129,near_duplicate_dimension,SYN-CAN-022,Same material family/category but differing technical specification; not equivalent.,SYNTHETIC_DEMO_DATA_ONLY
SYN-REC-0101,Astra Petrochem Demo Corporation,LOC-FST-M16-64-G46-1,Hex Head Bolt M16 x 64 mm Grade 4.6,Fasteners,each,DemoForge Industries,DEMO-PN-021-1,SYN-CAN-021,SYN-FST-M16-64-G46,canonical_case,SYN-CAN-023,Same material family/category but differing technical specification; not equivalent.,SYNTHETIC_DEMO_DATA_ONLY
SYN-REC-0102,Bharat Thermal Demo Enterprise,LOC-FST-M16-64-G46-2,HEX BOLT M16 X 64MM CL 4.6,Fasteners,nos,Prototype Engineering Supply,DEMO-PN-021-2,SYN-CAN-021,SYN-FST-M16-64-G46,abbreviation_capitalization,SYN-CAN-023,Same material family/category but differing technical specification; not equivalent.,SYNTHETIC_DEMO_DATA_ONLY
SYN-REC-0103,Dakshin Steel Demo Works,LOC-FST-M16-64-G46-3,"bolt, hex-head; 64 mm; M16; grade-4.6",Fasteners,No.,Synthetic Process Systems,DEMO-PN-021-3,SYN-CAN-021,SYN-FST-M16-64-G46,punctuation_reordered,SYN-CAN-023,Same material family/category but differing technical specification; not equivalent.,SYNTHETIC_DEMO_DATA_ONLY
SYN-REC-0104,Narmada Power Demo Limited,LOC-FST-M16-64-G46-4,4.6 property class carbon steel hexagonal screw M16 64 mm,Fasteners,each,Synthetic Process Systems,DEMO-PN-021-4,SYN-CAN-021,SYN-FST-M16-64-G46,equivalent_terminology,SYN-CAN-023,Same material family/category but differing technical specification; not equivalent.,SYNTHETIC_DEMO_DATA_ONLY
SYN-REC-0105,Vindhya Engineering Demo Services,LOC-FST-M16-64-G46-5,Hex bolt M16 length 64 mm; verify grade 4.6,Fasteners,pcs,Prototype Engineering Supply,DEMO-PN-021-5,SYN-CAN-021,SYN-FST-M16-64-G46,near_duplicate_dimension,SYN-CAN-023,Same material family/category but differing technical specification; not equivalent.,SYNTHETIC_DEMO_DATA_ONLY
SYN-REC-0106,Bharat Thermal Demo Enterprise,LOC-FST-M16-80-G88-1,Hex Head Bolt M16 x 80 mm Grade 8.8,Fasteners,each,Prototype Engineering Supply,DEMO-PN-022-1,SYN-CAN-022,SYN-FST-M16-80-G88,canonical_case,SYN-CAN-024,Same material family/category but differing technical specification; not equivalent.,SYNTHETIC_DEMO_DATA_ONLY
SYN-REC-0107,Dakshin Steel Demo Works,LOC-FST-M16-80-G88-2,HEX BOLT M16 X 80MM CL 8.8,Fasteners,nos,Synthetic Process Systems,DEMO-PN-022-2,SYN-CAN-022,SYN-FST-M16-80-G88,abbreviation_capitalization,SYN-CAN-024,Same material family/category but differing technical specification; not equivalent.,SYNTHETIC_DEMO_DATA_ONLY
SYN-REC-0108,Narmada Power Demo Limited,LOC-FST-M16-80-G88-3,"bolt, hex-head; 80 mm; M16; grade-8.8",Fasteners,No.,Prototype Engineering Supply,DEMO-PN-022-3,SYN-CAN-022,SYN-FST-M16-80-G88,punctuation_reordered,SYN-CAN-024,Same material family/category but differing technical specification; not equivalent.,SYNTHETIC_DEMO_DATA_ONLY
SYN-REC-0109,Vindhya Engineering Demo Services,LOC-FST-M16-80-G88-4,8.8 property class carbon steel hexagonal screw M16 80 mm,Fasteners,each,DemoForge Industries,DEMO-PN-022-4,SYN-CAN-022,SYN-FST-M16-80-G88,equivalent_terminology,SYN-CAN-024,Same material family/category but differing technical specification; not equivalent.,SYNTHETIC_DEMO_DATA_ONLY
SYN-REC-0110,Astra Petrochem Demo Corporation,LOC-FST-M16-80-G88-5,Hex bolt M16 length 80 mm; verify grade 8.8,Fasteners,pcs,Prototype Engineering Supply,DEMO-PN-022-5,SYN-CAN-022,SYN-FST-M16-80-G88,near_duplicate_dimension,SYN-CAN-024,Same material family/category but differing technical specification; not equivalent.,SYNTHETIC_DEMO_DATA_ONLY
SYN-REC-0111,Dakshin Steel Demo Works,LOC-FST-M16-96-G109-1,Hex Head Bolt M16 x 96 mm Grade 10.9,Fasteners,each,Prototype Engineering Supply,DEMO-PN-023-1,SYN-CAN-023,SYN-FST-M16-96-G109,canonical_case,SYN-CAN-025,Same material family/category but differing technical specification; not equivalent.,SYNTHETIC_DEMO_DATA_ONLY
SYN-REC-0112,Narmada Power Demo Limited,LOC-FST-M16-96-G109-2,HEX BOLT M16 X 96MM CL 10.9,Fasteners,nos,DemoForge Industries,DEMO-PN-023-2,SYN-CAN-023,SYN-FST-M16-96-G109,abbreviation_capitalization,SYN-CAN-025,Same material family/category but differing technical specification; not equivalent.,SYNTHETIC_DEMO_DATA_ONLY
SYN-REC-0113,Vindhya Engineering Demo Services,LOC-FST-M16-96-G109-3,"bolt, hex-head; 96 mm; M16; grade-10.9",Fasteners,No.,Synthetic Process Systems,DEMO-PN-023-3,SYN-CAN-023,SYN-FST-M16-96-G109,punctuation_reordered,SYN-CAN-025,Same material family/category but differing technical specification; not equivalent.,SYNTHETIC_DEMO_DATA_ONLY
SYN-REC-0114,Astra Petrochem Demo Corporation,LOC-FST-M16-96-G109-4,10.9 property class carbon steel hexagonal screw M16 96 mm,Fasteners,each,Synthetic Process Systems,DEMO-PN-023-4,SYN-CAN-023,SYN-FST-M16-96-G109,equivalent_terminology,SYN-CAN-025,Same material family/category but differing technical specification; not equivalent.,SYNTHETIC_DEMO_DATA_ONLY
SYN-REC-0115,Bharat Thermal Demo Enterprise,LOC-FST-M16-96-G109-5,Hex bolt M16 length 96 mm; verify grade 10.9,Fasteners,pcs,Synthetic Process Systems,DEMO-PN-023-5,SYN-CAN-023,SYN-FST-M16-96-G109,near_duplicate_dimension,SYN-CAN-025,Same material family/category but differing technical specification; not equivalent.,SYNTHETIC_DEMO_DATA_ONLY
SYN-REC-0116,Narmada Power Demo Limited,LOC-FST-M16-112-G129-1,Hex Head Bolt M16 x 112 mm Grade 12.9,Fasteners,each,DemoForge Industries,DEMO-PN-024-1,SYN-CAN-024,SYN-FST-M16-112-G129,canonical_case,SYN-CAN-026,Same material family/category but differing technical specification; not equivalent.,SYNTHETIC_DEMO_DATA_ONLY
SYN-REC-0117,Vindhya Engineering Demo Services,LOC-FST-M16-112-G129-2,HEX BOLT M16 X 112MM CL 12.9,Fasteners,nos,Prototype Engineering Supply,DEMO-PN-024-2,SYN-CAN-024,SYN-FST-M16-112-G129,abbreviation_capitalization,SYN-CAN-026,Same material family/category but differing technical specification; not equivalent.,SYNTHETIC_DEMO_DATA_ONLY
SYN-REC-0118,Astra Petrochem Demo Corporation,LOC-FST-M16-112-G129-3,"bolt, hex-head; 112 mm; M16; grade-12.9",Fasteners,No.,Synthetic Process Systems,DEMO-PN-024-3,SYN-CAN-024,SYN-FST-M16-112-G129,punctuation_reordered,SYN-CAN-026,Same material family/category but differing technical specification; not equivalent.,SYNTHETIC_DEMO_DATA_ONLY
SYN-REC-0119,Bharat Thermal Demo Enterprise,LOC-FST-M16-112-G129-4,12.9 property class carbon steel hexagonal screw M16 112 mm,Fasteners,each,Synthetic Process Systems,DEMO-PN-024-4,SYN-CAN-024,SYN-FST-M16-112-G129,equivalent_terminology,SYN-CAN-026,Same material family/category but differing technical specification; not equivalent.,SYNTHETIC_DEMO_DATA_ONLY
SYN-REC-0120,Dakshin Steel Demo Works,LOC-FST-M16-112-G129-5,Hex bolt M16 length 112 mm; verify grade 12.9,Fasteners,pcs,Prototype Engineering Supply,DEMO-PN-024-5,SYN-CAN-024,SYN-FST-M16-112-G129,near_duplicate_dimension,SYN-CAN-026,Same material family/category but differing technical specification; not equivalent.,SYNTHETIC_DEMO_DATA_ONLY
SYN-REC-0121,Vindhya Engineering Demo Services,LOC-FST-M18-72-G46-1,Hex Head Bolt M18 x 72 mm Grade 4.6,Fasteners,each,Prototype Engineering Supply,DEMO-PN-025-1,SYN-CAN-025,SYN-FST-M18-72-G46,canonical_case,SYN-CAN-027,Same material family/category but differing technical specification; not equivalent.,SYNTHETIC_DEMO_DATA_ONLY
SYN-REC-0122,Astra Petrochem Demo Corporation,LOC-FST-M18-72-G46-2,HEX BOLT M18 X 72MM CL 4.6,Fasteners,nos,Synthetic Process Systems,DEMO-PN-025-2,SYN-CAN-025,SYN-FST-M18-72-G46,abbreviation_capitalization,SYN-CAN-027,Same material family/category but differing technical specification; not equivalent.,SYNTHETIC_DEMO_DATA_ONLY
SYN-REC-0123,Bharat Thermal Demo Enterprise,LOC-FST-M18-72-G46-3,"bolt, hex-head; 72 mm; M18; grade-4.6",Fasteners,No.,Prototype Engineering Supply,DEMO-PN-025-3,SYN-CAN-025,SYN-FST-M18-72-G46,punctuation_reordered,SYN-CAN-027,Same material family/category but differing technical specification; not equivalent.,SYNTHETIC_DEMO_DATA_ONLY
SYN-REC-0124,Dakshin Steel Demo Works,LOC-FST-M18-72-G46-4,4.6 property class carbon steel hexagonal screw M18 72 mm,Fasteners,each,Synthetic Process Systems,DEMO-PN-025-4,SYN-CAN-025,SYN-FST-M18-72-G46,equivalent_terminology,SYN-CAN-027,Same material family/category but differing technical specification; not equivalent.,SYNTHETIC_DEMO_DATA_ONLY
SYN-REC-0125,Narmada Power Demo Limited,LOC-FST-M18-72-G46-5,Hex bolt M18 length 72 mm; verify grade 4.6,Fasteners,pcs,Prototype Engineering Supply,DEMO-PN-025-5,SYN-CAN-025,SYN-FST-M18-72-G46,near_duplicate_dimension,SYN-CAN-027,Same material family/category but differing technical specification; not equivalent.,SYNTHETIC_DEMO_DATA_ONLY
SYN-REC-0126,Astra Petrochem Demo Corporation,LOC-FST-M18-90-G88-1,Hex Head Bolt M18 x 90 mm Grade 8.8,Fasteners,each,DemoForge Industries,DEMO-PN-026-1,SYN-CAN-026,SYN-FST-M18-90-G88,canonical_case,SYN-CAN-028,Same material family/category but differing technical specification; not equivalent.,SYNTHETIC_DEMO_DATA_ONLY
SYN-REC-0127,Bharat Thermal Demo Enterprise,LOC-FST-M18-90-G88-2,HEX BOLT M18 X 90MM CL 8.8,Fasteners,nos,DemoForge Industries,DEMO-PN-026-2,SYN-CAN-026,SYN-FST-M18-90-G88,abbreviation_capitalization,SYN-CAN-028,Same material family/category but differing technical specification; not equivalent.,SYNTHETIC_DEMO_DATA_ONLY
SYN-REC-0128,Dakshin Steel Demo Works,LOC-FST-M18-90-G88-3,"bolt, hex-head; 90 mm; M18; grade-8.8",Fasteners,No.,DemoForge Industries,DEMO-PN-026-3,SYN-CAN-026,SYN-FST-M18-90-G88,punctuation_reordered,SYN-CAN-028,Same material family/category but differing technical specification; not equivalent.,SYNTHETIC_DEMO_DATA_ONLY
SYN-REC-0129,Narmada Power Demo Limited,LOC-FST-M18-90-G88-4,8.8 property class carbon steel hexagonal screw M18 90 mm,Fasteners,each,Prototype Engineering Supply,DEMO-PN-026-4,SYN-CAN-026,SYN-FST-M18-90-G88,equivalent_terminology,SYN-CAN-028,Same material family/category but differing technical specification; not equivalent.,SYNTHETIC_DEMO_DATA_ONLY
SYN-REC-0130,Vindhya Engineering Demo Services,LOC-FST-M18-90-G88-5,Hex bolt M18 length 90 mm; verify grade 8.8,Fasteners,pcs,DemoForge Industries,DEMO-PN-026-5,SYN-CAN-026,SYN-FST-M18-90-G88,near_duplicate_dimension,SYN-CAN-028,Same material family/category but differing technical specification; not equivalent.,SYNTHETIC_DEMO_DATA_ONLY
SYN-REC-0131,Bharat Thermal Demo Enterprise,LOC-FST-M18-108-G109-1,Hex Head Bolt M18 x 108 mm Grade 10.9,Fasteners,each,Prototype Engineering Supply,DEMO-PN-027-1,SYN-CAN-027,SYN-FST-M18-108-G109,canonical_case,SYN-CAN-029,Same material family/category but differing technical specification; not equivalent.,SYNTHETIC_DEMO_DATA_ONLY
SYN-REC-0132,Dakshin Steel Demo Works,LOC-FST-M18-108-G109-2,HEX BOLT M18 X 108MM CL 10.9,Fasteners,nos,Synthetic Process Systems,DEMO-PN-027-2,SYN-CAN-027,SYN-FST-M18-108-G109,abbreviation_capitalization,SYN-CAN-029,Same material family/category but differing technical specification; not equivalent.,SYNTHETIC_DEMO_DATA_ONLY
SYN-REC-0133,Narmada Power Demo Limited,LOC-FST-M18-108-G109-3,"bolt, hex-head; 108 mm; M18; grade-10.9",Fasteners,No.,Synthetic Process Systems,DEMO-PN-027-3,SYN-CAN-027,SYN-FST-M18-108-G109,punctuation_reordered,SYN-CAN-029,Same material family/category but differing technical specification; not equivalent.,SYNTHETIC_DEMO_DATA_ONLY
SYN-REC-0134,Vindhya Engineering Demo Services,LOC-FST-M18-108-G109-4,10.9 property class carbon steel hexagonal screw M18 108 mm,Fasteners,each,DemoForge Industries,DEMO-PN-027-4,SYN-CAN-027,SYN-FST-M18-108-G109,equivalent_terminology,SYN-CAN-029,Same material family/category but differing technical specification; not equivalent.,SYNTHETIC_DEMO_DATA_ONLY
SYN-REC-0135,Astra Petrochem Demo Corporation,LOC-FST-M18-108-G109-5,Hex bolt M18 length 108 mm; verify grade 10.9,Fasteners,pcs,Synthetic Process Systems,DEMO-PN-027-5,SYN-CAN-027,SYN-FST-M18-108-G109,near_duplicate_dimension,SYN-CAN-029,Same material family/category but differing technical specification; not equivalent.,SYNTHETIC_DEMO_DATA_ONLY
SYN-REC-0136,Dakshin Steel Demo Works,LOC-FST-M18-126-G129-1,Hex Head Bolt M18 x 126 mm Grade 12.9,Fasteners,each,Synthetic Process Systems,DEMO-PN-028-1,SYN-CAN-028,SYN-FST-M18-126-G129,canonical_case,SYN-CAN-030,Same material family/category but differing technical specification; not equivalent.,SYNTHETIC_DEMO_DATA_ONLY
SYN-REC-0137,Narmada Power Demo Limited,LOC-FST-M18-126-G129-2,HEX BOLT M18 X 126MM CL 12.9,Fasteners,nos,DemoForge Industries,DEMO-PN-028-2,SYN-CAN-028,SYN-FST-M18-126-G129,abbreviation_capitalization,SYN-CAN-030,Same material family/category but differing technical specification; not equivalent.,SYNTHETIC_DEMO_DATA_ONLY
SYN-REC-0138,Vindhya Engineering Demo Services,LOC-FST-M18-126-G129-3,"bolt, hex-head; 126 mm; M18; grade-12.9",Fasteners,No.,Prototype Engineering Supply,DEMO-PN-028-3,SYN-CAN-028,SYN-FST-M18-126-G129,punctuation_reordered,SYN-CAN-030,Same material family/category but differing technical specification; not equivalent.,SYNTHETIC_DEMO_DATA_ONLY
SYN-REC-0139,Astra Petrochem Demo Corporation,LOC-FST-M18-126-G129-4,12.9 property class carbon steel hexagonal screw M18 126 mm,Fasteners,each,DemoForge Industries,DEMO-PN-028-4,SYN-CAN-028,SYN-FST-M18-126-G129,equivalent_terminology,SYN-CAN-030,Same material family/category but differing technical specification; not equivalent.,SYNTHETIC_DEMO_DATA_ONLY
SYN-REC-0140,Bharat Thermal Demo Enterprise,LOC-FST-M18-126-G129-5,Hex bolt M18 length 126 mm; verify grade 12.9,Fasteners,pcs,Synthetic Process Systems,DEMO-PN-028-5,SYN-CAN-028,SYN-FST-M18-126-G129,near_duplicate_dimension,SYN-CAN-030,Same material family/category but differing technical specification; not equivalent.,SYNTHETIC_DEMO_DATA_ONLY
SYN-REC-0141,Narmada Power Demo Limited,LOC-FST-M20-80-G46-1,Hex Head Bolt M20 x 80 mm Grade 4.6,Fasteners,each,Prototype Engineering Supply,DEMO-PN-029-1,SYN-CAN-029,SYN-FST-M20-80-G46,canonical_case,SYN-CAN-031,Same material family/category but differing technical specification; not equivalent.,SYNTHETIC_DEMO_DATA_ONLY
SYN-REC-0142,Vindhya Engineering Demo Services,LOC-FST-M20-80-G46-2,HEX BOLT M20 X 80MM CL 4.6,Fasteners,nos,Synthetic Process Systems,DEMO-PN-029-2,SYN-CAN-029,SYN-FST-M20-80-G46,abbreviation_capitalization,SYN-CAN-031,Same material family/category but differing technical specification; not equivalent.,SYNTHETIC_DEMO_DATA_ONLY
SYN-REC-0143,Astra Petrochem Demo Corporation,LOC-FST-M20-80-G46-3,"bolt, hex-head; 80 mm; M20; grade-4.6",Fasteners,No.,Synthetic Process Systems,DEMO-PN-029-3,SYN-CAN-029,SYN-FST-M20-80-G46,punctuation_reordered,SYN-CAN-031,Same material family/category but differing technical specification; not equivalent.,SYNTHETIC_DEMO_DATA_ONLY
SYN-REC-0144,Bharat Thermal Demo Enterprise,LOC-FST-M20-80-G46-4,4.6 property class carbon steel hexagonal screw M20 80 mm,Fasteners,each,Prototype Engineering Supply,DEMO-PN-029-4,SYN-CAN-029,SYN-FST-M20-80-G46,equivalent_terminology,SYN-CAN-031,Same material family/category but differing technical specification; not equivalent.,SYNTHETIC_DEMO_DATA_ONLY
SYN-REC-0145,Dakshin Steel Demo Works,LOC-FST-M20-80-G46-5,Hex bolt M20 length 80 mm; verify grade 4.6,Fasteners,pcs,Synthetic Process Systems,DEMO-PN-029-5,SYN-CAN-029,SYN-FST-M20-80-G46,near_duplicate_dimension,SYN-CAN-031,Same material family/category but differing technical specification; not equivalent.,SYNTHETIC_DEMO_DATA_ONLY
SYN-REC-0146,Vindhya Engineering Demo Services,LOC-FST-M20-100-G88-1,Hex Head Bolt M20 x 100 mm Grade 8.8,Fasteners,each,Synthetic Process Systems,DEMO-PN-030-1,SYN-CAN-030,SYN-FST-M20-100-G88,canonical_case,SYN-CAN-032,Same material family/category but differing technical specification; not equivalent.,SYNTHETIC_DEMO_DATA_ONLY
SYN-REC-0147,Astra Petrochem Demo Corporation,LOC-FST-M20-100-G88-2,HEX BOLT M20 X 100MM CL 8.8,Fasteners,nos,DemoForge Industries,DEMO-PN-030-2,SYN-CAN-030,SYN-FST-M20-100-G88,abbreviation_capitalization,SYN-CAN-032,Same material family/category but differing technical specification; not equivalent.,SYNTHETIC_DEMO_DATA_ONLY
SYN-REC-0148,Bharat Thermal Demo Enterprise,LOC-FST-M20-100-G88-3,"bolt, hex-head; 100 mm; M20; grade-8.8",Fasteners,No.,DemoForge Industries,DEMO-PN-030-3,SYN-CAN-030,SYN-FST-M20-100-G88,punctuation_reordered,SYN-CAN-032,Same material family/category but differing technical specification; not equivalent.,SYNTHETIC_DEMO_DATA_ONLY
SYN-REC-0149,Dakshin Steel Demo Works,LOC-FST-M20-100-G88-4,8.8 property class carbon steel hexagonal screw M20 100 mm,Fasteners,each,Synthetic Process Systems,DEMO-PN-030-4,SYN-CAN-030,SYN-FST-M20-100-G88,equivalent_terminology,SYN-CAN-032,Same material family/category but differing technical specification; not equivalent.,SYNTHETIC_DEMO_DATA_ONLY
SYN-REC-0150,Narmada Power Demo Limited,LOC-FST-M20-100-G88-5,Hex bolt M20 length 100 mm; verify grade 8.8,Fasteners,pcs,Synthetic Process Systems,DEMO-PN-030-5,SYN-CAN-030,SYN-FST-M20-100-G88,near_duplicate_dimension,SYN-CAN-032,Same material family/category but differing technical specification; not equivalent.,SYNTHETIC_DEMO_DATA_ONLY
SYN-REC-0151,Astra Petrochem Demo Corporation,LOC-FST-M20-120-G109-1,Hex Head Bolt M20 x 120 mm Grade 10.9,Fasteners,each,Prototype Engineering Supply,DEMO-PN-031-1,SYN-CAN-031,SYN-FST-M20-120-G109,canonical_case,SYN-CAN-033,Same material family/category but differing technical specification; not equivalent.,SYNTHETIC_DEMO_DATA_ONLY
SYN-REC-0152,Bharat Thermal Demo Enterprise,LOC-FST-M20-120-G109-2,HEX BOLT M20 X 120MM CL 10.9,Fasteners,nos,Synthetic Process Systems,DEMO-PN-031-2,SYN-CAN-031,SYN-FST-M20-120-G109,abbreviation_capitalization,SYN-CAN-033,Same material family/category but differing technical specification; not equivalent.,SYNTHETIC_DEMO_DATA_ONLY
SYN-REC-0153,Dakshin Steel Demo Works,LOC-FST-M20-120-G109-3,"bolt, hex-head; 120 mm; M20; grade-10.9",Fasteners,No.,Synthetic Process Systems,DEMO-PN-031-3,SYN-CAN-031,SYN-FST-M20-120-G109,punctuation_reordered,SYN-CAN-033,Same material family/category but differing technical specification; not equivalent.,SYNTHETIC_DEMO_DATA_ONLY
SYN-REC-0154,Narmada Power Demo Limited,LOC-FST-M20-120-G109-4,10.9 property class carbon steel hexagonal screw M20 120 mm,Fasteners,each,Prototype Engineering Supply,DEMO-PN-031-4,SYN-CAN-031,SYN-FST-M20-120-G109,equivalent_terminology,SYN-CAN-033,Same material family/category but differing technical specification; not equivalent.,SYNTHETIC_DEMO_DATA_ONLY
SYN-REC-0155,Vindhya Engineering Demo Services,LOC-FST-M20-120-G109-5,Hex bolt M20 length 120 mm; verify grade 10.9,Fasteners,pcs,Prototype Engineering Supply,DEMO-PN-031-5,SYN-CAN-031,SYN-FST-M20-120-G109,near_duplicate_dimension,SYN-CAN-033,Same material family/category but differing technical specification; not equivalent.,SYNTHETIC_DEMO_DATA_ONLY
SYN-REC-0156,Bharat Thermal Demo Enterprise,LOC-FST-M20-140-G129-1,Hex Head Bolt M20 x 140 mm Grade 12.9,Fasteners,each,DemoForge Industries,DEMO-PN-032-1,SYN-CAN-032,SYN-FST-M20-140-G129,canonical_case,SYN-CAN-034,Same material family/category but differing technical specification; not equivalent.,SYNTHETIC_DEMO_DATA_ONLY
SYN-REC-0157,Dakshin Steel Demo Works,LOC-FST-M20-140-G129-2,HEX BOLT M20 X 140MM CL 12.9,Fasteners,nos,Prototype Engineering Supply,DEMO-PN-032-2,SYN-CAN-032,SYN-FST-M20-140-G129,abbreviation_capitalization,SYN-CAN-034,Same material family/category but differing technical specification; not equivalent.,SYNTHETIC_DEMO_DATA_ONLY
SYN-REC-0158,Narmada Power Demo Limited,LOC-FST-M20-140-G129-3,"bolt, hex-head; 140 mm; M20; grade-12.9",Fasteners,No.,Synthetic Process Systems,DEMO-PN-032-3,SYN-CAN-032,SYN-FST-M20-140-G129,punctuation_reordered,SYN-CAN-034,Same material family/category but differing technical specification; not equivalent.,SYNTHETIC_DEMO_DATA_ONLY
SYN-REC-0159,Vindhya Engineering Demo Services,LOC-FST-M20-140-G129-4,12.9 property class carbon steel hexagonal screw M20 140 mm,Fasteners,each,DemoForge Industries,DEMO-PN-032-4,SYN-CAN-032,SYN-FST-M20-140-G129,equivalent_terminology,SYN-CAN-034,Same material family/category but differing technical specification; not equivalent.,SYNTHETIC_DEMO_DATA_ONLY
SYN-REC-0160,Astra Petrochem Demo Corporation,LOC-FST-M20-140-G129-5,Hex bolt M20 length 140 mm; verify grade 12.9,Fasteners,pcs,Prototype Engineering Supply,DEMO-PN-032-5,SYN-CAN-032,SYN-FST-M20-140-G129,near_duplicate_dimension,SYN-CAN-034,Same material family/category but differing technical specification; not equivalent.,SYNTHETIC_DEMO_DATA_ONLY
SYN-REC-0161,Dakshin Steel Demo Works,LOC-FST-M22-88-G46-1,Hex Head Bolt M22 x 88 mm Grade 4.6,Fasteners,each,DemoForge Industries,DEMO-PN-033-1,SYN-CAN-033,SYN-FST-M22-88-G46,canonical_case,SYN-CAN-035,Same material family/category but differing technical specification; not equivalent.,SYNTHETIC_DEMO_DATA_ONLY
SYN-REC-0162,Narmada Power Demo Limited,LOC-FST-M22-88-G46-2,HEX BOLT M22 X 88MM CL 4.6,Fasteners,nos,Prototype Engineering Supply,DEMO-PN-033-2,SYN-CAN-033,SYN-FST-M22-88-G46,abbreviation_capitalization,SYN-CAN-035,Same material family/category but differing technical specification; not equivalent.,SYNTHETIC_DEMO_DATA_ONLY
SYN-REC-0163,Vindhya Engineering Demo Services,LOC-FST-M22-88-G46-3,"bolt, hex-head; 88 mm; M22; grade-4.6",Fasteners,No.,Synthetic Process Systems,DEMO-PN-033-3,SYN-CAN-033,SYN-FST-M22-88-G46,punctuation_reordered,SYN-CAN-035,Same material family/category but differing technical specification; not equivalent.,SYNTHETIC_DEMO_DATA_ONLY
SYN-REC-0164,Astra Petrochem Demo Corporation,LOC-FST-M22-88-G46-4,4.6 property class carbon steel hexagonal screw M22 88 mm,Fasteners,each,DemoForge Industries,DEMO-PN-033-4,SYN-CAN-033,SYN-FST-M22-88-G46,equivalent_terminology,SYN-CAN-035,Same material family/category but differing technical specification; not equivalent.,SYNTHETIC_DEMO_DATA_ONLY
SYN-REC-0165,Bharat Thermal Demo Enterprise,LOC-FST-M22-88-G46-5,Hex bolt M22 length 88 mm; verify grade 4.6,Fasteners,pcs,DemoForge Industries,DEMO-PN-033-5,SYN-CAN-033,SYN-FST-M22-88-G46,near_duplicate_dimension,SYN-CAN-035,Same material family/category but differing technical specification; not equivalent.,SYNTHETIC_DEMO_DATA_ONLY
SYN-REC-0166,Narmada Power Demo Limited,LOC-FST-M22-110-G88-1,Hex Head Bolt M22 x 110 mm Grade 8.8,Fasteners,each,DemoForge Industries,DEMO-PN-034-1,SYN-CAN-034,SYN-FST-M22-110-G88,canonical_case,SYN-CAN-036,Same material family/category but differing technical specification; not equivalent.,SYNTHETIC_DEMO_DATA_ONLY
SYN-REC-0167,Vindhya Engineering Demo Services,LOC-FST-M22-110-G88-2,HEX BOLT M22 X 110MM CL 8.8,Fasteners,nos,DemoForge Industries,DEMO-PN-034-2,SYN-CAN-034,SYN-FST-M22-110-G88,abbreviation_capitalization,SYN-CAN-036,Same material family/category but differing technical specification; not equivalent.,SYNTHETIC_DEMO_DATA_ONLY
SYN-REC-0168,Astra Petrochem Demo Corporation,LOC-FST-M22-110-G88-3,"bolt, hex-head; 110 mm; M22; grade-8.8",Fasteners,No.,Synthetic Process Systems,DEMO-PN-034-3,SYN-CAN-034,SYN-FST-M22-110-G88,punctuation_reordered,SYN-CAN-036,Same material family/category but differing technical specification; not equivalent.,SYNTHETIC_DEMO_DATA_ONLY
SYN-REC-0169,Bharat Thermal Demo Enterprise,LOC-FST-M22-110-G88-4,8.8 property class carbon steel hexagonal screw M22 110 mm,Fasteners,each,Synthetic Process Systems,DEMO-PN-034-4,SYN-CAN-034,SYN-FST-M22-110-G88,equivalent_terminology,SYN-CAN-036,Same material family/category but differing technical specification; not equivalent.,SYNTHETIC_DEMO_DATA_ONLY
SYN-REC-0170,Dakshin Steel Demo Works,LOC-FST-M22-110-G88-5,Hex bolt M22 length 110 mm; verify grade 8.8,Fasteners,pcs,Synthetic Process Systems,DEMO-PN-034-5,SYN-CAN-034,SYN-FST-M22-110-G88,near_duplicate_dimension,SYN-CAN-036,Same material family/category but differing technical specification; not equivalent.,SYNTHETIC_DEMO_DATA_ONLY
SYN-REC-0171,Vindhya Engineering Demo Services,LOC-FST-M22-132-G109-1,Hex Head Bolt M22 x 132 mm Grade 10.9,Fasteners,each,Synthetic Process Systems,DEMO-PN-035-1,SYN-CAN-035,SYN-FST-M22-132-G109,canonical_case,SYN-CAN-037,Same material family/category but differing technical specification; not equivalent.,SYNTHETIC_DEMO_DATA_ONLY
SYN-REC-0172,Astra Petrochem Demo Corporation,LOC-FST-M22-132-G109-2,HEX BOLT M22 X 132MM CL 10.9,Fasteners,nos,Synthetic Process Systems,DEMO-PN-035-2,SYN-CAN-035,SYN-FST-M22-132-G109,abbreviation_capitalization,SYN-CAN-037,Same material family/category but differing technical specification; not equivalent.,SYNTHETIC_DEMO_DATA_ONLY
SYN-REC-0173,Bharat Thermal Demo Enterprise,LOC-FST-M22-132-G109-3,"bolt, hex-head; 132 mm; M22; grade-10.9",Fasteners,No.,DemoForge Industries,DEMO-PN-035-3,SYN-CAN-035,SYN-FST-M22-132-G109,punctuation_reordered,SYN-CAN-037,Same material family/category but differing technical specification; not equivalent.,SYNTHETIC_DEMO_DATA_ONLY
SYN-REC-0174,Dakshin Steel Demo Works,LOC-FST-M22-132-G109-4,10.9 property class carbon steel hexagonal screw M22 132 mm,Fasteners,each,Synthetic Process Systems,DEMO-PN-035-4,SYN-CAN-035,SYN-FST-M22-132-G109,equivalent_terminology,SYN-CAN-037,Same material family/category but differing technical specification; not equivalent.,SYNTHETIC_DEMO_DATA_ONLY
SYN-REC-0175,Narmada Power Demo Limited,LOC-FST-M22-132-G109-5,Hex bolt M22 length 132 mm; verify grade 10.9,Fasteners,pcs,Synthetic Process Systems,DEMO-PN-035-5,SYN-CAN-035,SYN-FST-M22-132-G109,near_duplicate_dimension,SYN-CAN-037,Same material family/category but differing technical specification; not equivalent.,SYNTHETIC_DEMO_DATA_ONLY
SYN-REC-0176,Astra Petrochem Demo Corporation,LOC-FST-M22-154-G129-1,Hex Head Bolt M22 x 154 mm Grade 12.9,Fasteners,each,DemoForge Industries,DEMO-PN-036-1,SYN-CAN-036,SYN-FST-M22-154-G129,canonical_case,SYN-CAN-038,Same material family/category but differing technical specification; not equivalent.,SYNTHETIC_DEMO_DATA_ONLY
SYN-REC-0177,Bharat Thermal Demo Enterprise,LOC-FST-M22-154-G129-2,HEX BOLT M22 X 154MM CL 12.9,Fasteners,nos,Synthetic Process Systems,DEMO-PN-036-2,SYN-CAN-036,SYN-FST-M22-154-G129,abbreviation_capitalization,SYN-CAN-038,Same material family/category but differing technical specification; not equivalent.,SYNTHETIC_DEMO_DATA_ONLY
SYN-REC-0178,Dakshin Steel Demo Works,LOC-FST-M22-154-G129-3,"bolt, hex-head; 154 mm; M22; grade-12.9",Fasteners,No.,Prototype Engineering Supply,DEMO-PN-036-3,SYN-CAN-036,SYN-FST-M22-154-G129,punctuation_reordered,SYN-CAN-038,Same material family/category but differing technical specification; not equivalent.,SYNTHETIC_DEMO_DATA_ONLY
SYN-REC-0179,Narmada Power Demo Limited,LOC-FST-M22-154-G129-4,12.9 property class carbon steel hexagonal screw M22 154 mm,Fasteners,each,Prototype Engineering Supply,DEMO-PN-036-4,SYN-CAN-036,SYN-FST-M22-154-G129,equivalent_terminology,SYN-CAN-038,Same material family/category but differing technical specification; not equivalent.,SYNTHETIC_DEMO_DATA_ONLY
SYN-REC-0180,Vindhya Engineering Demo Services,LOC-FST-M22-154-G129-5,Hex bolt M22 length 154 mm; verify grade 12.9,Fasteners,pcs,Synthetic Process Systems,DEMO-PN-036-5,SYN-CAN-036,SYN-FST-M22-154-G129,near_duplicate_dimension,SYN-CAN-038,Same material family/category but differing technical specification; not equivalent.,SYNTHETIC_DEMO_DATA_ONLY
SYN-REC-0181,Bharat Thermal Demo Enterprise,LOC-FST-M24-96-G46-1,Hex Head Bolt M24 x 96 mm Grade 4.6,Fasteners,each,DemoForge Industries,DEMO-PN-037-1,SYN-CAN-037,SYN-FST-M24-96-G46,canonical_case,SYN-CAN-039,Same material family/category but differing technical specification; not equivalent.,SYNTHETIC_DEMO_DATA_ONLY
SYN-REC-0182,Dakshin Steel Demo Works,LOC-FST-M24-96-G46-2,HEX BOLT M24 X 96MM CL 4.6,Fasteners,nos,DemoForge Industries,DEMO-PN-037-2,SYN-CAN-037,SYN-FST-M24-96-G46,abbreviation_capitalization,SYN-CAN-039,Same material family/category but differing technical specification; not equivalent.,SYNTHETIC_DEMO_DATA_ONLY
SYN-REC-0183,Narmada Power Demo Limited,LOC-FST-M24-96-G46-3,"bolt, hex-head; 96 mm; M24; grade-4.6",Fasteners,No.,DemoForge Industries,DEMO-PN-037-3,SYN-CAN-037,SYN-FST-M24-96-G46,punctuation_reordered,SYN-CAN-039,Same material family/category but differing technical specification; not equivalent.,SYNTHETIC_DEMO_DATA_ONLY
SYN-REC-0184,Vindhya Engineering Demo Services,LOC-FST-M24-96-G46-4,4.6 property class carbon steel hexagonal screw M24 96 mm,Fasteners,each,Prototype Engineering Supply,DEMO-PN-037-4,SYN-CAN-037,SYN-FST-M24-96-G46,equivalent_terminology,SYN-CAN-039,Same material family/category but differing technical specification; not equivalent.,SYNTHETIC_DEMO_DATA_ONLY
SYN-REC-0185,Astra Petrochem Demo Corporation,LOC-FST-M24-96-G46-5,Hex bolt M24 length 96 mm; verify grade 4.6,Fasteners,pcs,DemoForge Industries,DEMO-PN-037-5,SYN-CAN-037,SYN-FST-M24-96-G46,near_duplicate_dimension,SYN-CAN-039,Same material family/category but differing technical specification; not equivalent.,SYNTHETIC_DEMO_DATA_ONLY
SYN-REC-0186,Dakshin Steel Demo Works,LOC-FST-M24-120-G88-1,Hex Head Bolt M24 x 120 mm Grade 8.8,Fasteners,each,DemoForge Industries,DEMO-PN-038-1,SYN-CAN-038,SYN-FST-M24-120-G88,canonical_case,SYN-CAN-040,Same material family/category but differing technical specification; not equivalent.,SYNTHETIC_DEMO_DATA_ONLY
SYN-REC-0187,Narmada Power Demo Limited,LOC-FST-M24-120-G88-2,HEX BOLT M24 X 120MM CL 8.8,Fasteners,nos,Prototype Engineering Supply,DEMO-PN-038-2,SYN-CAN-038,SYN-FST-M24-120-G88,abbreviation_capitalization,SYN-CAN-040,Same material family/category but differing technical specification; not equivalent.,SYNTHETIC_DEMO_DATA_ONLY
SYN-REC-0188,Vindhya Engineering Demo Services,LOC-FST-M24-120-G88-3,"bolt, hex-head; 120 mm; M24; grade-8.8",Fasteners,No.,Synthetic Process Systems,DEMO-PN-038-3,SYN-CAN-038,SYN-FST-M24-120-G88,punctuation_reordered,SYN-CAN-040,Same material family/category but differing technical specification; not equivalent.,SYNTHETIC_DEMO_DATA_ONLY
SYN-REC-0189,Astra Petrochem Demo Corporation,LOC-FST-M24-120-G88-4,8.8 property class carbon steel hexagonal screw M24 120 mm,Fasteners,each,DemoForge Industries,DEMO-PN-038-4,SYN-CAN-038,SYN-FST-M24-120-G88,equivalent_terminology,SYN-CAN-040,Same material family/category but differing technical specification; not equivalent.,SYNTHETIC_DEMO_DATA_ONLY
SYN-REC-0190,Bharat Thermal Demo Enterprise,LOC-FST-M24-120-G88-5,Hex bolt M24 length 120 mm; verify grade 8.8,Fasteners,pcs,Synthetic Process Systems,DEMO-PN-038-5,SYN-CAN-038,SYN-FST-M24-120-G88,near_duplicate_dimension,SYN-CAN-040,Same material family/category but differing technical specification; not equivalent.,SYNTHETIC_DEMO_DATA_ONLY
SYN-REC-0191,Narmada Power Demo Limited,LOC-FST-M24-144-G109-1,Hex Head Bolt M24 x 144 mm Grade 10.9,Fasteners,each,Prototype Engineering Supply,DEMO-PN-039-1,SYN-CAN-039,SYN-FST-M24-144-G109,canonical_case,SYN-CAN-001,Same material family/category but differing technical specification; not equivalent.,SYNTHETIC_DEMO_DATA_ONLY
SYN-REC-0192,Vindhya Engineering Demo Services,LOC-FST-M24-144-G109-2,HEX BOLT M24 X 144MM CL 10.9,Fasteners,nos,Synthetic Process Systems,DEMO-PN-039-2,SYN-CAN-039,SYN-FST-M24-144-G109,abbreviation_capitalization,SYN-CAN-001,Same material family/category but differing technical specification; not equivalent.,SYNTHETIC_DEMO_DATA_ONLY
SYN-REC-0193,Astra Petrochem Demo Corporation,LOC-FST-M24-144-G109-3,"bolt, hex-head; 144 mm; M24; grade-10.9",Fasteners,No.,Synthetic Process Systems,DEMO-PN-039-3,SYN-CAN-039,SYN-FST-M24-144-G109,punctuation_reordered,SYN-CAN-001,Same material family/category but differing technical specification; not equivalent.,SYNTHETIC_DEMO_DATA_ONLY
SYN-REC-0194,Bharat Thermal Demo Enterprise,LOC-FST-M24-144-G109-4,10.9 property class carbon steel hexagonal screw M24 144 mm,Fasteners,each,Prototype Engineering Supply,DEMO-PN-039-4,SYN-CAN-039,SYN-FST-M24-144-G109,equivalent_terminology,SYN-CAN-001,Same material family/category but differing technical specification; not equivalent.,SYNTHETIC_DEMO_DATA_ONLY
SYN-REC-0195,Dakshin Steel Demo Works,LOC-FST-M24-144-G109-5,Hex bolt M24 length 144 mm; verify grade 10.9,Fasteners,pcs,Synthetic Process Systems,DEMO-PN-039-5,SYN-CAN-039,SYN-FST-M24-144-G109,near_duplicate_dimension,SYN-CAN-001,Same material family/category but differing technical specification; not equivalent.,SYNTHETIC_DEMO_DATA_ONLY
SYN-REC-0196,Vindhya Engineering Demo Services,LOC-FST-M24-168-G129-1,Hex Head Bolt M24 x 168 mm Grade 12.9,Fasteners,each,Prototype Engineering Supply,DEMO-PN-040-1,SYN-CAN-040,SYN-FST-M24-168-G129,canonical_case,SYN-CAN-002,Same material family/category but differing technical specification; not equivalent.,SYNTHETIC_DEMO_DATA_ONLY
SYN-REC-0197,Astra Petrochem Demo Corporation,LOC-FST-M24-168-G129-2,HEX BOLT M24 X 168MM CL 12.9,Fasteners,nos,Synthetic Process Systems,DEMO-PN-040-2,SYN-CAN-040,SYN-FST-M24-168-G129,abbreviation_capitalization,SYN-CAN-002,Same material family/category but differing technical specification; not equivalent.,SYNTHETIC_DEMO_DATA_ONLY
SYN-REC-0198,Bharat Thermal Demo Enterprise,LOC-FST-M24-168-G129-3,"bolt, hex-head; 168 mm; M24; grade-12.9",Fasteners,No.,DemoForge Industries,DEMO-PN-040-3,SYN-CAN-040,SYN-FST-M24-168-G129,punctuation_reordered,SYN-CAN-002,Same material family/category but differing technical specification; not equivalent.,SYNTHETIC_DEMO_DATA_ONLY
SYN-REC-0199,Dakshin Steel Demo Works,LOC-FST-M24-168-G129-4,12.9 property class carbon steel hexagonal screw M24 168 mm,Fasteners,each,Synthetic Process Systems,DEMO-PN-040-4,SYN-CAN-040,SYN-FST-M24-168-G129,equivalent_terminology,SYN-CAN-002,Same material family/category but differing technical specification; not equivalent.,SYNTHETIC_DEMO_DATA_ONLY
SYN-REC-0200,Narmada Power Demo Limited,LOC-FST-M24-168-G129-5,Hex bolt M24 length 168 mm; verify grade 12.9,Fasteners,pcs,DemoForge Industries,DEMO-PN-040-5,SYN-CAN-040,SYN-FST-M24-168-G129,near_duplicate_dimension,SYN-CAN-002,Same material family/category but differing technical specification; not equivalent.,SYNTHETIC_DEMO_DATA_ONLY
SYN-REC-0201,Astra Petrochem Demo Corporation,LOC-VLV-GAT-DN15-CL150-1,Gate Valve DN 15 Class 150 RF Flanged,Piping Valves,each,DemoForge Industries,DEMO-PN-041-1,SYN-CAN-041,SYN-VLV-GAT-DN15-CL150,canonical_case,SYN-CAN-044,Same material family/category but differing technical specification; not equivalent.,SYNTHETIC_DEMO_DATA_ONLY
SYN-REC-0202,Bharat Thermal Demo Enterprise,LOC-VLV-GAT-DN15-CL150-2,GATE VLV DN 15 CLASS 150 RF FLG,Piping Valves,nos,Prototype Engineering Supply,DEMO-PN-041-2,SYN-CAN-041,SYN-VLV-GAT-DN15-CL150,abbreviation_capitalization,SYN-CAN-044,Same material family/category but differing technical specification; not equivalent.,SYNTHETIC_DEMO_DATA_ONLY
SYN-REC-0203,Dakshin Steel Demo Works,LOC-VLV-GAT-DN15-CL150-3,valve; Class 150; RF flange; DN 15; gate,Piping Valves,No.,Synthetic Process Systems,DEMO-PN-041-3,SYN-CAN-041,SYN-VLV-GAT-DN15-CL150,punctuation_reordered,SYN-CAN-044,Same material family/category but differing technical specification; not equivalent.,SYNTHETIC_DEMO_DATA_ONLY
SYN-REC-0204,Narmada Power Demo Limited,LOC-VLV-GAT-DN15-CL150-4,"ASME B16.34 gate type, raised-face flanged, DN 15, Class 150",Piping Valves,each,Synthetic Process Systems,DEMO-PN-041-4,SYN-CAN-041,SYN-VLV-GAT-DN15-CL150,equivalent_terminology,SYN-CAN-044,Same material family/category but differing technical specification; not equivalent.,SYNTHETIC_DEMO_DATA_ONLY
SYN-REC-0205,Vindhya Engineering Demo Services,LOC-VLV-GAT-DN15-CL150-5,Gate valve DN 15 RF; pressure rating Class 150,Piping Valves,pcs,Synthetic Process Systems,DEMO-PN-041-5,SYN-CAN-041,SYN-VLV-GAT-DN15-CL150,near_duplicate_pressure_class,SYN-CAN-044,Same material family/category but differing technical specification; not equivalent.,SYNTHETIC_DEMO_DATA_ONLY
SYN-REC-0206,Bharat Thermal Demo Enterprise,LOC-VLV-GAT-DN15-CL300-1,Gate Valve DN 15 Class 300 RF Flanged,Piping Valves,each,Prototype Engineering Supply,DEMO-PN-042-1,SYN-CAN-042,SYN-VLV-GAT-DN15-CL300,canonical_case,SYN-CAN-045,Same material family/category but differing technical specification; not equivalent.,SYNTHETIC_DEMO_DATA_ONLY
SYN-REC-0207,Dakshin Steel Demo Works,LOC-VLV-GAT-DN15-CL300-2,GATE VLV DN 15 CLASS 300 RF FLG,Piping Valves,nos,Prototype Engineering Supply,DEMO-PN-042-2,SYN-CAN-042,SYN-VLV-GAT-DN15-CL300,abbreviation_capitalization,SYN-CAN-045,Same material family/category but differing technical specification; not equivalent.,SYNTHETIC_DEMO_DATA_ONLY
SYN-REC-0208,Narmada Power Demo Limited,LOC-VLV-GAT-DN15-CL300-3,valve; Class 300; RF flange; DN 15; gate,Piping Valves,No.,Synthetic Process Systems,DEMO-PN-042-3,SYN-CAN-042,SYN-VLV-GAT-DN15-CL300,punctuation_reordered,SYN-CAN-045,Same material family/category but differing technical specification; not equivalent.,SYNTHETIC_DEMO_DATA_ONLY
SYN-REC-0209,Vindhya Engineering Demo Services,LOC-VLV-GAT-DN15-CL300-4,"ASME B16.34 gate type, raised-face flanged, DN 15, Class 300",Piping Valves,each,DemoForge Industries,DEMO-PN-042-4,SYN-CAN-042,SYN-VLV-GAT-DN15-CL300,equivalent_terminology,SYN-CAN-045,Same material family/category but differing technical specification; not equivalent.,SYNTHETIC_DEMO_DATA_ONLY
SYN-REC-0210,Astra Petrochem Demo Corporation,LOC-VLV-GAT-DN15-CL300-5,Gate valve DN 15 RF; pressure rating Class 300,Piping Valves,pcs,Prototype Engineering Supply,DEMO-PN-042-5,SYN-CAN-042,SYN-VLV-GAT-DN15-CL300,near_duplicate_pressure_class,SYN-CAN-045,Same material family/category but differing technical specification; not equivalent.,SYNTHETIC_DEMO_DATA_ONLY
SYN-REC-0211,Dakshin Steel Demo Works,LOC-VLV-GAT-DN25-CL150-1,Gate Valve DN 25 Class 150 RF Flanged,Piping Valves,each,Prototype Engineering Supply,DEMO-PN-043-1,SYN-CAN-043,SYN-VLV-GAT-DN25-CL150,canonical_case,SYN-CAN-046,Same material family/category but differing technical specification; not equivalent.,SYNTHETIC_DEMO_DATA_ONLY
SYN-REC-0212,Narmada Power Demo Limited,LOC-VLV-GAT-DN25-CL150-2,GATE VLV DN 25 CLASS 150 RF FLG,Piping Valves,nos,Prototype Engineering Supply,DEMO-PN-043-2,SYN-CAN-043,SYN-VLV-GAT-DN25-CL150,abbreviation_capitalization,SYN-CAN-046,Same material family/category but differing technical specification; not equivalent.,SYNTHETIC_DEMO_DATA_ONLY
SYN-REC-0213,Vindhya Engineering Demo Services,LOC-VLV-GAT-DN25-CL150-3,valve; Class 150; RF flange; DN 25; gate,Piping Valves,No.,DemoForge Industries,DEMO-PN-043-3,SYN-CAN-043,SYN-VLV-GAT-DN25-CL150,punctuation_reordered,SYN-CAN-046,Same material family/category but differing technical specification; not equivalent.,SYNTHETIC_DEMO_DATA_ONLY
SYN-REC-0214,Astra Petrochem Demo Corporation,LOC-VLV-GAT-DN25-CL150-4,"ASME B16.34 gate type, raised-face flanged, DN 25, Class 150",Piping Valves,each,DemoForge Industries,DEMO-PN-043-4,SYN-CAN-043,SYN-VLV-GAT-DN25-CL150,equivalent_terminology,SYN-CAN-046,Same material family/category but differing technical specification; not equivalent.,SYNTHETIC_DEMO_DATA_ONLY
SYN-REC-0215,Bharat Thermal Demo Enterprise,LOC-VLV-GAT-DN25-CL150-5,Gate valve DN 25 RF; pressure rating Class 150,Piping Valves,pcs,DemoForge Industries,DEMO-PN-043-5,SYN-CAN-043,SYN-VLV-GAT-DN25-CL150,near_duplicate_pressure_class,SYN-CAN-046,Same material family/category but differing technical specification; not equivalent.,SYNTHETIC_DEMO_DATA_ONLY
SYN-REC-0216,Narmada Power Demo Limited,LOC-VLV-GAT-DN25-CL300-1,Gate Valve DN 25 Class 300 RF Flanged,Piping Valves,each,Synthetic Process Systems,DEMO-PN-044-1,SYN-CAN-044,SYN-VLV-GAT-DN25-CL300,canonical_case,SYN-CAN-047,Same material family/category but differing technical specification; not equivalent.,SYNTHETIC_DEMO_DATA_ONLY
SYN-REC-0217,Vindhya Engineering Demo Services,LOC-VLV-GAT-DN25-CL300-2,GATE VLV DN 25 CLASS 300 RF FLG,Piping Valves,nos,DemoForge Industries,DEMO-PN-044-2,SYN-CAN-044,SYN-VLV-GAT-DN25-CL300,abbreviation_capitalization,SYN-CAN-047,Same material family/category but differing technical specification; not equivalent.,SYNTHETIC_DEMO_DATA_ONLY
SYN-REC-0218,Astra Petrochem Demo Corporation,LOC-VLV-GAT-DN25-CL300-3,valve; Class 300; RF flange; DN 25; gate,Piping Valves,No.,DemoForge Industries,DEMO-PN-044-3,SYN-CAN-044,SYN-VLV-GAT-DN25-CL300,punctuation_reordered,SYN-CAN-047,Same material family/category but differing technical specification; not equivalent.,SYNTHETIC_DEMO_DATA_ONLY
SYN-REC-0219,Bharat Thermal Demo Enterprise,LOC-VLV-GAT-DN25-CL300-4,"ASME B16.34 gate type, raised-face flanged, DN 25, Class 300",Piping Valves,each,Prototype Engineering Supply,DEMO-PN-044-4,SYN-CAN-044,SYN-VLV-GAT-DN25-CL300,equivalent_terminology,SYN-CAN-047,Same material family/category but differing technical specification; not equivalent.,SYNTHETIC_DEMO_DATA_ONLY
SYN-REC-0220,Dakshin Steel Demo Works,LOC-VLV-GAT-DN25-CL300-5,Gate valve DN 25 RF; pressure rating Class 300,Piping Valves,pcs,Prototype Engineering Supply,DEMO-PN-044-5,SYN-CAN-044,SYN-VLV-GAT-DN25-CL300,near_duplicate_pressure_class,SYN-CAN-047,Same material family/category but differing technical specification; not equivalent.,SYNTHETIC_DEMO_DATA_ONLY
SYN-REC-0221,Vindhya Engineering Demo Services,LOC-VLV-GAT-DN40-CL150-1,Gate Valve DN 40 Class 150 RF Flanged,Piping Valves,each,Synthetic Process Systems,DEMO-PN-045-1,SYN-CAN-045,SYN-VLV-GAT-DN40-CL150,canonical_case,SYN-CAN-048,Same material family/category but differing technical specification; not equivalent.,SYNTHETIC_DEMO_DATA_ONLY
SYN-REC-0222,Astra Petrochem Demo Corporation,LOC-VLV-GAT-DN40-CL150-2,GATE VLV DN 40 CLASS 150 RF FLG,Piping Valves,nos,Prototype Engineering Supply,DEMO-PN-045-2,SYN-CAN-045,SYN-VLV-GAT-DN40-CL150,abbreviation_capitalization,SYN-CAN-048,Same material family/category but differing technical specification; not equivalent.,SYNTHETIC_DEMO_DATA_ONLY
SYN-REC-0223,Bharat Thermal Demo Enterprise,LOC-VLV-GAT-DN40-CL150-3,valve; Class 150; RF flange; DN 40; gate,Piping Valves,No.,Prototype Engineering Supply,DEMO-PN-045-3,SYN-CAN-045,SYN-VLV-GAT-DN40-CL150,punctuation_reordered,SYN-CAN-048,Same material family/category but differing technical specification; not equivalent.,SYNTHETIC_DEMO_DATA_ONLY
SYN-REC-0224,Dakshin Steel Demo Works,LOC-VLV-GAT-DN40-CL150-4,"ASME B16.34 gate type, raised-face flanged, DN 40, Class 150",Piping Valves,each,Synthetic Process Systems,DEMO-PN-045-4,SYN-CAN-045,SYN-VLV-GAT-DN40-CL150,equivalent_terminology,SYN-CAN-048,Same material family/category but differing technical specification; not equivalent.,SYNTHETIC_DEMO_DATA_ONLY
SYN-REC-0225,Narmada Power Demo Limited,LOC-VLV-GAT-DN40-CL150-5,Gate valve DN 40 RF; pressure rating Class 150,Piping Valves,pcs,DemoForge Industries,DEMO-PN-045-5,SYN-CAN-045,SYN-VLV-GAT-DN40-CL150,near_duplicate_pressure_class,SYN-CAN-048,Same material family/category but differing technical specification; not equivalent.,SYNTHETIC_DEMO_DATA_ONLY
SYN-REC-0226,Astra Petrochem Demo Corporation,LOC-VLV-GAT-DN40-CL300-1,Gate Valve DN 40 Class 300 RF Flanged,Piping Valves,each,DemoForge Industries,DEMO-PN-046-1,SYN-CAN-046,SYN-VLV-GAT-DN40-CL300,canonical_case,SYN-CAN-049,Same material family/category but differing technical specification; not equivalent.,SYNTHETIC_DEMO_DATA_ONLY
SYN-REC-0227,Bharat Thermal Demo Enterprise,LOC-VLV-GAT-DN40-CL300-2,GATE VLV DN 40 CLASS 300 RF FLG,Piping Valves,nos,Synthetic Process Systems,DEMO-PN-046-2,SYN-CAN-046,SYN-VLV-GAT-DN40-CL300,abbreviation_capitalization,SYN-CAN-049,Same material family/category but differing technical specification; not equivalent.,SYNTHETIC_DEMO_DATA_ONLY
SYN-REC-0228,Dakshin Steel Demo Works,LOC-VLV-GAT-DN40-CL300-3,valve; Class 300; RF flange; DN 40; gate,Piping Valves,No.,DemoForge Industries,DEMO-PN-046-3,SYN-CAN-046,SYN-VLV-GAT-DN40-CL300,punctuation_reordered,SYN-CAN-049,Same material family/category but differing technical specification; not equivalent.,SYNTHETIC_DEMO_DATA_ONLY
SYN-REC-0229,Narmada Power Demo Limited,LOC-VLV-GAT-DN40-CL300-4,"ASME B16.34 gate type, raised-face flanged, DN 40, Class 300",Piping Valves,each,Prototype Engineering Supply,DEMO-PN-046-4,SYN-CAN-046,SYN-VLV-GAT-DN40-CL300,equivalent_terminology,SYN-CAN-049,Same material family/category but differing technical specification; not equivalent.,SYNTHETIC_DEMO_DATA_ONLY
SYN-REC-0230,Vindhya Engineering Demo Services,LOC-VLV-GAT-DN40-CL300-5,Gate valve DN 40 RF; pressure rating Class 300,Piping Valves,pcs,DemoForge Industries,DEMO-PN-046-5,SYN-CAN-046,SYN-VLV-GAT-DN40-CL300,near_duplicate_pressure_class,SYN-CAN-049,Same material family/category but differing technical specification; not equivalent.,SYNTHETIC_DEMO_DATA_ONLY
SYN-REC-0231,Bharat Thermal Demo Enterprise,LOC-VLV-GAT-DN50-CL150-1,Gate Valve DN 50 Class 150 RF Flanged,Piping Valves,each,DemoForge Industries,DEMO-PN-047-1,SYN-CAN-047,SYN-VLV-GAT-DN50-CL150,canonical_case,SYN-CAN-050,Same material family/category but differing technical specification; not equivalent.,SYNTHETIC_DEMO_DATA_ONLY
SYN-REC-0232,Dakshin Steel Demo Works,LOC-VLV-GAT-DN50-CL150-2,GATE VLV DN 50 CLASS 150 RF FLG,Piping Valves,nos,Synthetic Process Systems,DEMO-PN-047-2,SYN-CAN-047,SYN-VLV-GAT-DN50-CL150,abbreviation_capitalization,SYN-CAN-050,Same material family/category but differing technical specification; not equivalent.,SYNTHETIC_DEMO_DATA_ONLY
SYN-REC-0233,Narmada Power Demo Limited,LOC-VLV-GAT-DN50-CL150-3,valve; Class 150; RF flange; DN 50; gate,Piping Valves,No.,DemoForge Industries,DEMO-PN-047-3,SYN-CAN-047,SYN-VLV-GAT-DN50-CL150,punctuation_reordered,SYN-CAN-050,Same material family/category but differing technical specification; not equivalent.,SYNTHETIC_DEMO_DATA_ONLY
SYN-REC-0234,Vindhya Engineering Demo Services,LOC-VLV-GAT-DN50-CL150-4,"ASME B16.34 gate type, raised-face flanged, DN 50, Class 150",Piping Valves,each,DemoForge Industries,DEMO-PN-047-4,SYN-CAN-047,SYN-VLV-GAT-DN50-CL150,equivalent_terminology,SYN-CAN-050,Same material family/category but differing technical specification; not equivalent.,SYNTHETIC_DEMO_DATA_ONLY
SYN-REC-0235,Astra Petrochem Demo Corporation,LOC-VLV-GAT-DN50-CL150-5,Gate valve DN 50 RF; pressure rating Class 150,Piping Valves,pcs,DemoForge Industries,DEMO-PN-047-5,SYN-CAN-047,SYN-VLV-GAT-DN50-CL150,near_duplicate_pressure_class,SYN-CAN-050,Same material family/category but differing technical specification; not equivalent.,SYNTHETIC_DEMO_DATA_ONLY
SYN-REC-0236,Dakshin Steel Demo Works,LOC-VLV-GAT-DN50-CL300-1,Gate Valve DN 50 Class 300 RF Flanged,Piping Valves,each,Prototype Engineering Supply,DEMO-PN-048-1,SYN-CAN-048,SYN-VLV-GAT-DN50-CL300,canonical_case,SYN-CAN-051,Same material family/category but differing technical specification; not equivalent.,SYNTHETIC_DEMO_DATA_ONLY
SYN-REC-0237,Narmada Power Demo Limited,LOC-VLV-GAT-DN50-CL300-2,GATE VLV DN 50 CLASS 300 RF FLG,Piping Valves,nos,Prototype Engineering Supply,DEMO-PN-048-2,SYN-CAN-048,SYN-VLV-GAT-DN50-CL300,abbreviation_capitalization,SYN-CAN-051,Same material family/category but differing technical specification; not equivalent.,SYNTHETIC_DEMO_DATA_ONLY
SYN-REC-0238,Vindhya Engineering Demo Services,LOC-VLV-GAT-DN50-CL300-3,valve; Class 300; RF flange; DN 50; gate,Piping Valves,No.,Synthetic Process Systems,DEMO-PN-048-3,SYN-CAN-048,SYN-VLV-GAT-DN50-CL300,punctuation_reordered,SYN-CAN-051,Same material family/category but differing technical specification; not equivalent.,SYNTHETIC_DEMO_DATA_ONLY
SYN-REC-0239,Astra Petrochem Demo Corporation,LOC-VLV-GAT-DN50-CL300-4,"ASME B16.34 gate type, raised-face flanged, DN 50, Class 300",Piping Valves,each,Synthetic Process Systems,DEMO-PN-048-4,SYN-CAN-048,SYN-VLV-GAT-DN50-CL300,equivalent_terminology,SYN-CAN-051,Same material family/category but differing technical specification; not equivalent.,SYNTHETIC_DEMO_DATA_ONLY
SYN-REC-0240,Bharat Thermal Demo Enterprise,LOC-VLV-GAT-DN50-CL300-5,Gate valve DN 50 RF; pressure rating Class 300,Piping Valves,pcs,Synthetic Process Systems,DEMO-PN-048-5,SYN-CAN-048,SYN-VLV-GAT-DN50-CL300,near_duplicate_pressure_class,SYN-CAN-051,Same material family/category but differing technical specification; not equivalent.,SYNTHETIC_DEMO_DATA_ONLY
SYN-REC-0241,Narmada Power Demo Limited,LOC-VLV-GAT-DN80-CL150-1,Gate Valve DN 80 Class 150 RF Flanged,Piping Valves,each,DemoForge Industries,DEMO-PN-049-1,SYN-CAN-049,SYN-VLV-GAT-DN80-CL150,canonical_case,SYN-CAN-052,Same material family/category but differing technical specification; not equivalent.,SYNTHETIC_DEMO_DATA_ONLY
SYN-REC-0242,Vindhya Engineering Demo Services,LOC-VLV-GAT-DN80-CL150-2,GATE VLV DN 80 CLASS 150 RF FLG,Piping Valves,nos,Prototype Engineering Supply,DEMO-PN-049-2,SYN-CAN-049,SYN-VLV-GAT-DN80-CL150,abbreviation_capitalization,SYN-CAN-052,Same material family/category but differing technical specification; not equivalent.,SYNTHETIC_DEMO_DATA_ONLY
SYN-REC-0243,Astra Petrochem Demo Corporation,LOC-VLV-GAT-DN80-CL150-3,valve; Class 150; RF flange; DN 80; gate,Piping Valves,No.,Prototype Engineering Supply,DEMO-PN-049-3,SYN-CAN-049,SYN-VLV-GAT-DN80-CL150,punctuation_reordered,SYN-CAN-052,Same material family/category but differing technical specification; not equivalent.,SYNTHETIC_DEMO_DATA_ONLY
SYN-REC-0244,Bharat Thermal Demo Enterprise,LOC-VLV-GAT-DN80-CL150-4,"ASME B16.34 gate type, raised-face flanged, DN 80, Class 150",Piping Valves,each,Prototype Engineering Supply,DEMO-PN-049-4,SYN-CAN-049,SYN-VLV-GAT-DN80-CL150,equivalent_terminology,SYN-CAN-052,Same material family/category but differing technical specification; not equivalent.,SYNTHETIC_DEMO_DATA_ONLY
SYN-REC-0245,Dakshin Steel Demo Works,LOC-VLV-GAT-DN80-CL150-5,Gate valve DN 80 RF; pressure rating Class 150,Piping Valves,pcs,Synthetic Process Systems,DEMO-PN-049-5,SYN-CAN-049,SYN-VLV-GAT-DN80-CL150,near_duplicate_pressure_class,SYN-CAN-052,Same material family/category but differing technical specification; not equivalent.,SYNTHETIC_DEMO_DATA_ONLY
SYN-REC-0246,Vindhya Engineering Demo Services,LOC-VLV-GAT-DN80-CL300-1,Gate Valve DN 80 Class 300 RF Flanged,Piping Valves,each,Synthetic Process Systems,DEMO-PN-050-1,SYN-CAN-050,SYN-VLV-GAT-DN80-CL300,canonical_case,SYN-CAN-053,Same material family/category but differing technical specification; not equivalent.,SYNTHETIC_DEMO_DATA_ONLY
SYN-REC-0247,Astra Petrochem Demo Corporation,LOC-VLV-GAT-DN80-CL300-2,GATE VLV DN 80 CLASS 300 RF FLG,Piping Valves,nos,Synthetic Process Systems,DEMO-PN-050-2,SYN-CAN-050,SYN-VLV-GAT-DN80-CL300,abbreviation_capitalization,SYN-CAN-053,Same material family/category but differing technical specification; not equivalent.,SYNTHETIC_DEMO_DATA_ONLY
SYN-REC-0248,Bharat Thermal Demo Enterprise,LOC-VLV-GAT-DN80-CL300-3,valve; Class 300; RF flange; DN 80; gate,Piping Valves,No.,DemoForge Industries,DEMO-PN-050-3,SYN-CAN-050,SYN-VLV-GAT-DN80-CL300,punctuation_reordered,SYN-CAN-053,Same material family/category but differing technical specification; not equivalent.,SYNTHETIC_DEMO_DATA_ONLY
SYN-REC-0249,Dakshin Steel Demo Works,LOC-VLV-GAT-DN80-CL300-4,"ASME B16.34 gate type, raised-face flanged, DN 80, Class 300",Piping Valves,each,Prototype Engineering Supply,DEMO-PN-050-4,SYN-CAN-050,SYN-VLV-GAT-DN80-CL300,equivalent_terminology,SYN-CAN-053,Same material family/category but differing technical specification; not equivalent.,SYNTHETIC_DEMO_DATA_ONLY
SYN-REC-0250,Narmada Power Demo Limited,LOC-VLV-GAT-DN80-CL300-5,Gate valve DN 80 RF; pressure rating Class 300,Piping Valves,pcs,DemoForge Industries,DEMO-PN-050-5,SYN-CAN-050,SYN-VLV-GAT-DN80-CL300,near_duplicate_pressure_class,SYN-CAN-053,Same material family/category but differing technical specification; not equivalent.,SYNTHETIC_DEMO_DATA_ONLY
SYN-REC-0251,Astra Petrochem Demo Corporation,LOC-VLV-GLO-DN15-CL150-1,Globe Valve DN 15 Class 150 RF Flanged,Piping Valves,each,DemoForge Industries,DEMO-PN-051-1,SYN-CAN-051,SYN-VLV-GLO-DN15-CL150,canonical_case,SYN-CAN-054,Same material family/category but differing technical specification; not equivalent.,SYNTHETIC_DEMO_DATA_ONLY
SYN-REC-0252,Bharat Thermal Demo Enterprise,LOC-VLV-GLO-DN15-CL150-2,GLOBE VLV DN 15 CLASS 150 RF FLG,Piping Valves,nos,Synthetic Process Systems,DEMO-PN-051-2,SYN-CAN-051,SYN-VLV-GLO-DN15-CL150,abbreviation_capitalization,SYN-CAN-054,Same material family/category but differing technical specification; not equivalent.,SYNTHETIC_DEMO_DATA_ONLY
SYN-REC-0253,Dakshin Steel Demo Works,LOC-VLV-GLO-DN15-CL150-3,valve; Class 150; RF flange; DN 15; globe,Piping Valves,No.,Synthetic Process Systems,DEMO-PN-051-3,SYN-CAN-051,SYN-VLV-GLO-DN15-CL150,punctuation_reordered,SYN-CAN-054,Same material family/category but differing technical specification; not equivalent.,SYNTHETIC_DEMO_DATA_ONLY
SYN-REC-0254,Narmada Power Demo Limited,LOC-VLV-GLO-DN15-CL150-4,"ASME B16.34 globe type, raised-face flanged, DN 15, Class 150",Piping Valves,each,Prototype Engineering Supply,DEMO-PN-051-4,SYN-CAN-051,SYN-VLV-GLO-DN15-CL150,equivalent_terminology,SYN-CAN-054,Same material family/category but differing technical specification; not equivalent.,SYNTHETIC_DEMO_DATA_ONLY
SYN-REC-0255,Vindhya Engineering Demo Services,LOC-VLV-GLO-DN15-CL150-5,Globe valve DN 15 RF; pressure rating Class 150,Piping Valves,pcs,Synthetic Process Systems,DEMO-PN-051-5,SYN-CAN-051,SYN-VLV-GLO-DN15-CL150,near_duplicate_pressure_class,SYN-CAN-054,Same material family/category but differing technical specification; not equivalent.,SYNTHETIC_DEMO_DATA_ONLY
SYN-REC-0256,Bharat Thermal Demo Enterprise,LOC-VLV-GLO-DN15-CL300-1,Globe Valve DN 15 Class 300 RF Flanged,Piping Valves,each,Synthetic Process Systems,DEMO-PN-052-1,SYN-CAN-052,SYN-VLV-GLO-DN15-CL300,canonical_case,SYN-CAN-055,Same material family/category but differing technical specification; not equivalent.,SYNTHETIC_DEMO_DATA_ONLY
SYN-REC-0257,Dakshin Steel Demo Works,LOC-VLV-GLO-DN15-CL300-2,GLOBE VLV DN 15 CLASS 300 RF FLG,Piping Valves,nos,Synthetic Process Systems,DEMO-PN-052-2,SYN-CAN-052,SYN-VLV-GLO-DN15-CL300,abbreviation_capitalization,SYN-CAN-055,Same material family/category but differing technical specification; not equivalent.,SYNTHETIC_DEMO_DATA_ONLY
SYN-REC-0258,Narmada Power Demo Limited,LOC-VLV-GLO-DN15-CL300-3,valve; Class 300; RF flange; DN 15; globe,Piping Valves,No.,Synthetic Process Systems,DEMO-PN-052-3,SYN-CAN-052,SYN-VLV-GLO-DN15-CL300,punctuation_reordered,SYN-CAN-055,Same material family/category but differing technical specification; not equivalent.,SYNTHETIC_DEMO_DATA_ONLY
SYN-REC-0259,Vindhya Engineering Demo Services,LOC-VLV-GLO-DN15-CL300-4,"ASME B16.34 globe type, raised-face flanged, DN 15, Class 300",Piping Valves,each,Prototype Engineering Supply,DEMO-PN-052-4,SYN-CAN-052,SYN-VLV-GLO-DN15-CL300,equivalent_terminology,SYN-CAN-055,Same material family/category but differing technical specification; not equivalent.,SYNTHETIC_DEMO_DATA_ONLY
SYN-REC-0260,Astra Petrochem Demo Corporation,LOC-VLV-GLO-DN15-CL300-5,Globe valve DN 15 RF; pressure rating Class 300,Piping Valves,pcs,Synthetic Process Systems,DEMO-PN-052-5,SYN-CAN-052,SYN-VLV-GLO-DN15-CL300,near_duplicate_pressure_class,SYN-CAN-055,Same material family/category but differing technical specification; not equivalent.,SYNTHETIC_DEMO_DATA_ONLY
SYN-REC-0261,Dakshin Steel Demo Works,LOC-VLV-GLO-DN25-CL150-1,Globe Valve DN 25 Class 150 RF Flanged,Piping Valves,each,Synthetic Process Systems,DEMO-PN-053-1,SYN-CAN-053,SYN-VLV-GLO-DN25-CL150,canonical_case,SYN-CAN-056,Same material family/category but differing technical specification; not equivalent.,SYNTHETIC_DEMO_DATA_ONLY
SYN-REC-0262,Narmada Power Demo Limited,LOC-VLV-GLO-DN25-CL150-2,GLOBE VLV DN 25 CLASS 150 RF FLG,Piping Valves,nos,DemoForge Industries,DEMO-PN-053-2,SYN-CAN-053,SYN-VLV-GLO-DN25-CL150,abbreviation_capitalization,SYN-CAN-056,Same material family/category but differing technical specification; not equivalent.,SYNTHETIC_DEMO_DATA_ONLY
SYN-REC-0263,Vindhya Engineering Demo Services,LOC-VLV-GLO-DN25-CL150-3,valve; Class 150; RF flange; DN 25; globe,Piping Valves,No.,DemoForge Industries,DEMO-PN-053-3,SYN-CAN-053,SYN-VLV-GLO-DN25-CL150,punctuation_reordered,SYN-CAN-056,Same material family/category but differing technical specification; not equivalent.,SYNTHETIC_DEMO_DATA_ONLY
SYN-REC-0264,Astra Petrochem Demo Corporation,LOC-VLV-GLO-DN25-CL150-4,"ASME B16.34 globe type, raised-face flanged, DN 25, Class 150",Piping Valves,each,Prototype Engineering Supply,DEMO-PN-053-4,SYN-CAN-053,SYN-VLV-GLO-DN25-CL150,equivalent_terminology,SYN-CAN-056,Same material family/category but differing technical specification; not equivalent.,SYNTHETIC_DEMO_DATA_ONLY
SYN-REC-0265,Bharat Thermal Demo Enterprise,LOC-VLV-GLO-DN25-CL150-5,Globe valve DN 25 RF; pressure rating Class 150,Piping Valves,pcs,Prototype Engineering Supply,DEMO-PN-053-5,SYN-CAN-053,SYN-VLV-GLO-DN25-CL150,near_duplicate_pressure_class,SYN-CAN-056,Same material family/category but differing technical specification; not equivalent.,SYNTHETIC_DEMO_DATA_ONLY
SYN-REC-0266,Narmada Power Demo Limited,LOC-VLV-GLO-DN25-CL300-1,Globe Valve DN 25 Class 300 RF Flanged,Piping Valves,each,DemoForge Industries,DEMO-PN-054-1,SYN-CAN-054,SYN-VLV-GLO-DN25-CL300,canonical_case,SYN-CAN-057,Same material family/category but differing technical specification; not equivalent.,SYNTHETIC_DEMO_DATA_ONLY
SYN-REC-0267,Vindhya Engineering Demo Services,LOC-VLV-GLO-DN25-CL300-2,GLOBE VLV DN 25 CLASS 300 RF FLG,Piping Valves,nos,Prototype Engineering Supply,DEMO-PN-054-2,SYN-CAN-054,SYN-VLV-GLO-DN25-CL300,abbreviation_capitalization,SYN-CAN-057,Same material family/category but differing technical specification; not equivalent.,SYNTHETIC_DEMO_DATA_ONLY
SYN-REC-0268,Astra Petrochem Demo Corporation,LOC-VLV-GLO-DN25-CL300-3,valve; Class 300; RF flange; DN 25; globe,Piping Valves,No.,Prototype Engineering Supply,DEMO-PN-054-3,SYN-CAN-054,SYN-VLV-GLO-DN25-CL300,punctuation_reordered,SYN-CAN-057,Same material family/category but differing technical specification; not equivalent.,SYNTHETIC_DEMO_DATA_ONLY
SYN-REC-0269,Bharat Thermal Demo Enterprise,LOC-VLV-GLO-DN25-CL300-4,"ASME B16.34 globe type, raised-face flanged, DN 25, Class 300",Piping Valves,each,DemoForge Industries,DEMO-PN-054-4,SYN-CAN-054,SYN-VLV-GLO-DN25-CL300,equivalent_terminology,SYN-CAN-057,Same material family/category but differing technical specification; not equivalent.,SYNTHETIC_DEMO_DATA_ONLY
SYN-REC-0270,Dakshin Steel Demo Works,LOC-VLV-GLO-DN25-CL300-5,Globe valve DN 25 RF; pressure rating Class 300,Piping Valves,pcs,Synthetic Process Systems,DEMO-PN-054-5,SYN-CAN-054,SYN-VLV-GLO-DN25-CL300,near_duplicate_pressure_class,SYN-CAN-057,Same material family/category but differing technical specification; not equivalent.,SYNTHETIC_DEMO_DATA_ONLY
SYN-REC-0271,Vindhya Engineering Demo Services,LOC-VLV-GLO-DN40-CL150-1,Globe Valve DN 40 Class 150 RF Flanged,Piping Valves,each,DemoForge Industries,DEMO-PN-055-1,SYN-CAN-055,SYN-VLV-GLO-DN40-CL150,canonical_case,SYN-CAN-058,Same material family/category but differing technical specification; not equivalent.,SYNTHETIC_DEMO_DATA_ONLY
SYN-REC-0272,Astra Petrochem Demo Corporation,LOC-VLV-GLO-DN40-CL150-2,GLOBE VLV DN 40 CLASS 150 RF FLG,Piping Valves,nos,DemoForge Industries,DEMO-PN-055-2,SYN-CAN-055,SYN-VLV-GLO-DN40-CL150,abbreviation_capitalization,SYN-CAN-058,Same material family/category but differing technical specification; not equivalent.,SYNTHETIC_DEMO_DATA_ONLY
SYN-REC-0273,Bharat Thermal Demo Enterprise,LOC-VLV-GLO-DN40-CL150-3,valve; Class 150; RF flange; DN 40; globe,Piping Valves,No.,DemoForge Industries,DEMO-PN-055-3,SYN-CAN-055,SYN-VLV-GLO-DN40-CL150,punctuation_reordered,SYN-CAN-058,Same material family/category but differing technical specification; not equivalent.,SYNTHETIC_DEMO_DATA_ONLY
SYN-REC-0274,Dakshin Steel Demo Works,LOC-VLV-GLO-DN40-CL150-4,"ASME B16.34 globe type, raised-face flanged, DN 40, Class 150",Piping Valves,each,Synthetic Process Systems,DEMO-PN-055-4,SYN-CAN-055,SYN-VLV-GLO-DN40-CL150,equivalent_terminology,SYN-CAN-058,Same material family/category but differing technical specification; not equivalent.,SYNTHETIC_DEMO_DATA_ONLY
SYN-REC-0275,Narmada Power Demo Limited,LOC-VLV-GLO-DN40-CL150-5,Globe valve DN 40 RF; pressure rating Class 150,Piping Valves,pcs,DemoForge Industries,DEMO-PN-055-5,SYN-CAN-055,SYN-VLV-GLO-DN40-CL150,near_duplicate_pressure_class,SYN-CAN-058,Same material family/category but differing technical specification; not equivalent.,SYNTHETIC_DEMO_DATA_ONLY
SYN-REC-0276,Astra Petrochem Demo Corporation,LOC-VLV-GLO-DN40-CL300-1,Globe Valve DN 40 Class 300 RF Flanged,Piping Valves,each,Prototype Engineering Supply,DEMO-PN-056-1,SYN-CAN-056,SYN-VLV-GLO-DN40-CL300,canonical_case,SYN-CAN-059,Same material family/category but differing technical specification; not equivalent.,SYNTHETIC_DEMO_DATA_ONLY
SYN-REC-0277,Bharat Thermal Demo Enterprise,LOC-VLV-GLO-DN40-CL300-2,GLOBE VLV DN 40 CLASS 300 RF FLG,Piping Valves,nos,DemoForge Industries,DEMO-PN-056-2,SYN-CAN-056,SYN-VLV-GLO-DN40-CL300,abbreviation_capitalization,SYN-CAN-059,Same material family/category but differing technical specification; not equivalent.,SYNTHETIC_DEMO_DATA_ONLY
SYN-REC-0278,Dakshin Steel Demo Works,LOC-VLV-GLO-DN40-CL300-3,valve; Class 300; RF flange; DN 40; globe,Piping Valves,No.,DemoForge Industries,DEMO-PN-056-3,SYN-CAN-056,SYN-VLV-GLO-DN40-CL300,punctuation_reordered,SYN-CAN-059,Same material family/category but differing technical specification; not equivalent.,SYNTHETIC_DEMO_DATA_ONLY
SYN-REC-0279,Narmada Power Demo Limited,LOC-VLV-GLO-DN40-CL300-4,"ASME B16.34 globe type, raised-face flanged, DN 40, Class 300",Piping Valves,each,Synthetic Process Systems,DEMO-PN-056-4,SYN-CAN-056,SYN-VLV-GLO-DN40-CL300,equivalent_terminology,SYN-CAN-059,Same material family/category but differing technical specification; not equivalent.,SYNTHETIC_DEMO_DATA_ONLY
SYN-REC-0280,Vindhya Engineering Demo Services,LOC-VLV-GLO-DN40-CL300-5,Globe valve DN 40 RF; pressure rating Class 300,Piping Valves,pcs,Prototype Engineering Supply,DEMO-PN-056-5,SYN-CAN-056,SYN-VLV-GLO-DN40-CL300,near_duplicate_pressure_class,SYN-CAN-059,Same material family/category but differing technical specification; not equivalent.,SYNTHETIC_DEMO_DATA_ONLY
SYN-REC-0281,Bharat Thermal Demo Enterprise,LOC-VLV-GLO-DN50-CL150-1,Globe Valve DN 50 Class 150 RF Flanged,Piping Valves,each,DemoForge Industries,DEMO-PN-057-1,SYN-CAN-057,SYN-VLV-GLO-DN50-CL150,canonical_case,SYN-CAN-060,Same material family/category but differing technical specification; not equivalent.,SYNTHETIC_DEMO_DATA_ONLY
SYN-REC-0282,Dakshin Steel Demo Works,LOC-VLV-GLO-DN50-CL150-2,GLOBE VLV DN 50 CLASS 150 RF FLG,Piping Valves,nos,Synthetic Process Systems,DEMO-PN-057-2,SYN-CAN-057,SYN-VLV-GLO-DN50-CL150,abbreviation_capitalization,SYN-CAN-060,Same material family/category but differing technical specification; not equivalent.,SYNTHETIC_DEMO_DATA_ONLY
SYN-REC-0283,Narmada Power Demo Limited,LOC-VLV-GLO-DN50-CL150-3,valve; Class 150; RF flange; DN 50; globe,Piping Valves,No.,Synthetic Process Systems,DEMO-PN-057-3,SYN-CAN-057,SYN-VLV-GLO-DN50-CL150,punctuation_reordered,SYN-CAN-060,Same material family/category but differing technical specification; not equivalent.,SYNTHETIC_DEMO_DATA_ONLY
SYN-REC-0284,Vindhya Engineering Demo Services,LOC-VLV-GLO-DN50-CL150-4,"ASME B16.34 globe type, raised-face flanged, DN 50, Class 150",Piping Valves,each,DemoForge Industries,DEMO-PN-057-4,SYN-CAN-057,SYN-VLV-GLO-DN50-CL150,equivalent_terminology,SYN-CAN-060,Same material family/category but differing technical specification; not equivalent.,SYNTHETIC_DEMO_DATA_ONLY
SYN-REC-0285,Astra Petrochem Demo Corporation,LOC-VLV-GLO-DN50-CL150-5,Globe valve DN 50 RF; pressure rating Class 150,Piping Valves,pcs,Prototype Engineering Supply,DEMO-PN-057-5,SYN-CAN-057,SYN-VLV-GLO-DN50-CL150,near_duplicate_pressure_class,SYN-CAN-060,Same material family/category but differing technical specification; not equivalent.,SYNTHETIC_DEMO_DATA_ONLY
SYN-REC-0286,Dakshin Steel Demo Works,LOC-VLV-GLO-DN50-CL300-1,Globe Valve DN 50 Class 300 RF Flanged,Piping Valves,each,Prototype Engineering Supply,DEMO-PN-058-1,SYN-CAN-058,SYN-VLV-GLO-DN50-CL300,canonical_case,SYN-CAN-061,Same material family/category but differing technical specification; not equivalent.,SYNTHETIC_DEMO_DATA_ONLY
SYN-REC-0287,Narmada Power Demo Limited,LOC-VLV-GLO-DN50-CL300-2,GLOBE VLV DN 50 CLASS 300 RF FLG,Piping Valves,nos,Synthetic Process Systems,DEMO-PN-058-2,SYN-CAN-058,SYN-VLV-GLO-DN50-CL300,abbreviation_capitalization,SYN-CAN-061,Same material family/category but differing technical specification; not equivalent.,SYNTHETIC_DEMO_DATA_ONLY
SYN-REC-0288,Vindhya Engineering Demo Services,LOC-VLV-GLO-DN50-CL300-3,valve; Class 300; RF flange; DN 50; globe,Piping Valves,No.,Synthetic Process Systems,DEMO-PN-058-3,SYN-CAN-058,SYN-VLV-GLO-DN50-CL300,punctuation_reordered,SYN-CAN-061,Same material family/category but differing technical specification; not equivalent.,SYNTHETIC_DEMO_DATA_ONLY
SYN-REC-0289,Astra Petrochem Demo Corporation,LOC-VLV-GLO-DN50-CL300-4,"ASME B16.34 globe type, raised-face flanged, DN 50, Class 300",Piping Valves,each,Prototype Engineering Supply,DEMO-PN-058-4,SYN-CAN-058,SYN-VLV-GLO-DN50-CL300,equivalent_terminology,SYN-CAN-061,Same material family/category but differing technical specification; not equivalent.,SYNTHETIC_DEMO_DATA_ONLY
SYN-REC-0290,Bharat Thermal Demo Enterprise,LOC-VLV-GLO-DN50-CL300-5,Globe valve DN 50 RF; pressure rating Class 300,Piping Valves,pcs,DemoForge Industries,DEMO-PN-058-5,SYN-CAN-058,SYN-VLV-GLO-DN50-CL300,near_duplicate_pressure_class,SYN-CAN-061,Same material family/category but differing technical specification; not equivalent.,SYNTHETIC_DEMO_DATA_ONLY
SYN-REC-0291,Narmada Power Demo Limited,LOC-VLV-GLO-DN80-CL150-1,Globe Valve DN 80 Class 150 RF Flanged,Piping Valves,each,Prototype Engineering Supply,DEMO-PN-059-1,SYN-CAN-059,SYN-VLV-GLO-DN80-CL150,canonical_case,SYN-CAN-062,Same material family/category but differing technical specification; not equivalent.,SYNTHETIC_DEMO_DATA_ONLY
SYN-REC-0292,Vindhya Engineering Demo Services,LOC-VLV-GLO-DN80-CL150-2,GLOBE VLV DN 80 CLASS 150 RF FLG,Piping Valves,nos,Prototype Engineering Supply,DEMO-PN-059-2,SYN-CAN-059,SYN-VLV-GLO-DN80-CL150,abbreviation_capitalization,SYN-CAN-062,Same material family/category but differing technical specification; not equivalent.,SYNTHETIC_DEMO_DATA_ONLY
SYN-REC-0293,Astra Petrochem Demo Corporation,LOC-VLV-GLO-DN80-CL150-3,valve; Class 150; RF flange; DN 80; globe,Piping Valves,No.,Prototype Engineering Supply,DEMO-PN-059-3,SYN-CAN-059,SYN-VLV-GLO-DN80-CL150,punctuation_reordered,SYN-CAN-062,Same material family/category but differing technical specification; not equivalent.,SYNTHETIC_DEMO_DATA_ONLY
SYN-REC-0294,Bharat Thermal Demo Enterprise,LOC-VLV-GLO-DN80-CL150-4,"ASME B16.34 globe type, raised-face flanged, DN 80, Class 150",Piping Valves,each,Prototype Engineering Supply,DEMO-PN-059-4,SYN-CAN-059,SYN-VLV-GLO-DN80-CL150,equivalent_terminology,SYN-CAN-062,Same material family/category but differing technical specification; not equivalent.,SYNTHETIC_DEMO_DATA_ONLY
SYN-REC-0295,Dakshin Steel Demo Works,LOC-VLV-GLO-DN80-CL150-5,Globe valve DN 80 RF; pressure rating Class 150,Piping Valves,pcs,Prototype Engineering Supply,DEMO-PN-059-5,SYN-CAN-059,SYN-VLV-GLO-DN80-CL150,near_duplicate_pressure_class,SYN-CAN-062,Same material family/category but differing technical specification; not equivalent.,SYNTHETIC_DEMO_DATA_ONLY
SYN-REC-0296,Vindhya Engineering Demo Services,LOC-VLV-GLO-DN80-CL300-1,Globe Valve DN 80 Class 300 RF Flanged,Piping Valves,each,Prototype Engineering Supply,DEMO-PN-060-1,SYN-CAN-060,SYN-VLV-GLO-DN80-CL300,canonical_case,SYN-CAN-063,Same material family/category but differing technical specification; not equivalent.,SYNTHETIC_DEMO_DATA_ONLY
SYN-REC-0297,Astra Petrochem Demo Corporation,LOC-VLV-GLO-DN80-CL300-2,GLOBE VLV DN 80 CLASS 300 RF FLG,Piping Valves,nos,DemoForge Industries,DEMO-PN-060-2,SYN-CAN-060,SYN-VLV-GLO-DN80-CL300,abbreviation_capitalization,SYN-CAN-063,Same material family/category but differing technical specification; not equivalent.,SYNTHETIC_DEMO_DATA_ONLY
SYN-REC-0298,Bharat Thermal Demo Enterprise,LOC-VLV-GLO-DN80-CL300-3,valve; Class 300; RF flange; DN 80; globe,Piping Valves,No.,DemoForge Industries,DEMO-PN-060-3,SYN-CAN-060,SYN-VLV-GLO-DN80-CL300,punctuation_reordered,SYN-CAN-063,Same material family/category but differing technical specification; not equivalent.,SYNTHETIC_DEMO_DATA_ONLY
SYN-REC-0299,Dakshin Steel Demo Works,LOC-VLV-GLO-DN80-CL300-4,"ASME B16.34 globe type, raised-face flanged, DN 80, Class 300",Piping Valves,each,DemoForge Industries,DEMO-PN-060-4,SYN-CAN-060,SYN-VLV-GLO-DN80-CL300,equivalent_terminology,SYN-CAN-063,Same material family/category but differing technical specification; not equivalent.,SYNTHETIC_DEMO_DATA_ONLY
SYN-REC-0300,Narmada Power Demo Limited,LOC-VLV-GLO-DN80-CL300-5,Globe valve DN 80 RF; pressure rating Class 300,Piping Valves,pcs,Synthetic Process Systems,DEMO-PN-060-5,SYN-CAN-060,SYN-VLV-GLO-DN80-CL300,near_duplicate_pressure_class,SYN-CAN-063,Same material family/category but differing technical specification; not equivalent.,SYNTHETIC_DEMO_DATA_ONLY
SYN-REC-0301,Astra Petrochem Demo Corporation,LOC-VLV-BAL-DN15-CL150-1,Ball Valve DN 15 Class 150 RF Flanged,Piping Valves,each,DemoForge Industries,DEMO-PN-061-1,SYN-CAN-061,SYN-VLV-BAL-DN15-CL150,canonical_case,SYN-CAN-064,Same material family/category but differing technical specification; not equivalent.,SYNTHETIC_DEMO_DATA_ONLY
SYN-REC-0302,Bharat Thermal Demo Enterprise,LOC-VLV-BAL-DN15-CL150-2,BALL VLV DN 15 CLASS 150 RF FLG,Piping Valves,nos,DemoForge Industries,DEMO-PN-061-2,SYN-CAN-061,SYN-VLV-BAL-DN15-CL150,abbreviation_capitalization,SYN-CAN-064,Same material family/category but differing technical specification; not equivalent.,SYNTHETIC_DEMO_DATA_ONLY
SYN-REC-0303,Dakshin Steel Demo Works,LOC-VLV-BAL-DN15-CL150-3,valve; Class 150; RF flange; DN 15; ball,Piping Valves,No.,Synthetic Process Systems,DEMO-PN-061-3,SYN-CAN-061,SYN-VLV-BAL-DN15-CL150,punctuation_reordered,SYN-CAN-064,Same material family/category but differing technical specification; not equivalent.,SYNTHETIC_DEMO_DATA_ONLY
SYN-REC-0304,Narmada Power Demo Limited,LOC-VLV-BAL-DN15-CL150-4,"ASME B16.34 ball type, raised-face flanged, DN 15, Class 150",Piping Valves,each,Prototype Engineering Supply,DEMO-PN-061-4,SYN-CAN-061,SYN-VLV-BAL-DN15-CL150,equivalent_terminology,SYN-CAN-064,Same material family/category but differing technical specification; not equivalent.,SYNTHETIC_DEMO_DATA_ONLY
SYN-REC-0305,Vindhya Engineering Demo Services,LOC-VLV-BAL-DN15-CL150-5,Ball valve DN 15 RF; pressure rating Class 150,Piping Valves,pcs,Synthetic Process Systems,DEMO-PN-061-5,SYN-CAN-061,SYN-VLV-BAL-DN15-CL150,near_duplicate_pressure_class,SYN-CAN-064,Same material family/category but differing technical specification; not equivalent.,SYNTHETIC_DEMO_DATA_ONLY
SYN-REC-0306,Bharat Thermal Demo Enterprise,LOC-VLV-BAL-DN15-CL300-1,Ball Valve DN 15 Class 300 RF Flanged,Piping Valves,each,Synthetic Process Systems,DEMO-PN-062-1,SYN-CAN-062,SYN-VLV-BAL-DN15-CL300,canonical_case,SYN-CAN-065,Same material family/category but differing technical specification; not equivalent.,SYNTHETIC_DEMO_DATA_ONLY
SYN-REC-0307,Dakshin Steel Demo Works,LOC-VLV-BAL-DN15-CL300-2,BALL VLV DN 15 CLASS 300 RF FLG,Piping Valves,nos,Prototype Engineering Supply,DEMO-PN-062-2,SYN-CAN-062,SYN-VLV-BAL-DN15-CL300,abbreviation_capitalization,SYN-CAN-065,Same material family/category but differing technical specification; not equivalent.,SYNTHETIC_DEMO_DATA_ONLY
SYN-REC-0308,Narmada Power Demo Limited,LOC-VLV-BAL-DN15-CL300-3,valve; Class 300; RF flange; DN 15; ball,Piping Valves,No.,Synthetic Process Systems,DEMO-PN-062-3,SYN-CAN-062,SYN-VLV-BAL-DN15-CL300,punctuation_reordered,SYN-CAN-065,Same material family/category but differing technical specification; not equivalent.,SYNTHETIC_DEMO_DATA_ONLY
SYN-REC-0309,Vindhya Engineering Demo Services,LOC-VLV-BAL-DN15-CL300-4,"ASME B16.34 ball type, raised-face flanged, DN 15, Class 300",Piping Valves,each,Prototype Engineering Supply,DEMO-PN-062-4,SYN-CAN-062,SYN-VLV-BAL-DN15-CL300,equivalent_terminology,SYN-CAN-065,Same material family/category but differing technical specification; not equivalent.,SYNTHETIC_DEMO_DATA_ONLY
SYN-REC-0310,Astra Petrochem Demo Corporation,LOC-VLV-BAL-DN15-CL300-5,Ball valve DN 15 RF; pressure rating Class 300,Piping Valves,pcs,Synthetic Process Systems,DEMO-PN-062-5,SYN-CAN-062,SYN-VLV-BAL-DN15-CL300,near_duplicate_pressure_class,SYN-CAN-065,Same material family/category but differing technical specification; not equivalent.,SYNTHETIC_DEMO_DATA_ONLY
SYN-REC-0311,Dakshin Steel Demo Works,LOC-VLV-BAL-DN25-CL150-1,Ball Valve DN 25 Class 150 RF Flanged,Piping Valves,each,Synthetic Process Systems,DEMO-PN-063-1,SYN-CAN-063,SYN-VLV-BAL-DN25-CL150,canonical_case,SYN-CAN-066,Same material family/category but differing technical specification; not equivalent.,SYNTHETIC_DEMO_DATA_ONLY
SYN-REC-0312,Narmada Power Demo Limited,LOC-VLV-BAL-DN25-CL150-2,BALL VLV DN 25 CLASS 150 RF FLG,Piping Valves,nos,Synthetic Process Systems,DEMO-PN-063-2,SYN-CAN-063,SYN-VLV-BAL-DN25-CL150,abbreviation_capitalization,SYN-CAN-066,Same material family/category but differing technical specification; not equivalent.,SYNTHETIC_DEMO_DATA_ONLY
SYN-REC-0313,Vindhya Engineering Demo Services,LOC-VLV-BAL-DN25-CL150-3,valve; Class 150; RF flange; DN 25; ball,Piping Valves,No.,Synthetic Process Systems,DEMO-PN-063-3,SYN-CAN-063,SYN-VLV-BAL-DN25-CL150,punctuation_reordered,SYN-CAN-066,Same material family/category but differing technical specification; not equivalent.,SYNTHETIC_DEMO_DATA_ONLY
SYN-REC-0314,Astra Petrochem Demo Corporation,LOC-VLV-BAL-DN25-CL150-4,"ASME B16.34 ball type, raised-face flanged, DN 25, Class 150",Piping Valves,each,DemoForge Industries,DEMO-PN-063-4,SYN-CAN-063,SYN-VLV-BAL-DN25-CL150,equivalent_terminology,SYN-CAN-066,Same material family/category but differing technical specification; not equivalent.,SYNTHETIC_DEMO_DATA_ONLY
SYN-REC-0315,Bharat Thermal Demo Enterprise,LOC-VLV-BAL-DN25-CL150-5,Ball valve DN 25 RF; pressure rating Class 150,Piping Valves,pcs,DemoForge Industries,DEMO-PN-063-5,SYN-CAN-063,SYN-VLV-BAL-DN25-CL150,near_duplicate_pressure_class,SYN-CAN-066,Same material family/category but differing technical specification; not equivalent.,SYNTHETIC_DEMO_DATA_ONLY
SYN-REC-0316,Narmada Power Demo Limited,LOC-VLV-BAL-DN25-CL300-1,Ball Valve DN 25 Class 300 RF Flanged,Piping Valves,each,DemoForge Industries,DEMO-PN-064-1,SYN-CAN-064,SYN-VLV-BAL-DN25-CL300,canonical_case,SYN-CAN-067,Same material family/category but differing technical specification; not equivalent.,SYNTHETIC_DEMO_DATA_ONLY
SYN-REC-0317,Vindhya Engineering Demo Services,LOC-VLV-BAL-DN25-CL300-2,BALL VLV DN 25 CLASS 300 RF FLG,Piping Valves,nos,Prototype Engineering Supply,DEMO-PN-064-2,SYN-CAN-064,SYN-VLV-BAL-DN25-CL300,abbreviation_capitalization,SYN-CAN-067,Same material family/category but differing technical specification; not equivalent.,SYNTHETIC_DEMO_DATA_ONLY
SYN-REC-0318,Astra Petrochem Demo Corporation,LOC-VLV-BAL-DN25-CL300-3,valve; Class 300; RF flange; DN 25; ball,Piping Valves,No.,DemoForge Industries,DEMO-PN-064-3,SYN-CAN-064,SYN-VLV-BAL-DN25-CL300,punctuation_reordered,SYN-CAN-067,Same material family/category but differing technical specification; not equivalent.,SYNTHETIC_DEMO_DATA_ONLY
SYN-REC-0319,Bharat Thermal Demo Enterprise,LOC-VLV-BAL-DN25-CL300-4,"ASME B16.34 ball type, raised-face flanged, DN 25, Class 300",Piping Valves,each,Synthetic Process Systems,DEMO-PN-064-4,SYN-CAN-064,SYN-VLV-BAL-DN25-CL300,equivalent_terminology,SYN-CAN-067,Same material family/category but differing technical specification; not equivalent.,SYNTHETIC_DEMO_DATA_ONLY
SYN-REC-0320,Dakshin Steel Demo Works,LOC-VLV-BAL-DN25-CL300-5,Ball valve DN 25 RF; pressure rating Class 300,Piping Valves,pcs,DemoForge Industries,DEMO-PN-064-5,SYN-CAN-064,SYN-VLV-BAL-DN25-CL300,near_duplicate_pressure_class,SYN-CAN-067,Same material family/category but differing technical specification; not equivalent.,SYNTHETIC_DEMO_DATA_ONLY
SYN-REC-0321,Vindhya Engineering Demo Services,LOC-VLV-BAL-DN40-CL150-1,Ball Valve DN 40 Class 150 RF Flanged,Piping Valves,each,Prototype Engineering Supply,DEMO-PN-065-1,SYN-CAN-065,SYN-VLV-BAL-DN40-CL150,canonical_case,SYN-CAN-068,Same material family/category but differing technical specification; not equivalent.,SYNTHETIC_DEMO_DATA_ONLY
SYN-REC-0322,Astra Petrochem Demo Corporation,LOC-VLV-BAL-DN40-CL150-2,BALL VLV DN 40 CLASS 150 RF FLG,Piping Valves,nos,Prototype Engineering Supply,DEMO-PN-065-2,SYN-CAN-065,SYN-VLV-BAL-DN40-CL150,abbreviation_capitalization,SYN-CAN-068,Same material family/category but differing technical specification; not equivalent.,SYNTHETIC_DEMO_DATA_ONLY
SYN-REC-0323,Bharat Thermal Demo Enterprise,LOC-VLV-BAL-DN40-CL150-3,valve; Class 150; RF flange; DN 40; ball,Piping Valves,No.,DemoForge Industries,DEMO-PN-065-3,SYN-CAN-065,SYN-VLV-BAL-DN40-CL150,punctuation_reordered,SYN-CAN-068,Same material family/category but differing technical specification; not equivalent.,SYNTHETIC_DEMO_DATA_ONLY
SYN-REC-0324,Dakshin Steel Demo Works,LOC-VLV-BAL-DN40-CL150-4,"ASME B16.34 ball type, raised-face flanged, DN 40, Class 150",Piping Valves,each,Prototype Engineering Supply,DEMO-PN-065-4,SYN-CAN-065,SYN-VLV-BAL-DN40-CL150,equivalent_terminology,SYN-CAN-068,Same material family/category but differing technical specification; not equivalent.,SYNTHETIC_DEMO_DATA_ONLY
SYN-REC-0325,Narmada Power Demo Limited,LOC-VLV-BAL-DN40-CL150-5,Ball valve DN 40 RF; pressure rating Class 150,Piping Valves,pcs,Synthetic Process Systems,DEMO-PN-065-5,SYN-CAN-065,SYN-VLV-BAL-DN40-CL150,near_duplicate_pressure_class,SYN-CAN-068,Same material family/category but differing technical specification; not equivalent.,SYNTHETIC_DEMO_DATA_ONLY
SYN-REC-0326,Astra Petrochem Demo Corporation,LOC-VLV-BAL-DN40-CL300-1,Ball Valve DN 40 Class 300 RF Flanged,Piping Valves,each,Synthetic Process Systems,DEMO-PN-066-1,SYN-CAN-066,SYN-VLV-BAL-DN40-CL300,canonical_case,SYN-CAN-069,Same material family/category but differing technical specification; not equivalent.,SYNTHETIC_DEMO_DATA_ONLY
SYN-REC-0327,Bharat Thermal Demo Enterprise,LOC-VLV-BAL-DN40-CL300-2,BALL VLV DN 40 CLASS 300 RF FLG,Piping Valves,nos,DemoForge Industries,DEMO-PN-066-2,SYN-CAN-066,SYN-VLV-BAL-DN40-CL300,abbreviation_capitalization,SYN-CAN-069,Same material family/category but differing technical specification; not equivalent.,SYNTHETIC_DEMO_DATA_ONLY
SYN-REC-0328,Dakshin Steel Demo Works,LOC-VLV-BAL-DN40-CL300-3,valve; Class 300; RF flange; DN 40; ball,Piping Valves,No.,DemoForge Industries,DEMO-PN-066-3,SYN-CAN-066,SYN-VLV-BAL-DN40-CL300,punctuation_reordered,SYN-CAN-069,Same material family/category but differing technical specification; not equivalent.,SYNTHETIC_DEMO_DATA_ONLY
SYN-REC-0329,Narmada Power Demo Limited,LOC-VLV-BAL-DN40-CL300-4,"ASME B16.34 ball type, raised-face flanged, DN 40, Class 300",Piping Valves,each,DemoForge Industries,DEMO-PN-066-4,SYN-CAN-066,SYN-VLV-BAL-DN40-CL300,equivalent_terminology,SYN-CAN-069,Same material family/category but differing technical specification; not equivalent.,SYNTHETIC_DEMO_DATA_ONLY
SYN-REC-0330,Vindhya Engineering Demo Services,LOC-VLV-BAL-DN40-CL300-5,Ball valve DN 40 RF; pressure rating Class 300,Piping Valves,pcs,Prototype Engineering Supply,DEMO-PN-066-5,SYN-CAN-066,SYN-VLV-BAL-DN40-CL300,near_duplicate_pressure_class,SYN-CAN-069,Same material family/category but differing technical specification; not equivalent.,SYNTHETIC_DEMO_DATA_ONLY
SYN-REC-0331,Bharat Thermal Demo Enterprise,LOC-VLV-BAL-DN50-CL150-1,Ball Valve DN 50 Class 150 RF Flanged,Piping Valves,each,DemoForge Industries,DEMO-PN-067-1,SYN-CAN-067,SYN-VLV-BAL-DN50-CL150,canonical_case,SYN-CAN-070,Same material family/category but differing technical specification; not equivalent.,SYNTHETIC_DEMO_DATA_ONLY
SYN-REC-0332,Dakshin Steel Demo Works,LOC-VLV-BAL-DN50-CL150-2,BALL VLV DN 50 CLASS 150 RF FLG,Piping Valves,nos,Synthetic Process Systems,DEMO-PN-067-2,SYN-CAN-067,SYN-VLV-BAL-DN50-CL150,abbreviation_capitalization,SYN-CAN-070,Same material family/category but differing technical specification; not equivalent.,SYNTHETIC_DEMO_DATA_ONLY
SYN-REC-0333,Narmada Power Demo Limited,LOC-VLV-BAL-DN50-CL150-3,valve; Class 150; RF flange; DN 50; ball,Piping Valves,No.,DemoForge Industries,DEMO-PN-067-3,SYN-CAN-067,SYN-VLV-BAL-DN50-CL150,punctuation_reordered,SYN-CAN-070,Same material family/category but differing technical specification; not equivalent.,SYNTHETIC_DEMO_DATA_ONLY
SYN-REC-0334,Vindhya Engineering Demo Services,LOC-VLV-BAL-DN50-CL150-4,"ASME B16.34 ball type, raised-face flanged, DN 50, Class 150",Piping Valves,each,Synthetic Process Systems,DEMO-PN-067-4,SYN-CAN-067,SYN-VLV-BAL-DN50-CL150,equivalent_terminology,SYN-CAN-070,Same material family/category but differing technical specification; not equivalent.,SYNTHETIC_DEMO_DATA_ONLY
SYN-REC-0335,Astra Petrochem Demo Corporation,LOC-VLV-BAL-DN50-CL150-5,Ball valve DN 50 RF; pressure rating Class 150,Piping Valves,pcs,DemoForge Industries,DEMO-PN-067-5,SYN-CAN-067,SYN-VLV-BAL-DN50-CL150,near_duplicate_pressure_class,SYN-CAN-070,Same material family/category but differing technical specification; not equivalent.,SYNTHETIC_DEMO_DATA_ONLY
SYN-REC-0336,Dakshin Steel Demo Works,LOC-VLV-BAL-DN50-CL300-1,Ball Valve DN 50 Class 300 RF Flanged,Piping Valves,each,Prototype Engineering Supply,DEMO-PN-068-1,SYN-CAN-068,SYN-VLV-BAL-DN50-CL300,canonical_case,SYN-CAN-071,Same material family/category but differing technical specification; not equivalent.,SYNTHETIC_DEMO_DATA_ONLY
SYN-REC-0337,Narmada Power Demo Limited,LOC-VLV-BAL-DN50-CL300-2,BALL VLV DN 50 CLASS 300 RF FLG,Piping Valves,nos,Prototype Engineering Supply,DEMO-PN-068-2,SYN-CAN-068,SYN-VLV-BAL-DN50-CL300,abbreviation_capitalization,SYN-CAN-071,Same material family/category but differing technical specification; not equivalent.,SYNTHETIC_DEMO_DATA_ONLY
SYN-REC-0338,Vindhya Engineering Demo Services,LOC-VLV-BAL-DN50-CL300-3,valve; Class 300; RF flange; DN 50; ball,Piping Valves,No.,Synthetic Process Systems,DEMO-PN-068-3,SYN-CAN-068,SYN-VLV-BAL-DN50-CL300,punctuation_reordered,SYN-CAN-071,Same material family/category but differing technical specification; not equivalent.,SYNTHETIC_DEMO_DATA_ONLY
SYN-REC-0339,Astra Petrochem Demo Corporation,LOC-VLV-BAL-DN50-CL300-4,"ASME B16.34 ball type, raised-face flanged, DN 50, Class 300",Piping Valves,each,Prototype Engineering Supply,DEMO-PN-068-4,SYN-CAN-068,SYN-VLV-BAL-DN50-CL300,equivalent_terminology,SYN-CAN-071,Same material family/category but differing technical specification; not equivalent.,SYNTHETIC_DEMO_DATA_ONLY
SYN-REC-0340,Bharat Thermal Demo Enterprise,LOC-VLV-BAL-DN50-CL300-5,Ball valve DN 50 RF; pressure rating Class 300,Piping Valves,pcs,Prototype Engineering Supply,DEMO-PN-068-5,SYN-CAN-068,SYN-VLV-BAL-DN50-CL300,near_duplicate_pressure_class,SYN-CAN-071,Same material family/category but differing technical specification; not equivalent.,SYNTHETIC_DEMO_DATA_ONLY
SYN-REC-0341,Narmada Power Demo Limited,LOC-VLV-BAL-DN80-CL150-1,Ball Valve DN 80 Class 150 RF Flanged,Piping Valves,each,DemoForge Industries,DEMO-PN-069-1,SYN-CAN-069,SYN-VLV-BAL-DN80-CL150,canonical_case,SYN-CAN-072,Same material family/category but differing technical specification; not equivalent.,SYNTHETIC_DEMO_DATA_ONLY
SYN-REC-0342,Vindhya Engineering Demo Services,LOC-VLV-BAL-DN80-CL150-2,BALL VLV DN 80 CLASS 150 RF FLG,Piping Valves,nos,DemoForge Industries,DEMO-PN-069-2,SYN-CAN-069,SYN-VLV-BAL-DN80-CL150,abbreviation_capitalization,SYN-CAN-072,Same material family/category but differing technical specification; not equivalent.,SYNTHETIC_DEMO_DATA_ONLY
SYN-REC-0343,Astra Petrochem Demo Corporation,LOC-VLV-BAL-DN80-CL150-3,valve; Class 150; RF flange; DN 80; ball,Piping Valves,No.,Synthetic Process Systems,DEMO-PN-069-3,SYN-CAN-069,SYN-VLV-BAL-DN80-CL150,punctuation_reordered,SYN-CAN-072,Same material family/category but differing technical specification; not equivalent.,SYNTHETIC_DEMO_DATA_ONLY
SYN-REC-0344,Bharat Thermal Demo Enterprise,LOC-VLV-BAL-DN80-CL150-4,"ASME B16.34 ball type, raised-face flanged, DN 80, Class 150",Piping Valves,each,Synthetic Process Systems,DEMO-PN-069-4,SYN-CAN-069,SYN-VLV-BAL-DN80-CL150,equivalent_terminology,SYN-CAN-072,Same material family/category but differing technical specification; not equivalent.,SYNTHETIC_DEMO_DATA_ONLY
SYN-REC-0345,Dakshin Steel Demo Works,LOC-VLV-BAL-DN80-CL150-5,Ball valve DN 80 RF; pressure rating Class 150,Piping Valves,pcs,DemoForge Industries,DEMO-PN-069-5,SYN-CAN-069,SYN-VLV-BAL-DN80-CL150,near_duplicate_pressure_class,SYN-CAN-072,Same material family/category but differing technical specification; not equivalent.,SYNTHETIC_DEMO_DATA_ONLY
SYN-REC-0346,Vindhya Engineering Demo Services,LOC-VLV-BAL-DN80-CL300-1,Ball Valve DN 80 Class 300 RF Flanged,Piping Valves,each,DemoForge Industries,DEMO-PN-070-1,SYN-CAN-070,SYN-VLV-BAL-DN80-CL300,canonical_case,SYN-CAN-073,Same material family/category but differing technical specification; not equivalent.,SYNTHETIC_DEMO_DATA_ONLY
SYN-REC-0347,Astra Petrochem Demo Corporation,LOC-VLV-BAL-DN80-CL300-2,BALL VLV DN 80 CLASS 300 RF FLG,Piping Valves,nos,Prototype Engineering Supply,DEMO-PN-070-2,SYN-CAN-070,SYN-VLV-BAL-DN80-CL300,abbreviation_capitalization,SYN-CAN-073,Same material family/category but differing technical specification; not equivalent.,SYNTHETIC_DEMO_DATA_ONLY
SYN-REC-0348,Bharat Thermal Demo Enterprise,LOC-VLV-BAL-DN80-CL300-3,valve; Class 300; RF flange; DN 80; ball,Piping Valves,No.,Prototype Engineering Supply,DEMO-PN-070-3,SYN-CAN-070,SYN-VLV-BAL-DN80-CL300,punctuation_reordered,SYN-CAN-073,Same material family/category but differing technical specification; not equivalent.,SYNTHETIC_DEMO_DATA_ONLY
SYN-REC-0349,Dakshin Steel Demo Works,LOC-VLV-BAL-DN80-CL300-4,"ASME B16.34 ball type, raised-face flanged, DN 80, Class 300",Piping Valves,each,Synthetic Process Systems,DEMO-PN-070-4,SYN-CAN-070,SYN-VLV-BAL-DN80-CL300,equivalent_terminology,SYN-CAN-073,Same material family/category but differing technical specification; not equivalent.,SYNTHETIC_DEMO_DATA_ONLY
SYN-REC-0350,Narmada Power Demo Limited,LOC-VLV-BAL-DN80-CL300-5,Ball valve DN 80 RF; pressure rating Class 300,Piping Valves,pcs,DemoForge Industries,DEMO-PN-070-5,SYN-CAN-070,SYN-VLV-BAL-DN80-CL300,near_duplicate_pressure_class,SYN-CAN-073,Same material family/category but differing technical specification; not equivalent.,SYNTHETIC_DEMO_DATA_ONLY
SYN-REC-0351,Astra Petrochem Demo Corporation,LOC-VLV-BUT-DN15-CL150-1,Butterfly Valve DN 15 Class 150 RF Flanged,Piping Valves,each,Prototype Engineering Supply,DEMO-PN-071-1,SYN-CAN-071,SYN-VLV-BUT-DN15-CL150,canonical_case,SYN-CAN-074,Same material family/category but differing technical specification; not equivalent.,SYNTHETIC_DEMO_DATA_ONLY
SYN-REC-0352,Bharat Thermal Demo Enterprise,LOC-VLV-BUT-DN15-CL150-2,BUTTERFLY VLV DN 15 CLASS 150 RF FLG,Piping Valves,nos,Prototype Engineering Supply,DEMO-PN-071-2,SYN-CAN-071,SYN-VLV-BUT-DN15-CL150,abbreviation_capitalization,SYN-CAN-074,Same material family/category but differing technical specification; not equivalent.,SYNTHETIC_DEMO_DATA_ONLY
SYN-REC-0353,Dakshin Steel Demo Works,LOC-VLV-BUT-DN15-CL150-3,valve; Class 150; RF flange; DN 15; butterfly,Piping Valves,No.,DemoForge Industries,DEMO-PN-071-3,SYN-CAN-071,SYN-VLV-BUT-DN15-CL150,punctuation_reordered,SYN-CAN-074,Same material family/category but differing technical specification; not equivalent.,SYNTHETIC_DEMO_DATA_ONLY
SYN-REC-0354,Narmada Power Demo Limited,LOC-VLV-BUT-DN15-CL150-4,"ASME B16.34 butterfly type, raised-face flanged, DN 15, Class 150",Piping Valves,each,Prototype Engineering Supply,DEMO-PN-071-4,SYN-CAN-071,SYN-VLV-BUT-DN15-CL150,equivalent_terminology,SYN-CAN-074,Same material family/category but differing technical specification; not equivalent.,SYNTHETIC_DEMO_DATA_ONLY
SYN-REC-0355,Vindhya Engineering Demo Services,LOC-VLV-BUT-DN15-CL150-5,Butterfly valve DN 15 RF; pressure rating Class 150,Piping Valves,pcs,DemoForge Industries,DEMO-PN-071-5,SYN-CAN-071,SYN-VLV-BUT-DN15-CL150,near_duplicate_pressure_class,SYN-CAN-074,Same material family/category but differing technical specification; not equivalent.,SYNTHETIC_DEMO_DATA_ONLY
SYN-REC-0356,Bharat Thermal Demo Enterprise,LOC-VLV-BUT-DN15-CL300-1,Butterfly Valve DN 15 Class 300 RF Flanged,Piping Valves,each,Synthetic Process Systems,DEMO-PN-072-1,SYN-CAN-072,SYN-VLV-BUT-DN15-CL300,canonical_case,SYN-CAN-075,Same material family/category but differing technical specification; not equivalent.,SYNTHETIC_DEMO_DATA_ONLY
SYN-REC-0357,Dakshin Steel Demo Works,LOC-VLV-BUT-DN15-CL300-2,BUTTERFLY VLV DN 15 CLASS 300 RF FLG,Piping Valves,nos,Prototype Engineering Supply,DEMO-PN-072-2,SYN-CAN-072,SYN-VLV-BUT-DN15-CL300,abbreviation_capitalization,SYN-CAN-075,Same material family/category but differing technical specification; not equivalent.,SYNTHETIC_DEMO_DATA_ONLY
SYN-REC-0358,Narmada Power Demo Limited,LOC-VLV-BUT-DN15-CL300-3,valve; Class 300; RF flange; DN 15; butterfly,Piping Valves,No.,Synthetic Process Systems,DEMO-PN-072-3,SYN-CAN-072,SYN-VLV-BUT-DN15-CL300,punctuation_reordered,SYN-CAN-075,Same material family/category but differing technical specification; not equivalent.,SYNTHETIC_DEMO_DATA_ONLY
SYN-REC-0359,Vindhya Engineering Demo Services,LOC-VLV-BUT-DN15-CL300-4,"ASME B16.34 butterfly type, raised-face flanged, DN 15, Class 300",Piping Valves,each,DemoForge Industries,DEMO-PN-072-4,SYN-CAN-072,SYN-VLV-BUT-DN15-CL300,equivalent_terminology,SYN-CAN-075,Same material family/category but differing technical specification; not equivalent.,SYNTHETIC_DEMO_DATA_ONLY
SYN-REC-0360,Astra Petrochem Demo Corporation,LOC-VLV-BUT-DN15-CL300-5,Butterfly valve DN 15 RF; pressure rating Class 300,Piping Valves,pcs,Prototype Engineering Supply,DEMO-PN-072-5,SYN-CAN-072,SYN-VLV-BUT-DN15-CL300,near_duplicate_pressure_class,SYN-CAN-075,Same material family/category but differing technical specification; not equivalent.,SYNTHETIC_DEMO_DATA_ONLY
SYN-REC-0361,Dakshin Steel Demo Works,LOC-VLV-BUT-DN25-CL150-1,Butterfly Valve DN 25 Class 150 RF Flanged,Piping Valves,each,Synthetic Process Systems,DEMO-PN-073-1,SYN-CAN-073,SYN-VLV-BUT-DN25-CL150,canonical_case,SYN-CAN-076,Same material family/category but differing technical specification; not equivalent.,SYNTHETIC_DEMO_DATA_ONLY
SYN-REC-0362,Narmada Power Demo Limited,LOC-VLV-BUT-DN25-CL150-2,BUTTERFLY VLV DN 25 CLASS 150 RF FLG,Piping Valves,nos,DemoForge Industries,DEMO-PN-073-2,SYN-CAN-073,SYN-VLV-BUT-DN25-CL150,abbreviation_capitalization,SYN-CAN-076,Same material family/category but differing technical specification; not equivalent.,SYNTHETIC_DEMO_DATA_ONLY
SYN-REC-0363,Vindhya Engineering Demo Services,LOC-VLV-BUT-DN25-CL150-3,valve; Class 150; RF flange; DN 25; butterfly,Piping Valves,No.,DemoForge Industries,DEMO-PN-073-3,SYN-CAN-073,SYN-VLV-BUT-DN25-CL150,punctuation_reordered,SYN-CAN-076,Same material family/category but differing technical specification; not equivalent.,SYNTHETIC_DEMO_DATA_ONLY
SYN-REC-0364,Astra Petrochem Demo Corporation,LOC-VLV-BUT-DN25-CL150-4,"ASME B16.34 butterfly type, raised-face flanged, DN 25, Class 150",Piping Valves,each,DemoForge Industries,DEMO-PN-073-4,SYN-CAN-073,SYN-VLV-BUT-DN25-CL150,equivalent_terminology,SYN-CAN-076,Same material family/category but differing technical specification; not equivalent.,SYNTHETIC_DEMO_DATA_ONLY
SYN-REC-0365,Bharat Thermal Demo Enterprise,LOC-VLV-BUT-DN25-CL150-5,Butterfly valve DN 25 RF; pressure rating Class 150,Piping Valves,pcs,Prototype Engineering Supply,DEMO-PN-073-5,SYN-CAN-073,SYN-VLV-BUT-DN25-CL150,near_duplicate_pressure_class,SYN-CAN-076,Same material family/category but differing technical specification; not equivalent.,SYNTHETIC_DEMO_DATA_ONLY
SYN-REC-0366,Narmada Power Demo Limited,LOC-VLV-BUT-DN25-CL300-1,Butterfly Valve DN 25 Class 300 RF Flanged,Piping Valves,each,Synthetic Process Systems,DEMO-PN-074-1,SYN-CAN-074,SYN-VLV-BUT-DN25-CL300,canonical_case,SYN-CAN-077,Same material family/category but differing technical specification; not equivalent.,SYNTHETIC_DEMO_DATA_ONLY
SYN-REC-0367,Vindhya Engineering Demo Services,LOC-VLV-BUT-DN25-CL300-2,BUTTERFLY VLV DN 25 CLASS 300 RF FLG,Piping Valves,nos,Prototype Engineering Supply,DEMO-PN-074-2,SYN-CAN-074,SYN-VLV-BUT-DN25-CL300,abbreviation_capitalization,SYN-CAN-077,Same material family/category but differing technical specification; not equivalent.,SYNTHETIC_DEMO_DATA_ONLY
SYN-REC-0368,Astra Petrochem Demo Corporation,LOC-VLV-BUT-DN25-CL300-3,valve; Class 300; RF flange; DN 25; butterfly,Piping Valves,No.,Synthetic Process Systems,DEMO-PN-074-3,SYN-CAN-074,SYN-VLV-BUT-DN25-CL300,punctuation_reordered,SYN-CAN-077,Same material family/category but differing technical specification; not equivalent.,SYNTHETIC_DEMO_DATA_ONLY
SYN-REC-0369,Bharat Thermal Demo Enterprise,LOC-VLV-BUT-DN25-CL300-4,"ASME B16.34 butterfly type, raised-face flanged, DN 25, Class 300",Piping Valves,each,DemoForge Industries,DEMO-PN-074-4,SYN-CAN-074,SYN-VLV-BUT-DN25-CL300,equivalent_terminology,SYN-CAN-077,Same material family/category but differing technical specification; not equivalent.,SYNTHETIC_DEMO_DATA_ONLY
SYN-REC-0370,Dakshin Steel Demo Works,LOC-VLV-BUT-DN25-CL300-5,Butterfly valve DN 25 RF; pressure rating Class 300,Piping Valves,pcs,DemoForge Industries,DEMO-PN-074-5,SYN-CAN-074,SYN-VLV-BUT-DN25-CL300,near_duplicate_pressure_class,SYN-CAN-077,Same material family/category but differing technical specification; not equivalent.,SYNTHETIC_DEMO_DATA_ONLY
SYN-REC-0371,Vindhya Engineering Demo Services,LOC-VLV-BUT-DN40-CL150-1,Butterfly Valve DN 40 Class 150 RF Flanged,Piping Valves,each,Prototype Engineering Supply,DEMO-PN-075-1,SYN-CAN-075,SYN-VLV-BUT-DN40-CL150,canonical_case,SYN-CAN-078,Same material family/category but differing technical specification; not equivalent.,SYNTHETIC_DEMO_DATA_ONLY
SYN-REC-0372,Astra Petrochem Demo Corporation,LOC-VLV-BUT-DN40-CL150-2,BUTTERFLY VLV DN 40 CLASS 150 RF FLG,Piping Valves,nos,Prototype Engineering Supply,DEMO-PN-075-2,SYN-CAN-075,SYN-VLV-BUT-DN40-CL150,abbreviation_capitalization,SYN-CAN-078,Same material family/category but differing technical specification; not equivalent.,SYNTHETIC_DEMO_DATA_ONLY
SYN-REC-0373,Bharat Thermal Demo Enterprise,LOC-VLV-BUT-DN40-CL150-3,valve; Class 150; RF flange; DN 40; butterfly,Piping Valves,No.,Synthetic Process Systems,DEMO-PN-075-3,SYN-CAN-075,SYN-VLV-BUT-DN40-CL150,punctuation_reordered,SYN-CAN-078,Same material family/category but differing technical specification; not equivalent.,SYNTHETIC_DEMO_DATA_ONLY
SYN-REC-0374,Dakshin Steel Demo Works,LOC-VLV-BUT-DN40-CL150-4,"ASME B16.34 butterfly type, raised-face flanged, DN 40, Class 150",Piping Valves,each,Prototype Engineering Supply,DEMO-PN-075-4,SYN-CAN-075,SYN-VLV-BUT-DN40-CL150,equivalent_terminology,SYN-CAN-078,Same material family/category but differing technical specification; not equivalent.,SYNTHETIC_DEMO_DATA_ONLY
SYN-REC-0375,Narmada Power Demo Limited,LOC-VLV-BUT-DN40-CL150-5,Butterfly valve DN 40 RF; pressure rating Class 150,Piping Valves,pcs,DemoForge Industries,DEMO-PN-075-5,SYN-CAN-075,SYN-VLV-BUT-DN40-CL150,near_duplicate_pressure_class,SYN-CAN-078,Same material family/category but differing technical specification; not equivalent.,SYNTHETIC_DEMO_DATA_ONLY
SYN-REC-0376,Astra Petrochem Demo Corporation,LOC-VLV-BUT-DN40-CL300-1,Butterfly Valve DN 40 Class 300 RF Flanged,Piping Valves,each,DemoForge Industries,DEMO-PN-076-1,SYN-CAN-076,SYN-VLV-BUT-DN40-CL300,canonical_case,SYN-CAN-079,Same material family/category but differing technical specification; not equivalent.,SYNTHETIC_DEMO_DATA_ONLY
SYN-REC-0377,Bharat Thermal Demo Enterprise,LOC-VLV-BUT-DN40-CL300-2,BUTTERFLY VLV DN 40 CLASS 300 RF FLG,Piping Valves,nos,Synthetic Process Systems,DEMO-PN-076-2,SYN-CAN-076,SYN-VLV-BUT-DN40-CL300,abbreviation_capitalization,SYN-CAN-079,Same material family/category but differing technical specification; not equivalent.,SYNTHETIC_DEMO_DATA_ONLY
SYN-REC-0378,Dakshin Steel Demo Works,LOC-VLV-BUT-DN40-CL300-3,valve; Class 300; RF flange; DN 40; butterfly,Piping Valves,No.,Synthetic Process Systems,DEMO-PN-076-3,SYN-CAN-076,SYN-VLV-BUT-DN40-CL300,punctuation_reordered,SYN-CAN-079,Same material family/category but differing technical specification; not equivalent.,SYNTHETIC_DEMO_DATA_ONLY
SYN-REC-0379,Narmada Power Demo Limited,LOC-VLV-BUT-DN40-CL300-4,"ASME B16.34 butterfly type, raised-face flanged, DN 40, Class 300",Piping Valves,each,DemoForge Industries,DEMO-PN-076-4,SYN-CAN-076,SYN-VLV-BUT-DN40-CL300,equivalent_terminology,SYN-CAN-079,Same material family/category but differing technical specification; not equivalent.,SYNTHETIC_DEMO_DATA_ONLY
SYN-REC-0380,Vindhya Engineering Demo Services,LOC-VLV-BUT-DN40-CL300-5,Butterfly valve DN 40 RF; pressure rating Class 300,Piping Valves,pcs,Prototype Engineering Supply,DEMO-PN-076-5,SYN-CAN-076,SYN-VLV-BUT-DN40-CL300,near_duplicate_pressure_class,SYN-CAN-079,Same material family/category but differing technical specification; not equivalent.,SYNTHETIC_DEMO_DATA_ONLY
SYN-REC-0381,Bharat Thermal Demo Enterprise,LOC-VLV-BUT-DN50-CL150-1,Butterfly Valve DN 50 Class 150 RF Flanged,Piping Valves,each,DemoForge Industries,DEMO-PN-077-1,SYN-CAN-077,SYN-VLV-BUT-DN50-CL150,canonical_case,SYN-CAN-080,Same material family/category but differing technical specification; not equivalent.,SYNTHETIC_DEMO_DATA_ONLY
SYN-REC-0382,Dakshin Steel Demo Works,LOC-VLV-BUT-DN50-CL150-2,BUTTERFLY VLV DN 50 CLASS 150 RF FLG,Piping Valves,nos,Synthetic Process Systems,DEMO-PN-077-2,SYN-CAN-077,SYN-VLV-BUT-DN50-CL150,abbreviation_capitalization,SYN-CAN-080,Same material family/category but differing technical specification; not equivalent.,SYNTHETIC_DEMO_DATA_ONLY
SYN-REC-0383,Narmada Power Demo Limited,LOC-VLV-BUT-DN50-CL150-3,valve; Class 150; RF flange; DN 50; butterfly,Piping Valves,No.,Synthetic Process Systems,DEMO-PN-077-3,SYN-CAN-077,SYN-VLV-BUT-DN50-CL150,punctuation_reordered,SYN-CAN-080,Same material family/category but differing technical specification; not equivalent.,SYNTHETIC_DEMO_DATA_ONLY
SYN-REC-0384,Vindhya Engineering Demo Services,LOC-VLV-BUT-DN50-CL150-4,"ASME B16.34 butterfly type, raised-face flanged, DN 50, Class 150",Piping Valves,each,Synthetic Process Systems,DEMO-PN-077-4,SYN-CAN-077,SYN-VLV-BUT-DN50-CL150,equivalent_terminology,SYN-CAN-080,Same material family/category but differing technical specification; not equivalent.,SYNTHETIC_DEMO_DATA_ONLY
SYN-REC-0385,Astra Petrochem Demo Corporation,LOC-VLV-BUT-DN50-CL150-5,Butterfly valve DN 50 RF; pressure rating Class 150,Piping Valves,pcs,Prototype Engineering Supply,DEMO-PN-077-5,SYN-CAN-077,SYN-VLV-BUT-DN50-CL150,near_duplicate_pressure_class,SYN-CAN-080,Same material family/category but differing technical specification; not equivalent.,SYNTHETIC_DEMO_DATA_ONLY
SYN-REC-0386,Dakshin Steel Demo Works,LOC-VLV-BUT-DN50-CL300-1,Butterfly Valve DN 50 Class 300 RF Flanged,Piping Valves,each,Prototype Engineering Supply,DEMO-PN-078-1,SYN-CAN-078,SYN-VLV-BUT-DN50-CL300,canonical_case,SYN-CAN-041,Same material family/category but differing technical specification; not equivalent.,SYNTHETIC_DEMO_DATA_ONLY
SYN-REC-0387,Narmada Power Demo Limited,LOC-VLV-BUT-DN50-CL300-2,BUTTERFLY VLV DN 50 CLASS 300 RF FLG,Piping Valves,nos,Synthetic Process Systems,DEMO-PN-078-2,SYN-CAN-078,SYN-VLV-BUT-DN50-CL300,abbreviation_capitalization,SYN-CAN-041,Same material family/category but differing technical specification; not equivalent.,SYNTHETIC_DEMO_DATA_ONLY
SYN-REC-0388,Vindhya Engineering Demo Services,LOC-VLV-BUT-DN50-CL300-3,valve; Class 300; RF flange; DN 50; butterfly,Piping Valves,No.,Prototype Engineering Supply,DEMO-PN-078-3,SYN-CAN-078,SYN-VLV-BUT-DN50-CL300,punctuation_reordered,SYN-CAN-041,Same material family/category but differing technical specification; not equivalent.,SYNTHETIC_DEMO_DATA_ONLY
SYN-REC-0389,Astra Petrochem Demo Corporation,LOC-VLV-BUT-DN50-CL300-4,"ASME B16.34 butterfly type, raised-face flanged, DN 50, Class 300",Piping Valves,each,Prototype Engineering Supply,DEMO-PN-078-4,SYN-CAN-078,SYN-VLV-BUT-DN50-CL300,equivalent_terminology,SYN-CAN-041,Same material family/category but differing technical specification; not equivalent.,SYNTHETIC_DEMO_DATA_ONLY
SYN-REC-0390,Bharat Thermal Demo Enterprise,LOC-VLV-BUT-DN50-CL300-5,Butterfly valve DN 50 RF; pressure rating Class 300,Piping Valves,pcs,Synthetic Process Systems,DEMO-PN-078-5,SYN-CAN-078,SYN-VLV-BUT-DN50-CL300,near_duplicate_pressure_class,SYN-CAN-041,Same material family/category but differing technical specification; not equivalent.,SYNTHETIC_DEMO_DATA_ONLY
SYN-REC-0391,Narmada Power Demo Limited,LOC-VLV-BUT-DN80-CL150-1,Butterfly Valve DN 80 Class 150 RF Flanged,Piping Valves,each,Synthetic Process Systems,DEMO-PN-079-1,SYN-CAN-079,SYN-VLV-BUT-DN80-CL150,canonical_case,SYN-CAN-042,Same material family/category but differing technical specification; not equivalent.,SYNTHETIC_DEMO_DATA_ONLY
SYN-REC-0392,Vindhya Engineering Demo Services,LOC-VLV-BUT-DN80-CL150-2,BUTTERFLY VLV DN 80 CLASS 150 RF FLG,Piping Valves,nos,Prototype Engineering Supply,DEMO-PN-079-2,SYN-CAN-079,SYN-VLV-BUT-DN80-CL150,abbreviation_capitalization,SYN-CAN-042,Same material family/category but differing technical specification; not equivalent.,SYNTHETIC_DEMO_DATA_ONLY
SYN-REC-0393,Astra Petrochem Demo Corporation,LOC-VLV-BUT-DN80-CL150-3,valve; Class 150; RF flange; DN 80; butterfly,Piping Valves,No.,Synthetic Process Systems,DEMO-PN-079-3,SYN-CAN-079,SYN-VLV-BUT-DN80-CL150,punctuation_reordered,SYN-CAN-042,Same material family/category but differing technical specification; not equivalent.,SYNTHETIC_DEMO_DATA_ONLY
SYN-REC-0394,Bharat Thermal Demo Enterprise,LOC-VLV-BUT-DN80-CL150-4,"ASME B16.34 butterfly type, raised-face flanged, DN 80, Class 150",Piping Valves,each,Synthetic Process Systems,DEMO-PN-079-4,SYN-CAN-079,SYN-VLV-BUT-DN80-CL150,equivalent_terminology,SYN-CAN-042,Same material family/category but differing technical specification; not equivalent.,SYNTHETIC_DEMO_DATA_ONLY
SYN-REC-0395,Dakshin Steel Demo Works,LOC-VLV-BUT-DN80-CL150-5,Butterfly valve DN 80 RF; pressure rating Class 150,Piping Valves,pcs,DemoForge Industries,DEMO-PN-079-5,SYN-CAN-079,SYN-VLV-BUT-DN80-CL150,near_duplicate_pressure_class,SYN-CAN-042,Same material family/category but differing technical specification; not equivalent.,SYNTHETIC_DEMO_DATA_ONLY
SYN-REC-0396,Vindhya Engineering Demo Services,LOC-VLV-BUT-DN80-CL300-1,Butterfly Valve DN 80 Class 300 RF Flanged,Piping Valves,each,Synthetic Process Systems,DEMO-PN-080-1,SYN-CAN-080,SYN-VLV-BUT-DN80-CL300,canonical_case,SYN-CAN-043,Same material family/category but differing technical specification; not equivalent.,SYNTHETIC_DEMO_DATA_ONLY
SYN-REC-0397,Astra Petrochem Demo Corporation,LOC-VLV-BUT-DN80-CL300-2,BUTTERFLY VLV DN 80 CLASS 300 RF FLG,Piping Valves,nos,DemoForge Industries,DEMO-PN-080-2,SYN-CAN-080,SYN-VLV-BUT-DN80-CL300,abbreviation_capitalization,SYN-CAN-043,Same material family/category but differing technical specification; not equivalent.,SYNTHETIC_DEMO_DATA_ONLY
SYN-REC-0398,Bharat Thermal Demo Enterprise,LOC-VLV-BUT-DN80-CL300-3,valve; Class 300; RF flange; DN 80; butterfly,Piping Valves,No.,Prototype Engineering Supply,DEMO-PN-080-3,SYN-CAN-080,SYN-VLV-BUT-DN80-CL300,punctuation_reordered,SYN-CAN-043,Same material family/category but differing technical specification; not equivalent.,SYNTHETIC_DEMO_DATA_ONLY
SYN-REC-0399,Dakshin Steel Demo Works,LOC-VLV-BUT-DN80-CL300-4,"ASME B16.34 butterfly type, raised-face flanged, DN 80, Class 300",Piping Valves,each,Prototype Engineering Supply,DEMO-PN-080-4,SYN-CAN-080,SYN-VLV-BUT-DN80-CL300,equivalent_terminology,SYN-CAN-043,Same material family/category but differing technical specification; not equivalent.,SYNTHETIC_DEMO_DATA_ONLY
SYN-REC-0400,Narmada Power Demo Limited,LOC-VLV-BUT-DN80-CL300-5,Butterfly valve DN 80 RF; pressure rating Class 300,Piping Valves,pcs,Prototype Engineering Supply,DEMO-PN-080-5,SYN-CAN-080,SYN-VLV-BUT-DN80-CL300,near_duplicate_pressure_class,SYN-CAN-043,Same material family/category but differing technical specification; not equivalent.,SYNTHETIC_DEMO_DATA_ONLY
SYN-REC-0401,Astra Petrochem Demo Corporation,LOC-CBL-COP-2CX2P5-1P1kV-1,Copper PVC Cable 2C x 2.5 sq mm 1.1 kV,Electrical Cables,metre,Prototype Engineering Supply,DEMO-PN-081-1,SYN-CAN-081,SYN-CBL-COP-2CX2P5-1P1kV,canonical_case,SYN-CAN-087,Same material family/category but differing technical specification; not equivalent.,SYNTHETIC_DEMO_DATA_ONLY
SYN-REC-0402,Bharat Thermal Demo Enterprise,LOC-CBL-COP-2CX2P5-1P1kV-2,COPPER 2C x 2.5 SQMM RATED VOLTAGE 1.1 KV CBL,Electrical Cables,mtr,Synthetic Process Systems,DEMO-PN-081-2,SYN-CAN-081,SYN-CBL-COP-2CX2P5-1P1kV,abbreviation_capitalization,SYN-CAN-087,Same material family/category but differing technical specification; not equivalent.,SYNTHETIC_DEMO_DATA_ONLY
SYN-REC-0403,Dakshin Steel Demo Works,LOC-CBL-COP-2CX2P5-1P1kV-3,"cable, rated voltage 1.1 kV; 2C x 2.5 sq mm; copper conductor",Electrical Cables,M,DemoForge Industries,DEMO-PN-081-3,SYN-CAN-081,SYN-CBL-COP-2CX2P5-1P1kV,punctuation_reordered,SYN-CAN-087,Same material family/category but differing technical specification; not equivalent.,SYNTHETIC_DEMO_DATA_ONLY
SYN-REC-0404,Narmada Power Demo Limited,LOC-CBL-COP-2CX2P5-1P1kV-4,2C x 2.5 sq mm square millimetre copper conductor insulated cable rated rated voltage 1.1 kV,Electrical Cables,metres,Synthetic Process Systems,DEMO-PN-081-4,SYN-CAN-081,SYN-CBL-COP-2CX2P5-1P1kV,equivalent_terminology,SYN-CAN-087,Same material family/category but differing technical specification; not equivalent.,SYNTHETIC_DEMO_DATA_ONLY
SYN-REC-0405,Vindhya Engineering Demo Services,LOC-CBL-COP-2CX2P5-1P1kV-5,"Copper cable 2C x 2.5 sq mm, voltage rating rated voltage 1.1 kV",Electrical Cables,meter,Prototype Engineering Supply,DEMO-PN-081-5,SYN-CAN-081,SYN-CBL-COP-2CX2P5-1P1kV,near_duplicate_voltage,SYN-CAN-087,Same material family/category but differing technical specification; not equivalent.,SYNTHETIC_DEMO_DATA_ONLY
SYN-REC-0406,Bharat Thermal Demo Enterprise,LOC-CBL-COP-2CX2P5-3P3kV-1,Copper PVC Cable 2C x 2.5 sq mm 3.3 kV,Electrical Cables,metre,Synthetic Process Systems,DEMO-PN-082-1,SYN-CAN-082,SYN-CBL-COP-2CX2P5-3P3kV,canonical_case,SYN-CAN-088,Same material family/category but differing technical specification; not equivalent.,SYNTHETIC_DEMO_DATA_ONLY
SYN-REC-0407,Dakshin Steel Demo Works,LOC-CBL-COP-2CX2P5-3P3kV-2,COPPER 2C x 2.5 SQMM RATED VOLTAGE 3.3 KV CBL,Electrical Cables,mtr,DemoForge Industries,DEMO-PN-082-2,SYN-CAN-082,SYN-CBL-COP-2CX2P5-3P3kV,abbreviation_capitalization,SYN-CAN-088,Same material family/category but differing technical specification; not equivalent.,SYNTHETIC_DEMO_DATA_ONLY
SYN-REC-0408,Narmada Power Demo Limited,LOC-CBL-COP-2CX2P5-3P3kV-3,"cable, rated voltage 3.3 kV; 2C x 2.5 sq mm; copper conductor",Electrical Cables,M,DemoForge Industries,DEMO-PN-082-3,SYN-CAN-082,SYN-CBL-COP-2CX2P5-3P3kV,punctuation_reordered,SYN-CAN-088,Same material family/category but differing technical specification; not equivalent.,SYNTHETIC_DEMO_DATA_ONLY
SYN-REC-0409,Vindhya Engineering Demo Services,LOC-CBL-COP-2CX2P5-3P3kV-4,2C x 2.5 sq mm square millimetre copper conductor insulated cable rated rated voltage 3.3 kV,Electrical Cables,metres,Prototype Engineering Supply,DEMO-PN-082-4,SYN-CAN-082,SYN-CBL-COP-2CX2P5-3P3kV,equivalent_terminology,SYN-CAN-088,Same material family/category but differing technical specification; not equivalent.,SYNTHETIC_DEMO_DATA_ONLY
SYN-REC-0410,Astra Petrochem Demo Corporation,LOC-CBL-COP-2CX2P5-3P3kV-5,"Copper cable 2C x 2.5 sq mm, voltage rating rated voltage 3.3 kV",Electrical Cables,meter,Prototype Engineering Supply,DEMO-PN-082-5,SYN-CAN-082,SYN-CBL-COP-2CX2P5-3P3kV,near_duplicate_voltage,SYN-CAN-088,Same material family/category but differing technical specification; not equivalent.,SYNTHETIC_DEMO_DATA_ONLY
SYN-REC-0411,Dakshin Steel Demo Works,LOC-CBL-COP-3CX4-1P1kV-1,Copper PVC Cable 3C x 4 sq mm 1.1 kV,Electrical Cables,metre,DemoForge Industries,DEMO-PN-083-1,SYN-CAN-083,SYN-CBL-COP-3CX4-1P1kV,canonical_case,SYN-CAN-089,Same material family/category but differing technical specification; not equivalent.,SYNTHETIC_DEMO_DATA_ONLY
SYN-REC-0412,Narmada Power Demo Limited,LOC-CBL-COP-3CX4-1P1kV-2,COPPER 3C x 4 SQMM RATED VOLTAGE 1.1 KV CBL,Electrical Cables,mtr,Prototype Engineering Supply,DEMO-PN-083-2,SYN-CAN-083,SYN-CBL-COP-3CX4-1P1kV,abbreviation_capitalization,SYN-CAN-089,Same material family/category but differing technical specification; not equivalent.,SYNTHETIC_DEMO_DATA_ONLY
SYN-REC-0413,Vindhya Engineering Demo Services,LOC-CBL-COP-3CX4-1P1kV-3,"cable, rated voltage 1.1 kV; 3C x 4 sq mm; copper conductor",Electrical Cables,M,DemoForge Industries,DEMO-PN-083-3,SYN-CAN-083,SYN-CBL-COP-3CX4-1P1kV,punctuation_reordered,SYN-CAN-089,Same material family/category but differing technical specification; not equivalent.,SYNTHETIC_DEMO_DATA_ONLY
SYN-REC-0414,Astra Petrochem Demo Corporation,LOC-CBL-COP-3CX4-1P1kV-4,3C x 4 sq mm square millimetre copper conductor insulated cable rated rated voltage 1.1 kV,Electrical Cables,metres,DemoForge Industries,DEMO-PN-083-4,SYN-CAN-083,SYN-CBL-COP-3CX4-1P1kV,equivalent_terminology,SYN-CAN-089,Same material family/category but differing technical specification; not equivalent.,SYNTHETIC_DEMO_DATA_ONLY
SYN-REC-0415,Bharat Thermal Demo Enterprise,LOC-CBL-COP-3CX4-1P1kV-5,"Copper cable 3C x 4 sq mm, voltage rating rated voltage 1.1 kV",Electrical Cables,meter,Prototype Engineering Supply,DEMO-PN-083-5,SYN-CAN-083,SYN-CBL-COP-3CX4-1P1kV,near_duplicate_voltage,SYN-CAN-089,Same material family/category but differing technical specification; not equivalent.,SYNTHETIC_DEMO_DATA_ONLY
SYN-REC-0416,Narmada Power Demo Limited,LOC-CBL-COP-3CX4-3P3kV-1,Copper PVC Cable 3C x 4 sq mm 3.3 kV,Electrical Cables,metre,Prototype Engineering Supply,DEMO-PN-084-1,SYN-CAN-084,SYN-CBL-COP-3CX4-3P3kV,canonical_case,SYN-CAN-090,Same material family/category but differing technical specification; not equivalent.,SYNTHETIC_DEMO_DATA_ONLY
SYN-REC-0417,Vindhya Engineering Demo Services,LOC-CBL-COP-3CX4-3P3kV-2,COPPER 3C x 4 SQMM RATED VOLTAGE 3.3 KV CBL,Electrical Cables,mtr,Synthetic Process Systems,DEMO-PN-084-2,SYN-CAN-084,SYN-CBL-COP-3CX4-3P3kV,abbreviation_capitalization,SYN-CAN-090,Same material family/category but differing technical specification; not equivalent.,SYNTHETIC_DEMO_DATA_ONLY
SYN-REC-0418,Astra Petrochem Demo Corporation,LOC-CBL-COP-3CX4-3P3kV-3,"cable, rated voltage 3.3 kV; 3C x 4 sq mm; copper conductor",Electrical Cables,M,Synthetic Process Systems,DEMO-PN-084-3,SYN-CAN-084,SYN-CBL-COP-3CX4-3P3kV,punctuation_reordered,SYN-CAN-090,Same material family/category but differing technical specification; not equivalent.,SYNTHETIC_DEMO_DATA_ONLY
SYN-REC-0419,Bharat Thermal Demo Enterprise,LOC-CBL-COP-3CX4-3P3kV-4,3C x 4 sq mm square millimetre copper conductor insulated cable rated rated voltage 3.3 kV,Electrical Cables,metres,Prototype Engineering Supply,DEMO-PN-084-4,SYN-CAN-084,SYN-CBL-COP-3CX4-3P3kV,equivalent_terminology,SYN-CAN-090,Same material family/category but differing technical specification; not equivalent.,SYNTHETIC_DEMO_DATA_ONLY
SYN-REC-0420,Dakshin Steel Demo Works,LOC-CBL-COP-3CX4-3P3kV-5,"Copper cable 3C x 4 sq mm, voltage rating rated voltage 3.3 kV",Electrical Cables,meter,DemoForge Industries,DEMO-PN-084-5,SYN-CAN-084,SYN-CBL-COP-3CX4-3P3kV,near_duplicate_voltage,SYN-CAN-090,Same material family/category but differing technical specification; not equivalent.,SYNTHETIC_DEMO_DATA_ONLY
SYN-REC-0421,Vindhya Engineering Demo Services,LOC-CBL-COP-3CX6-1P1kV-1,Copper PVC Cable 3C x 6 sq mm 1.1 kV,Electrical Cables,metre,Synthetic Process Systems,DEMO-PN-085-1,SYN-CAN-085,SYN-CBL-COP-3CX6-1P1kV,canonical_case,SYN-CAN-101,Same material family/category but differing technical specification; not equivalent.,SYNTHETIC_DEMO_DATA_ONLY
SYN-REC-0422,Astra Petrochem Demo Corporation,LOC-CBL-COP-3CX6-1P1kV-2,COPPER 3C x 6 SQMM RATED VOLTAGE 1.1 KV CBL,Electrical Cables,mtr,Synthetic Process Systems,DEMO-PN-085-2,SYN-CAN-085,SYN-CBL-COP-3CX6-1P1kV,abbreviation_capitalization,SYN-CAN-101,Same material family/category but differing technical specification; not equivalent.,SYNTHETIC_DEMO_DATA_ONLY
SYN-REC-0423,Bharat Thermal Demo Enterprise,LOC-CBL-COP-3CX6-1P1kV-3,"cable, rated voltage 1.1 kV; 3C x 6 sq mm; copper conductor",Electrical Cables,M,Synthetic Process Systems,DEMO-PN-085-3,SYN-CAN-085,SYN-CBL-COP-3CX6-1P1kV,punctuation_reordered,SYN-CAN-101,Same material family/category but differing technical specification; not equivalent.,SYNTHETIC_DEMO_DATA_ONLY
SYN-REC-0424,Dakshin Steel Demo Works,LOC-CBL-COP-3CX6-1P1kV-4,3C x 6 sq mm square millimetre copper conductor insulated cable rated rated voltage 1.1 kV,Electrical Cables,metres,DemoForge Industries,DEMO-PN-085-4,SYN-CAN-085,SYN-CBL-COP-3CX6-1P1kV,equivalent_terminology,SYN-CAN-101,Same material family/category but differing technical specification; not equivalent.,SYNTHETIC_DEMO_DATA_ONLY
SYN-REC-0425,Narmada Power Demo Limited,LOC-CBL-COP-3CX6-1P1kV-5,"Copper cable 3C x 6 sq mm, voltage rating rated voltage 1.1 kV",Electrical Cables,meter,Synthetic Process Systems,DEMO-PN-085-5,SYN-CAN-085,SYN-CBL-COP-3CX6-1P1kV,near_duplicate_voltage,SYN-CAN-101,Same material family/category but differing technical specification; not equivalent.,SYNTHETIC_DEMO_DATA_ONLY
SYN-REC-0426,Astra Petrochem Demo Corporation,LOC-CBL-COP-3CX6-3P3kV-1,Copper PVC Cable 3C x 6 sq mm 3.3 kV,Electrical Cables,metre,Prototype Engineering Supply,DEMO-PN-086-1,SYN-CAN-086,SYN-CBL-COP-3CX6-3P3kV,canonical_case,SYN-CAN-102,Same material family/category but differing technical specification; not equivalent.,SYNTHETIC_DEMO_DATA_ONLY
SYN-REC-0427,Bharat Thermal Demo Enterprise,LOC-CBL-COP-3CX6-3P3kV-2,COPPER 3C x 6 SQMM RATED VOLTAGE 3.3 KV CBL,Electrical Cables,mtr,Prototype Engineering Supply,DEMO-PN-086-2,SYN-CAN-086,SYN-CBL-COP-3CX6-3P3kV,abbreviation_capitalization,SYN-CAN-102,Same material family/category but differing technical specification; not equivalent.,SYNTHETIC_DEMO_DATA_ONLY
SYN-REC-0428,Dakshin Steel Demo Works,LOC-CBL-COP-3CX6-3P3kV-3,"cable, rated voltage 3.3 kV; 3C x 6 sq mm; copper conductor",Electrical Cables,M,Synthetic Process Systems,DEMO-PN-086-3,SYN-CAN-086,SYN-CBL-COP-3CX6-3P3kV,punctuation_reordered,SYN-CAN-102,Same material family/category but differing technical specification; not equivalent.,SYNTHETIC_DEMO_DATA_ONLY
SYN-REC-0429,Narmada Power Demo Limited,LOC-CBL-COP-3CX6-3P3kV-4,3C x 6 sq mm square millimetre copper conductor insulated cable rated rated voltage 3.3 kV,Electrical Cables,metres,Synthetic Process Systems,DEMO-PN-086-4,SYN-CAN-086,SYN-CBL-COP-3CX6-3P3kV,equivalent_terminology,SYN-CAN-102,Same material family/category but differing technical specification; not equivalent.,SYNTHETIC_DEMO_DATA_ONLY
SYN-REC-0430,Vindhya Engineering Demo Services,LOC-CBL-COP-3CX6-3P3kV-5,"Copper cable 3C x 6 sq mm, voltage rating rated voltage 3.3 kV",Electrical Cables,meter,Prototype Engineering Supply,DEMO-PN-086-5,SYN-CAN-086,SYN-CBL-COP-3CX6-3P3kV,near_duplicate_voltage,SYN-CAN-102,Same material family/category but differing technical specification; not equivalent.,SYNTHETIC_DEMO_DATA_ONLY
SYN-REC-0431,Bharat Thermal Demo Enterprise,LOC-CBL-COP-4CX10-1P1kV-1,Copper PVC Cable 4C x 10 sq mm 1.1 kV,Electrical Cables,metre,Synthetic Process Systems,DEMO-PN-087-1,SYN-CAN-087,SYN-CBL-COP-4CX10-1P1kV,canonical_case,SYN-CAN-103,Same material family/category but differing technical specification; not equivalent.,SYNTHETIC_DEMO_DATA_ONLY
SYN-REC-0432,Dakshin Steel Demo Works,LOC-CBL-COP-4CX10-1P1kV-2,COPPER 4C x 10 SQMM RATED VOLTAGE 1.1 KV CBL,Electrical Cables,mtr,DemoForge Industries,DEMO-PN-087-2,SYN-CAN-087,SYN-CBL-COP-4CX10-1P1kV,abbreviation_capitalization,SYN-CAN-103,Same material family/category but differing technical specification; not equivalent.,SYNTHETIC_DEMO_DATA_ONLY
SYN-REC-0433,Narmada Power Demo Limited,LOC-CBL-COP-4CX10-1P1kV-3,"cable, rated voltage 1.1 kV; 4C x 10 sq mm; copper conductor",Electrical Cables,M,Synthetic Process Systems,DEMO-PN-087-3,SYN-CAN-087,SYN-CBL-COP-4CX10-1P1kV,punctuation_reordered,SYN-CAN-103,Same material family/category but differing technical specification; not equivalent.,SYNTHETIC_DEMO_DATA_ONLY
SYN-REC-0434,Vindhya Engineering Demo Services,LOC-CBL-COP-4CX10-1P1kV-4,4C x 10 sq mm square millimetre copper conductor insulated cable rated rated voltage 1.1 kV,Electrical Cables,metres,DemoForge Industries,DEMO-PN-087-4,SYN-CAN-087,SYN-CBL-COP-4CX10-1P1kV,equivalent_terminology,SYN-CAN-103,Same material family/category but differing technical specification; not equivalent.,SYNTHETIC_DEMO_DATA_ONLY
SYN-REC-0435,Astra Petrochem Demo Corporation,LOC-CBL-COP-4CX10-1P1kV-5,"Copper cable 4C x 10 sq mm, voltage rating rated voltage 1.1 kV",Electrical Cables,meter,DemoForge Industries,DEMO-PN-087-5,SYN-CAN-087,SYN-CBL-COP-4CX10-1P1kV,near_duplicate_voltage,SYN-CAN-103,Same material family/category but differing technical specification; not equivalent.,SYNTHETIC_DEMO_DATA_ONLY
SYN-REC-0436,Dakshin Steel Demo Works,LOC-CBL-COP-4CX10-3P3kV-1,Copper PVC Cable 4C x 10 sq mm 3.3 kV,Electrical Cables,metre,Prototype Engineering Supply,DEMO-PN-088-1,SYN-CAN-088,SYN-CBL-COP-4CX10-3P3kV,canonical_case,SYN-CAN-104,Same material family/category but differing technical specification; not equivalent.,SYNTHETIC_DEMO_DATA_ONLY
SYN-REC-0437,Narmada Power Demo Limited,LOC-CBL-COP-4CX10-3P3kV-2,COPPER 4C x 10 SQMM RATED VOLTAGE 3.3 KV CBL,Electrical Cables,mtr,Synthetic Process Systems,DEMO-PN-088-2,SYN-CAN-088,SYN-CBL-COP-4CX10-3P3kV,abbreviation_capitalization,SYN-CAN-104,Same material family/category but differing technical specification; not equivalent.,SYNTHETIC_DEMO_DATA_ONLY
SYN-REC-0438,Vindhya Engineering Demo Services,LOC-CBL-COP-4CX10-3P3kV-3,"cable, rated voltage 3.3 kV; 4C x 10 sq mm; copper conductor",Electrical Cables,M,Synthetic Process Systems,DEMO-PN-088-3,SYN-CAN-088,SYN-CBL-COP-4CX10-3P3kV,punctuation_reordered,SYN-CAN-104,Same material family/category but differing technical specification; not equivalent.,SYNTHETIC_DEMO_DATA_ONLY
SYN-REC-0439,Astra Petrochem Demo Corporation,LOC-CBL-COP-4CX10-3P3kV-4,4C x 10 sq mm square millimetre copper conductor insulated cable rated rated voltage 3.3 kV,Electrical Cables,metres,Prototype Engineering Supply,DEMO-PN-088-4,SYN-CAN-088,SYN-CBL-COP-4CX10-3P3kV,equivalent_terminology,SYN-CAN-104,Same material family/category but differing technical specification; not equivalent.,SYNTHETIC_DEMO_DATA_ONLY
SYN-REC-0440,Bharat Thermal Demo Enterprise,LOC-CBL-COP-4CX10-3P3kV-5,"Copper cable 4C x 10 sq mm, voltage rating rated voltage 3.3 kV",Electrical Cables,meter,DemoForge Industries,DEMO-PN-088-5,SYN-CAN-088,SYN-CBL-COP-4CX10-3P3kV,near_duplicate_voltage,SYN-CAN-104,Same material family/category but differing technical specification; not equivalent.,SYNTHETIC_DEMO_DATA_ONLY
SYN-REC-0441,Narmada Power Demo Limited,LOC-CBL-COP-4CX16-1P1kV-1,Copper PVC Cable 4C x 16 sq mm 1.1 kV,Electrical Cables,metre,Prototype Engineering Supply,DEMO-PN-089-1,SYN-CAN-089,SYN-CBL-COP-4CX16-1P1kV,canonical_case,SYN-CAN-105,Same material family/category but differing technical specification; not equivalent.,SYNTHETIC_DEMO_DATA_ONLY
SYN-REC-0442,Vindhya Engineering Demo Services,LOC-CBL-COP-4CX16-1P1kV-2,COPPER 4C x 16 SQMM RATED VOLTAGE 1.1 KV CBL,Electrical Cables,mtr,DemoForge Industries,DEMO-PN-089-2,SYN-CAN-089,SYN-CBL-COP-4CX16-1P1kV,abbreviation_capitalization,SYN-CAN-105,Same material family/category but differing technical specification; not equivalent.,SYNTHETIC_DEMO_DATA_ONLY
SYN-REC-0443,Astra Petrochem Demo Corporation,LOC-CBL-COP-4CX16-1P1kV-3,"cable, rated voltage 1.1 kV; 4C x 16 sq mm; copper conductor",Electrical Cables,M,DemoForge Industries,DEMO-PN-089-3,SYN-CAN-089,SYN-CBL-COP-4CX16-1P1kV,punctuation_reordered,SYN-CAN-105,Same material family/category but differing technical specification; not equivalent.,SYNTHETIC_DEMO_DATA_ONLY
SYN-REC-0444,Bharat Thermal Demo Enterprise,LOC-CBL-COP-4CX16-1P1kV-4,4C x 16 sq mm square millimetre copper conductor insulated cable rated rated voltage 1.1 kV,Electrical Cables,metres,Prototype Engineering Supply,DEMO-PN-089-4,SYN-CAN-089,SYN-CBL-COP-4CX16-1P1kV,equivalent_terminology,SYN-CAN-105,Same material family/category but differing technical specification; not equivalent.,SYNTHETIC_DEMO_DATA_ONLY
SYN-REC-0445,Dakshin Steel Demo Works,LOC-CBL-COP-4CX16-1P1kV-5,"Copper cable 4C x 16 sq mm, voltage rating rated voltage 1.1 kV",Electrical Cables,meter,Synthetic Process Systems,DEMO-PN-089-5,SYN-CAN-089,SYN-CBL-COP-4CX16-1P1kV,near_duplicate_voltage,SYN-CAN-105,Same material family/category but differing technical specification; not equivalent.,SYNTHETIC_DEMO_DATA_ONLY
SYN-REC-0446,Vindhya Engineering Demo Services,LOC-CBL-COP-4CX16-3P3kV-1,Copper PVC Cable 4C x 16 sq mm 3.3 kV,Electrical Cables,metre,Synthetic Process Systems,DEMO-PN-090-1,SYN-CAN-090,SYN-CBL-COP-4CX16-3P3kV,canonical_case,SYN-CAN-106,Same material family/category but differing technical specification; not equivalent.,SYNTHETIC_DEMO_DATA_ONLY
SYN-REC-0447,Astra Petrochem Demo Corporation,LOC-CBL-COP-4CX16-3P3kV-2,COPPER 4C x 16 SQMM RATED VOLTAGE 3.3 KV CBL,Electrical Cables,mtr,DemoForge Industries,DEMO-PN-090-2,SYN-CAN-090,SYN-CBL-COP-4CX16-3P3kV,abbreviation_capitalization,SYN-CAN-106,Same material family/category but differing technical specification; not equivalent.,SYNTHETIC_DEMO_DATA_ONLY
SYN-REC-0448,Bharat Thermal Demo Enterprise,LOC-CBL-COP-4CX16-3P3kV-3,"cable, rated voltage 3.3 kV; 4C x 16 sq mm; copper conductor",Electrical Cables,M,Prototype Engineering Supply,DEMO-PN-090-3,SYN-CAN-090,SYN-CBL-COP-4CX16-3P3kV,punctuation_reordered,SYN-CAN-106,Same material family/category but differing technical specification; not equivalent.,SYNTHETIC_DEMO_DATA_ONLY
SYN-REC-0449,Dakshin Steel Demo Works,LOC-CBL-COP-4CX16-3P3kV-4,4C x 16 sq mm square millimetre copper conductor insulated cable rated rated voltage 3.3 kV,Electrical Cables,metres,Prototype Engineering Supply,DEMO-PN-090-4,SYN-CAN-090,SYN-CBL-COP-4CX16-3P3kV,equivalent_terminology,SYN-CAN-106,Same material family/category but differing technical specification; not equivalent.,SYNTHETIC_DEMO_DATA_ONLY
SYN-REC-0450,Narmada Power Demo Limited,LOC-CBL-COP-4CX16-3P3kV-5,"Copper cable 4C x 16 sq mm, voltage rating rated voltage 3.3 kV",Electrical Cables,meter,DemoForge Industries,DEMO-PN-090-5,SYN-CAN-090,SYN-CBL-COP-4CX16-3P3kV,near_duplicate_voltage,SYN-CAN-106,Same material family/category but differing technical specification; not equivalent.,SYNTHETIC_DEMO_DATA_ONLY
SYN-REC-0451,Astra Petrochem Demo Corporation,LOC-CBL-ALU-2CX2P5-1P1kV-1,Aluminium XLPE Cable 2C x 2.5 sq mm 1.1 kV,Electrical Cables,metre,Prototype Engineering Supply,DEMO-PN-091-1,SYN-CAN-091,SYN-CBL-ALU-2CX2P5-1P1kV,canonical_case,SYN-CAN-117,Same material family/category but differing technical specification; not equivalent.,SYNTHETIC_DEMO_DATA_ONLY
SYN-REC-0452,Bharat Thermal Demo Enterprise,LOC-CBL-ALU-2CX2P5-1P1kV-2,ALUMINIUM 2C x 2.5 SQMM RATED VOLTAGE 1.1 KV CBL,Electrical Cables,mtr,Synthetic Process Systems,DEMO-PN-091-2,SYN-CAN-091,SYN-CBL-ALU-2CX2P5-1P1kV,abbreviation_capitalization,SYN-CAN-117,Same material family/category but differing technical specification; not equivalent.,SYNTHETIC_DEMO_DATA_ONLY
SYN-REC-0453,Dakshin Steel Demo Works,LOC-CBL-ALU-2CX2P5-1P1kV-3,"cable, rated voltage 1.1 kV; 2C x 2.5 sq mm; aluminium conductor",Electrical Cables,M,Synthetic Process Systems,DEMO-PN-091-3,SYN-CAN-091,SYN-CBL-ALU-2CX2P5-1P1kV,punctuation_reordered,SYN-CAN-117,Same material family/category but differing technical specification; not equivalent.,SYNTHETIC_DEMO_DATA_ONLY
SYN-REC-0454,Narmada Power Demo Limited,LOC-CBL-ALU-2CX2P5-1P1kV-4,2C x 2.5 sq mm square millimetre aluminium conductor insulated cable rated rated voltage 1.1 kV,Electrical Cables,metres,DemoForge Industries,DEMO-PN-091-4,SYN-CAN-091,SYN-CBL-ALU-2CX2P5-1P1kV,equivalent_terminology,SYN-CAN-117,Same material family/category but differing technical specification; not equivalent.,SYNTHETIC_DEMO_DATA_ONLY
SYN-REC-0455,Vindhya Engineering Demo Services,LOC-CBL-ALU-2CX2P5-1P1kV-5,"Aluminium cable 2C x 2.5 sq mm, voltage rating rated voltage 1.1 kV",Electrical Cables,meter,Prototype Engineering Supply,DEMO-PN-091-5,SYN-CAN-091,SYN-CBL-ALU-2CX2P5-1P1kV,near_duplicate_voltage,SYN-CAN-117,Same material family/category but differing technical specification; not equivalent.,SYNTHETIC_DEMO_DATA_ONLY
SYN-REC-0456,Bharat Thermal Demo Enterprise,LOC-CBL-ALU-2CX2P5-3P3kV-1,Aluminium XLPE Cable 2C x 2.5 sq mm 3.3 kV,Electrical Cables,metre,Prototype Engineering Supply,DEMO-PN-092-1,SYN-CAN-092,SYN-CBL-ALU-2CX2P5-3P3kV,canonical_case,SYN-CAN-118,Same material family/category but differing technical specification; not equivalent.,SYNTHETIC_DEMO_DATA_ONLY
SYN-REC-0457,Dakshin Steel Demo Works,LOC-CBL-ALU-2CX2P5-3P3kV-2,ALUMINIUM 2C x 2.5 SQMM RATED VOLTAGE 3.3 KV CBL,Electrical Cables,mtr,DemoForge Industries,DEMO-PN-092-2,SYN-CAN-092,SYN-CBL-ALU-2CX2P5-3P3kV,abbreviation_capitalization,SYN-CAN-118,Same material family/category but differing technical specification; not equivalent.,SYNTHETIC_DEMO_DATA_ONLY
SYN-REC-0458,Narmada Power Demo Limited,LOC-CBL-ALU-2CX2P5-3P3kV-3,"cable, rated voltage 3.3 kV; 2C x 2.5 sq mm; aluminium conductor",Electrical Cables,M,DemoForge Industries,DEMO-PN-092-3,SYN-CAN-092,SYN-CBL-ALU-2CX2P5-3P3kV,punctuation_reordered,SYN-CAN-118,Same material family/category but differing technical specification; not equivalent.,SYNTHETIC_DEMO_DATA_ONLY
SYN-REC-0459,Vindhya Engineering Demo Services,LOC-CBL-ALU-2CX2P5-3P3kV-4,2C x 2.5 sq mm square millimetre aluminium conductor insulated cable rated rated voltage 3.3 kV,Electrical Cables,metres,Synthetic Process Systems,DEMO-PN-092-4,SYN-CAN-092,SYN-CBL-ALU-2CX2P5-3P3kV,equivalent_terminology,SYN-CAN-118,Same material family/category but differing technical specification; not equivalent.,SYNTHETIC_DEMO_DATA_ONLY
SYN-REC-0460,Astra Petrochem Demo Corporation,LOC-CBL-ALU-2CX2P5-3P3kV-5,"Aluminium cable 2C x 2.5 sq mm, voltage rating rated voltage 3.3 kV",Electrical Cables,meter,Prototype Engineering Supply,DEMO-PN-092-5,SYN-CAN-092,SYN-CBL-ALU-2CX2P5-3P3kV,near_duplicate_voltage,SYN-CAN-118,Same material family/category but differing technical specification; not equivalent.,SYNTHETIC_DEMO_DATA_ONLY
SYN-REC-0461,Dakshin Steel Demo Works,LOC-CBL-ALU-3CX4-1P1kV-1,Aluminium XLPE Cable 3C x 4 sq mm 1.1 kV,Electrical Cables,metre,Prototype Engineering Supply,DEMO-PN-093-1,SYN-CAN-093,SYN-CBL-ALU-3CX4-1P1kV,canonical_case,SYN-CAN-119,Same material family/category but differing technical specification; not equivalent.,SYNTHETIC_DEMO_DATA_ONLY
SYN-REC-0462,Narmada Power Demo Limited,LOC-CBL-ALU-3CX4-1P1kV-2,ALUMINIUM 3C x 4 SQMM RATED VOLTAGE 1.1 KV CBL,Electrical Cables,mtr,Synthetic Process Systems,DEMO-PN-093-2,SYN-CAN-093,SYN-CBL-ALU-3CX4-1P1kV,abbreviation_capitalization,SYN-CAN-119,Same material family/category but differing technical specification; not equivalent.,SYNTHETIC_DEMO_DATA_ONLY
SYN-REC-0463,Vindhya Engineering Demo Services,LOC-CBL-ALU-3CX4-1P1kV-3,"cable, rated voltage 1.1 kV; 3C x 4 sq mm; aluminium conductor",Electrical Cables,M,Synthetic Process Systems,DEMO-PN-093-3,SYN-CAN-093,SYN-CBL-ALU-3CX4-1P1kV,punctuation_reordered,SYN-CAN-119,Same material family/category but differing technical specification; not equivalent.,SYNTHETIC_DEMO_DATA_ONLY
SYN-REC-0464,Astra Petrochem Demo Corporation,LOC-CBL-ALU-3CX4-1P1kV-4,3C x 4 sq mm square millimetre aluminium conductor insulated cable rated rated voltage 1.1 kV,Electrical Cables,metres,Synthetic Process Systems,DEMO-PN-093-4,SYN-CAN-093,SYN-CBL-ALU-3CX4-1P1kV,equivalent_terminology,SYN-CAN-119,Same material family/category but differing technical specification; not equivalent.,SYNTHETIC_DEMO_DATA_ONLY
SYN-REC-0465,Bharat Thermal Demo Enterprise,LOC-CBL-ALU-3CX4-1P1kV-5,"Aluminium cable 3C x 4 sq mm, voltage rating rated voltage 1.1 kV",Electrical Cables,meter,Prototype Engineering Supply,DEMO-PN-093-5,SYN-CAN-093,SYN-CBL-ALU-3CX4-1P1kV,near_duplicate_voltage,SYN-CAN-119,Same material family/category but differing technical specification; not equivalent.,SYNTHETIC_DEMO_DATA_ONLY
SYN-REC-0466,Narmada Power Demo Limited,LOC-CBL-ALU-3CX4-3P3kV-1,Aluminium XLPE Cable 3C x 4 sq mm 3.3 kV,Electrical Cables,metre,Synthetic Process Systems,DEMO-PN-094-1,SYN-CAN-094,SYN-CBL-ALU-3CX4-3P3kV,canonical_case,SYN-CAN-120,Same material family/category but differing technical specification; not equivalent.,SYNTHETIC_DEMO_DATA_ONLY
SYN-REC-0467,Vindhya Engineering Demo Services,LOC-CBL-ALU-3CX4-3P3kV-2,ALUMINIUM 3C x 4 SQMM RATED VOLTAGE 3.3 KV CBL,Electrical Cables,mtr,Synthetic Process Systems,DEMO-PN-094-2,SYN-CAN-094,SYN-CBL-ALU-3CX4-3P3kV,abbreviation_capitalization,SYN-CAN-120,Same material family/category but differing technical specification; not equivalent.,SYNTHETIC_DEMO_DATA_ONLY
SYN-REC-0468,Astra Petrochem Demo Corporation,LOC-CBL-ALU-3CX4-3P3kV-3,"cable, rated voltage 3.3 kV; 3C x 4 sq mm; aluminium conductor",Electrical Cables,M,Synthetic Process Systems,DEMO-PN-094-3,SYN-CAN-094,SYN-CBL-ALU-3CX4-3P3kV,punctuation_reordered,SYN-CAN-120,Same material family/category but differing technical specification; not equivalent.,SYNTHETIC_DEMO_DATA_ONLY
SYN-REC-0469,Bharat Thermal Demo Enterprise,LOC-CBL-ALU-3CX4-3P3kV-4,3C x 4 sq mm square millimetre aluminium conductor insulated cable rated rated voltage 3.3 kV,Electrical Cables,metres,DemoForge Industries,DEMO-PN-094-4,SYN-CAN-094,SYN-CBL-ALU-3CX4-3P3kV,equivalent_terminology,SYN-CAN-120,Same material family/category but differing technical specification; not equivalent.,SYNTHETIC_DEMO_DATA_ONLY
SYN-REC-0470,Dakshin Steel Demo Works,LOC-CBL-ALU-3CX4-3P3kV-5,"Aluminium cable 3C x 4 sq mm, voltage rating rated voltage 3.3 kV",Electrical Cables,meter,Synthetic Process Systems,DEMO-PN-094-5,SYN-CAN-094,SYN-CBL-ALU-3CX4-3P3kV,near_duplicate_voltage,SYN-CAN-120,Same material family/category but differing technical specification; not equivalent.,SYNTHETIC_DEMO_DATA_ONLY
SYN-REC-0471,Vindhya Engineering Demo Services,LOC-CBL-ALU-3CX6-1P1kV-1,Aluminium XLPE Cable 3C x 6 sq mm 1.1 kV,Electrical Cables,metre,Synthetic Process Systems,DEMO-PN-095-1,SYN-CAN-095,SYN-CBL-ALU-3CX6-1P1kV,canonical_case,SYN-CAN-091,Same material family/category but differing technical specification; not equivalent.,SYNTHETIC_DEMO_DATA_ONLY
SYN-REC-0472,Astra Petrochem Demo Corporation,LOC-CBL-ALU-3CX6-1P1kV-2,ALUMINIUM 3C x 6 SQMM RATED VOLTAGE 1.1 KV CBL,Electrical Cables,mtr,Synthetic Process Systems,DEMO-PN-095-2,SYN-CAN-095,SYN-CBL-ALU-3CX6-1P1kV,abbreviation_capitalization,SYN-CAN-091,Same material family/category but differing technical specification; not equivalent.,SYNTHETIC_DEMO_DATA_ONLY
SYN-REC-0473,Bharat Thermal Demo Enterprise,LOC-CBL-ALU-3CX6-1P1kV-3,"cable, rated voltage 1.1 kV; 3C x 6 sq mm; aluminium conductor",Electrical Cables,M,DemoForge Industries,DEMO-PN-095-3,SYN-CAN-095,SYN-CBL-ALU-3CX6-1P1kV,punctuation_reordered,SYN-CAN-091,Same material family/category but differing technical specification; not equivalent.,SYNTHETIC_DEMO_DATA_ONLY
SYN-REC-0474,Dakshin Steel Demo Works,LOC-CBL-ALU-3CX6-1P1kV-4,3C x 6 sq mm square millimetre aluminium conductor insulated cable rated rated voltage 1.1 kV,Electrical Cables,metres,DemoForge Industries,DEMO-PN-095-4,SYN-CAN-095,SYN-CBL-ALU-3CX6-1P1kV,equivalent_terminology,SYN-CAN-091,Same material family/category but differing technical specification; not equivalent.,SYNTHETIC_DEMO_DATA_ONLY
SYN-REC-0475,Narmada Power Demo Limited,LOC-CBL-ALU-3CX6-1P1kV-5,"Aluminium cable 3C x 6 sq mm, voltage rating rated voltage 1.1 kV",Electrical Cables,meter,Prototype Engineering Supply,DEMO-PN-095-5,SYN-CAN-095,SYN-CBL-ALU-3CX6-1P1kV,near_duplicate_voltage,SYN-CAN-091,Same material family/category but differing technical specification; not equivalent.,SYNTHETIC_DEMO_DATA_ONLY
SYN-REC-0476,Astra Petrochem Demo Corporation,LOC-CBL-ALU-3CX6-3P3kV-1,Aluminium XLPE Cable 3C x 6 sq mm 3.3 kV,Electrical Cables,metre,Prototype Engineering Supply,DEMO-PN-096-1,SYN-CAN-096,SYN-CBL-ALU-3CX6-3P3kV,canonical_case,SYN-CAN-092,Same material family/category but differing technical specification; not equivalent.,SYNTHETIC_DEMO_DATA_ONLY
SYN-REC-0477,Bharat Thermal Demo Enterprise,LOC-CBL-ALU-3CX6-3P3kV-2,ALUMINIUM 3C x 6 SQMM RATED VOLTAGE 3.3 KV CBL,Electrical Cables,mtr,Synthetic Process Systems,DEMO-PN-096-2,SYN-CAN-096,SYN-CBL-ALU-3CX6-3P3kV,abbreviation_capitalization,SYN-CAN-092,Same material family/category but differing technical specification; not equivalent.,SYNTHETIC_DEMO_DATA_ONLY
SYN-REC-0478,Dakshin Steel Demo Works,LOC-CBL-ALU-3CX6-3P3kV-3,"cable, rated voltage 3.3 kV; 3C x 6 sq mm; aluminium conductor",Electrical Cables,M,Synthetic Process Systems,DEMO-PN-096-3,SYN-CAN-096,SYN-CBL-ALU-3CX6-3P3kV,punctuation_reordered,SYN-CAN-092,Same material family/category but differing technical specification; not equivalent.,SYNTHETIC_DEMO_DATA_ONLY
SYN-REC-0479,Narmada Power Demo Limited,LOC-CBL-ALU-3CX6-3P3kV-4,3C x 6 sq mm square millimetre aluminium conductor insulated cable rated rated voltage 3.3 kV,Electrical Cables,metres,DemoForge Industries,DEMO-PN-096-4,SYN-CAN-096,SYN-CBL-ALU-3CX6-3P3kV,equivalent_terminology,SYN-CAN-092,Same material family/category but differing technical specification; not equivalent.,SYNTHETIC_DEMO_DATA_ONLY
SYN-REC-0480,Vindhya Engineering Demo Services,LOC-CBL-ALU-3CX6-3P3kV-5,"Aluminium cable 3C x 6 sq mm, voltage rating rated voltage 3.3 kV",Electrical Cables,meter,Prototype Engineering Supply,DEMO-PN-096-5,SYN-CAN-096,SYN-CBL-ALU-3CX6-3P3kV,near_duplicate_voltage,SYN-CAN-092,Same material family/category but differing technical specification; not equivalent.,SYNTHETIC_DEMO_DATA_ONLY
SYN-REC-0481,Bharat Thermal Demo Enterprise,LOC-CBL-ALU-4CX10-1P1kV-1,Aluminium XLPE Cable 4C x 10 sq mm 1.1 kV,Electrical Cables,metre,Prototype Engineering Supply,DEMO-PN-097-1,SYN-CAN-097,SYN-CBL-ALU-4CX10-1P1kV,canonical_case,SYN-CAN-093,Same material family/category but differing technical specification; not equivalent.,SYNTHETIC_DEMO_DATA_ONLY
SYN-REC-0482,Dakshin Steel Demo Works,LOC-CBL-ALU-4CX10-1P1kV-2,ALUMINIUM 4C x 10 SQMM RATED VOLTAGE 1.1 KV CBL,Electrical Cables,mtr,Prototype Engineering Supply,DEMO-PN-097-2,SYN-CAN-097,SYN-CBL-ALU-4CX10-1P1kV,abbreviation_capitalization,SYN-CAN-093,Same material family/category but differing technical specification; not equivalent.,SYNTHETIC_DEMO_DATA_ONLY
SYN-REC-0483,Narmada Power Demo Limited,LOC-CBL-ALU-4CX10-1P1kV-3,"cable, rated voltage 1.1 kV; 4C x 10 sq mm; aluminium conductor",Electrical Cables,M,DemoForge Industries,DEMO-PN-097-3,SYN-CAN-097,SYN-CBL-ALU-4CX10-1P1kV,punctuation_reordered,SYN-CAN-093,Same material family/category but differing technical specification; not equivalent.,SYNTHETIC_DEMO_DATA_ONLY
SYN-REC-0484,Vindhya Engineering Demo Services,LOC-CBL-ALU-4CX10-1P1kV-4,4C x 10 sq mm square millimetre aluminium conductor insulated cable rated rated voltage 1.1 kV,Electrical Cables,metres,Prototype Engineering Supply,DEMO-PN-097-4,SYN-CAN-097,SYN-CBL-ALU-4CX10-1P1kV,equivalent_terminology,SYN-CAN-093,Same material family/category but differing technical specification; not equivalent.,SYNTHETIC_DEMO_DATA_ONLY
SYN-REC-0485,Astra Petrochem Demo Corporation,LOC-CBL-ALU-4CX10-1P1kV-5,"Aluminium cable 4C x 10 sq mm, voltage rating rated voltage 1.1 kV",Electrical Cables,meter,Prototype Engineering Supply,DEMO-PN-097-5,SYN-CAN-097,SYN-CBL-ALU-4CX10-1P1kV,near_duplicate_voltage,SYN-CAN-093,Same material family/category but differing technical specification; not equivalent.,SYNTHETIC_DEMO_DATA_ONLY
SYN-REC-0486,Dakshin Steel Demo Works,LOC-CBL-ALU-4CX10-3P3kV-1,Aluminium XLPE Cable 4C x 10 sq mm 3.3 kV,Electrical Cables,metre,Synthetic Process Systems,DEMO-PN-098-1,SYN-CAN-098,SYN-CBL-ALU-4CX10-3P3kV,canonical_case,SYN-CAN-094,Same material family/category but differing technical specification; not equivalent.,SYNTHETIC_DEMO_DATA_ONLY
SYN-REC-0487,Narmada Power Demo Limited,LOC-CBL-ALU-4CX10-3P3kV-2,ALUMINIUM 4C x 10 SQMM RATED VOLTAGE 3.3 KV CBL,Electrical Cables,mtr,Prototype Engineering Supply,DEMO-PN-098-2,SYN-CAN-098,SYN-CBL-ALU-4CX10-3P3kV,abbreviation_capitalization,SYN-CAN-094,Same material family/category but differing technical specification; not equivalent.,SYNTHETIC_DEMO_DATA_ONLY
SYN-REC-0488,Vindhya Engineering Demo Services,LOC-CBL-ALU-4CX10-3P3kV-3,"cable, rated voltage 3.3 kV; 4C x 10 sq mm; aluminium conductor",Electrical Cables,M,Synthetic Process Systems,DEMO-PN-098-3,SYN-CAN-098,SYN-CBL-ALU-4CX10-3P3kV,punctuation_reordered,SYN-CAN-094,Same material family/category but differing technical specification; not equivalent.,SYNTHETIC_DEMO_DATA_ONLY
SYN-REC-0489,Astra Petrochem Demo Corporation,LOC-CBL-ALU-4CX10-3P3kV-4,4C x 10 sq mm square millimetre aluminium conductor insulated cable rated rated voltage 3.3 kV,Electrical Cables,metres,Synthetic Process Systems,DEMO-PN-098-4,SYN-CAN-098,SYN-CBL-ALU-4CX10-3P3kV,equivalent_terminology,SYN-CAN-094,Same material family/category but differing technical specification; not equivalent.,SYNTHETIC_DEMO_DATA_ONLY
SYN-REC-0490,Bharat Thermal Demo Enterprise,LOC-CBL-ALU-4CX10-3P3kV-5,"Aluminium cable 4C x 10 sq mm, voltage rating rated voltage 3.3 kV",Electrical Cables,meter,Prototype Engineering Supply,DEMO-PN-098-5,SYN-CAN-098,SYN-CBL-ALU-4CX10-3P3kV,near_duplicate_voltage,SYN-CAN-094,Same material family/category but differing technical specification; not equivalent.,SYNTHETIC_DEMO_DATA_ONLY
SYN-REC-0491,Narmada Power Demo Limited,LOC-CBL-ALU-4CX16-1P1kV-1,Aluminium XLPE Cable 4C x 16 sq mm 1.1 kV,Electrical Cables,metre,Prototype Engineering Supply,DEMO-PN-099-1,SYN-CAN-099,SYN-CBL-ALU-4CX16-1P1kV,canonical_case,SYN-CAN-095,Same material family/category but differing technical specification; not equivalent.,SYNTHETIC_DEMO_DATA_ONLY
SYN-REC-0492,Vindhya Engineering Demo Services,LOC-CBL-ALU-4CX16-1P1kV-2,ALUMINIUM 4C x 16 SQMM RATED VOLTAGE 1.1 KV CBL,Electrical Cables,mtr,DemoForge Industries,DEMO-PN-099-2,SYN-CAN-099,SYN-CBL-ALU-4CX16-1P1kV,abbreviation_capitalization,SYN-CAN-095,Same material family/category but differing technical specification; not equivalent.,SYNTHETIC_DEMO_DATA_ONLY
SYN-REC-0493,Astra Petrochem Demo Corporation,LOC-CBL-ALU-4CX16-1P1kV-3,"cable, rated voltage 1.1 kV; 4C x 16 sq mm; aluminium conductor",Electrical Cables,M,Prototype Engineering Supply,DEMO-PN-099-3,SYN-CAN-099,SYN-CBL-ALU-4CX16-1P1kV,punctuation_reordered,SYN-CAN-095,Same material family/category but differing technical specification; not equivalent.,SYNTHETIC_DEMO_DATA_ONLY
SYN-REC-0494,Bharat Thermal Demo Enterprise,LOC-CBL-ALU-4CX16-1P1kV-4,4C x 16 sq mm square millimetre aluminium conductor insulated cable rated rated voltage 1.1 kV,Electrical Cables,metres,Prototype Engineering Supply,DEMO-PN-099-4,SYN-CAN-099,SYN-CBL-ALU-4CX16-1P1kV,equivalent_terminology,SYN-CAN-095,Same material family/category but differing technical specification; not equivalent.,SYNTHETIC_DEMO_DATA_ONLY
SYN-REC-0495,Dakshin Steel Demo Works,LOC-CBL-ALU-4CX16-1P1kV-5,"Aluminium cable 4C x 16 sq mm, voltage rating rated voltage 1.1 kV",Electrical Cables,meter,Prototype Engineering Supply,DEMO-PN-099-5,SYN-CAN-099,SYN-CBL-ALU-4CX16-1P1kV,near_duplicate_voltage,SYN-CAN-095,Same material family/category but differing technical specification; not equivalent.,SYNTHETIC_DEMO_DATA_ONLY
SYN-REC-0496,Vindhya Engineering Demo Services,LOC-CBL-ALU-4CX16-3P3kV-1,Aluminium XLPE Cable 4C x 16 sq mm 3.3 kV,Electrical Cables,metre,DemoForge Industries,DEMO-PN-100-1,SYN-CAN-100,SYN-CBL-ALU-4CX16-3P3kV,canonical_case,SYN-CAN-096,Same material family/category but differing technical specification; not equivalent.,SYNTHETIC_DEMO_DATA_ONLY
SYN-REC-0497,Astra Petrochem Demo Corporation,LOC-CBL-ALU-4CX16-3P3kV-2,ALUMINIUM 4C x 16 SQMM RATED VOLTAGE 3.3 KV CBL,Electrical Cables,mtr,DemoForge Industries,DEMO-PN-100-2,SYN-CAN-100,SYN-CBL-ALU-4CX16-3P3kV,abbreviation_capitalization,SYN-CAN-096,Same material family/category but differing technical specification; not equivalent.,SYNTHETIC_DEMO_DATA_ONLY
SYN-REC-0498,Bharat Thermal Demo Enterprise,LOC-CBL-ALU-4CX16-3P3kV-3,"cable, rated voltage 3.3 kV; 4C x 16 sq mm; aluminium conductor",Electrical Cables,M,Prototype Engineering Supply,DEMO-PN-100-3,SYN-CAN-100,SYN-CBL-ALU-4CX16-3P3kV,punctuation_reordered,SYN-CAN-096,Same material family/category but differing technical specification; not equivalent.,SYNTHETIC_DEMO_DATA_ONLY
SYN-REC-0499,Dakshin Steel Demo Works,LOC-CBL-ALU-4CX16-3P3kV-4,4C x 16 sq mm square millimetre aluminium conductor insulated cable rated rated voltage 3.3 kV,Electrical Cables,metres,Synthetic Process Systems,DEMO-PN-100-4,SYN-CAN-100,SYN-CBL-ALU-4CX16-3P3kV,equivalent_terminology,SYN-CAN-096,Same material family/category but differing technical specification; not equivalent.,SYNTHETIC_DEMO_DATA_ONLY
SYN-REC-0500,Narmada Power Demo Limited,LOC-CBL-ALU-4CX16-3P3kV-5,"Aluminium cable 4C x 16 sq mm, voltage rating rated voltage 3.3 kV",Electrical Cables,meter,Synthetic Process Systems,DEMO-PN-100-5,SYN-CAN-100,SYN-CBL-ALU-4CX16-3P3kV,near_duplicate_voltage,SYN-CAN-096,Same material family/category but differing technical specification; not equivalent.,SYNTHETIC_DEMO_DATA_ONLY
SYN-REC-0501,Astra Petrochem Demo Corporation,LOC-CBL-COP-2CX2P5-1P1kV-1,Copper Control Cable 2C x 2.5 sq mm 1.1 kV,Electrical Cables,metre,DemoForge Industries,DEMO-PN-101-1,SYN-CAN-101,SYN-CBL-COP-2CX2P5-1P1kV,canonical_case,SYN-CAN-087,Same material family/category but differing technical specification; not equivalent.,SYNTHETIC_DEMO_DATA_ONLY
SYN-REC-0502,Bharat Thermal Demo Enterprise,LOC-CBL-COP-2CX2P5-1P1kV-2,COPPER 2C x 2.5 SQMM RATED VOLTAGE 1.1 KV CBL,Electrical Cables,mtr,DemoForge Industries,DEMO-PN-101-2,SYN-CAN-101,SYN-CBL-COP-2CX2P5-1P1kV,abbreviation_capitalization,SYN-CAN-087,Same material family/category but differing technical specification; not equivalent.,SYNTHETIC_DEMO_DATA_ONLY
SYN-REC-0503,Dakshin Steel Demo Works,LOC-CBL-COP-2CX2P5-1P1kV-3,"cable, rated voltage 1.1 kV; 2C x 2.5 sq mm; copper conductor",Electrical Cables,M,Prototype Engineering Supply,DEMO-PN-101-3,SYN-CAN-101,SYN-CBL-COP-2CX2P5-1P1kV,punctuation_reordered,SYN-CAN-087,Same material family/category but differing technical specification; not equivalent.,SYNTHETIC_DEMO_DATA_ONLY
SYN-REC-0504,Narmada Power Demo Limited,LOC-CBL-COP-2CX2P5-1P1kV-4,2C x 2.5 sq mm square millimetre copper conductor insulated cable rated rated voltage 1.1 kV,Electrical Cables,metres,DemoForge Industries,DEMO-PN-101-4,SYN-CAN-101,SYN-CBL-COP-2CX2P5-1P1kV,equivalent_terminology,SYN-CAN-087,Same material family/category but differing technical specification; not equivalent.,SYNTHETIC_DEMO_DATA_ONLY
SYN-REC-0505,Vindhya Engineering Demo Services,LOC-CBL-COP-2CX2P5-1P1kV-5,"Copper cable 2C x 2.5 sq mm, voltage rating rated voltage 1.1 kV",Electrical Cables,meter,Synthetic Process Systems,DEMO-PN-101-5,SYN-CAN-101,SYN-CBL-COP-2CX2P5-1P1kV,near_duplicate_voltage,SYN-CAN-087,Same material family/category but differing technical specification; not equivalent.,SYNTHETIC_DEMO_DATA_ONLY
SYN-REC-0506,Bharat Thermal Demo Enterprise,LOC-CBL-COP-2CX2P5-3P3kV-1,Copper Control Cable 2C x 2.5 sq mm 3.3 kV,Electrical Cables,metre,Prototype Engineering Supply,DEMO-PN-102-1,SYN-CAN-102,SYN-CBL-COP-2CX2P5-3P3kV,canonical_case,SYN-CAN-088,Same material family/category but differing technical specification; not equivalent.,SYNTHETIC_DEMO_DATA_ONLY
SYN-REC-0507,Dakshin Steel Demo Works,LOC-CBL-COP-2CX2P5-3P3kV-2,COPPER 2C x 2.5 SQMM RATED VOLTAGE 3.3 KV CBL,Electrical Cables,mtr,Synthetic Process Systems,DEMO-PN-102-2,SYN-CAN-102,SYN-CBL-COP-2CX2P5-3P3kV,abbreviation_capitalization,SYN-CAN-088,Same material family/category but differing technical specification; not equivalent.,SYNTHETIC_DEMO_DATA_ONLY
SYN-REC-0508,Narmada Power Demo Limited,LOC-CBL-COP-2CX2P5-3P3kV-3,"cable, rated voltage 3.3 kV; 2C x 2.5 sq mm; copper conductor",Electrical Cables,M,Synthetic Process Systems,DEMO-PN-102-3,SYN-CAN-102,SYN-CBL-COP-2CX2P5-3P3kV,punctuation_reordered,SYN-CAN-088,Same material family/category but differing technical specification; not equivalent.,SYNTHETIC_DEMO_DATA_ONLY
SYN-REC-0509,Vindhya Engineering Demo Services,LOC-CBL-COP-2CX2P5-3P3kV-4,2C x 2.5 sq mm square millimetre copper conductor insulated cable rated rated voltage 3.3 kV,Electrical Cables,metres,Prototype Engineering Supply,DEMO-PN-102-4,SYN-CAN-102,SYN-CBL-COP-2CX2P5-3P3kV,equivalent_terminology,SYN-CAN-088,Same material family/category but differing technical specification; not equivalent.,SYNTHETIC_DEMO_DATA_ONLY
SYN-REC-0510,Astra Petrochem Demo Corporation,LOC-CBL-COP-2CX2P5-3P3kV-5,"Copper cable 2C x 2.5 sq mm, voltage rating rated voltage 3.3 kV",Electrical Cables,meter,Synthetic Process Systems,DEMO-PN-102-5,SYN-CAN-102,SYN-CBL-COP-2CX2P5-3P3kV,near_duplicate_voltage,SYN-CAN-088,Same material family/category but differing technical specification; not equivalent.,SYNTHETIC_DEMO_DATA_ONLY
SYN-REC-0511,Dakshin Steel Demo Works,LOC-CBL-COP-3CX4-1P1kV-1,Copper Control Cable 3C x 4 sq mm 1.1 kV,Electrical Cables,metre,Synthetic Process Systems,DEMO-PN-103-1,SYN-CAN-103,SYN-CBL-COP-3CX4-1P1kV,canonical_case,SYN-CAN-089,Same material family/category but differing technical specification; not equivalent.,SYNTHETIC_DEMO_DATA_ONLY
SYN-REC-0512,Narmada Power Demo Limited,LOC-CBL-COP-3CX4-1P1kV-2,COPPER 3C x 4 SQMM RATED VOLTAGE 1.1 KV CBL,Electrical Cables,mtr,Synthetic Process Systems,DEMO-PN-103-2,SYN-CAN-103,SYN-CBL-COP-3CX4-1P1kV,abbreviation_capitalization,SYN-CAN-089,Same material family/category but differing technical specification; not equivalent.,SYNTHETIC_DEMO_DATA_ONLY
SYN-REC-0513,Vindhya Engineering Demo Services,LOC-CBL-COP-3CX4-1P1kV-3,"cable, rated voltage 1.1 kV; 3C x 4 sq mm; copper conductor",Electrical Cables,M,Synthetic Process Systems,DEMO-PN-103-3,SYN-CAN-103,SYN-CBL-COP-3CX4-1P1kV,punctuation_reordered,SYN-CAN-089,Same material family/category but differing technical specification; not equivalent.,SYNTHETIC_DEMO_DATA_ONLY
SYN-REC-0514,Astra Petrochem Demo Corporation,LOC-CBL-COP-3CX4-1P1kV-4,3C x 4 sq mm square millimetre copper conductor insulated cable rated rated voltage 1.1 kV,Electrical Cables,metres,Synthetic Process Systems,DEMO-PN-103-4,SYN-CAN-103,SYN-CBL-COP-3CX4-1P1kV,equivalent_terminology,SYN-CAN-089,Same material family/category but differing technical specification; not equivalent.,SYNTHETIC_DEMO_DATA_ONLY
SYN-REC-0515,Bharat Thermal Demo Enterprise,LOC-CBL-COP-3CX4-1P1kV-5,"Copper cable 3C x 4 sq mm, voltage rating rated voltage 1.1 kV",Electrical Cables,meter,Synthetic Process Systems,DEMO-PN-103-5,SYN-CAN-103,SYN-CBL-COP-3CX4-1P1kV,near_duplicate_voltage,SYN-CAN-089,Same material family/category but differing technical specification; not equivalent.,SYNTHETIC_DEMO_DATA_ONLY
SYN-REC-0516,Narmada Power Demo Limited,LOC-CBL-COP-3CX4-3P3kV-1,Copper Control Cable 3C x 4 sq mm 3.3 kV,Electrical Cables,metre,Synthetic Process Systems,DEMO-PN-104-1,SYN-CAN-104,SYN-CBL-COP-3CX4-3P3kV,canonical_case,SYN-CAN-090,Same material family/category but differing technical specification; not equivalent.,SYNTHETIC_DEMO_DATA_ONLY
SYN-REC-0517,Vindhya Engineering Demo Services,LOC-CBL-COP-3CX4-3P3kV-2,COPPER 3C x 4 SQMM RATED VOLTAGE 3.3 KV CBL,Electrical Cables,mtr,Prototype Engineering Supply,DEMO-PN-104-2,SYN-CAN-104,SYN-CBL-COP-3CX4-3P3kV,abbreviation_capitalization,SYN-CAN-090,Same material family/category but differing technical specification; not equivalent.,SYNTHETIC_DEMO_DATA_ONLY
SYN-REC-0518,Astra Petrochem Demo Corporation,LOC-CBL-COP-3CX4-3P3kV-3,"cable, rated voltage 3.3 kV; 3C x 4 sq mm; copper conductor",Electrical Cables,M,DemoForge Industries,DEMO-PN-104-3,SYN-CAN-104,SYN-CBL-COP-3CX4-3P3kV,punctuation_reordered,SYN-CAN-090,Same material family/category but differing technical specification; not equivalent.,SYNTHETIC_DEMO_DATA_ONLY
SYN-REC-0519,Bharat Thermal Demo Enterprise,LOC-CBL-COP-3CX4-3P3kV-4,3C x 4 sq mm square millimetre copper conductor insulated cable rated rated voltage 3.3 kV,Electrical Cables,metres,DemoForge Industries,DEMO-PN-104-4,SYN-CAN-104,SYN-CBL-COP-3CX4-3P3kV,equivalent_terminology,SYN-CAN-090,Same material family/category but differing technical specification; not equivalent.,SYNTHETIC_DEMO_DATA_ONLY
SYN-REC-0520,Dakshin Steel Demo Works,LOC-CBL-COP-3CX4-3P3kV-5,"Copper cable 3C x 4 sq mm, voltage rating rated voltage 3.3 kV",Electrical Cables,meter,DemoForge Industries,DEMO-PN-104-5,SYN-CAN-104,SYN-CBL-COP-3CX4-3P3kV,near_duplicate_voltage,SYN-CAN-090,Same material family/category but differing technical specification; not equivalent.,SYNTHETIC_DEMO_DATA_ONLY
SYN-REC-0521,Vindhya Engineering Demo Services,LOC-CBL-COP-3CX6-1P1kV-1,Copper Control Cable 3C x 6 sq mm 1.1 kV,Electrical Cables,metre,Prototype Engineering Supply,DEMO-PN-105-1,SYN-CAN-105,SYN-CBL-COP-3CX6-1P1kV,canonical_case,SYN-CAN-101,Same material family/category but differing technical specification; not equivalent.,SYNTHETIC_DEMO_DATA_ONLY
SYN-REC-0522,Astra Petrochem Demo Corporation,LOC-CBL-COP-3CX6-1P1kV-2,COPPER 3C x 6 SQMM RATED VOLTAGE 1.1 KV CBL,Electrical Cables,mtr,DemoForge Industries,DEMO-PN-105-2,SYN-CAN-105,SYN-CBL-COP-3CX6-1P1kV,abbreviation_capitalization,SYN-CAN-101,Same material family/category but differing technical specification; not equivalent.,SYNTHETIC_DEMO_DATA_ONLY
SYN-REC-0523,Bharat Thermal Demo Enterprise,LOC-CBL-COP-3CX6-1P1kV-3,"cable, rated voltage 1.1 kV; 3C x 6 sq mm; copper conductor",Electrical Cables,M,DemoForge Industries,DEMO-PN-105-3,SYN-CAN-105,SYN-CBL-COP-3CX6-1P1kV,punctuation_reordered,SYN-CAN-101,Same material family/category but differing technical specification; not equivalent.,SYNTHETIC_DEMO_DATA_ONLY
SYN-REC-0524,Dakshin Steel Demo Works,LOC-CBL-COP-3CX6-1P1kV-4,3C x 6 sq mm square millimetre copper conductor insulated cable rated rated voltage 1.1 kV,Electrical Cables,metres,Prototype Engineering Supply,DEMO-PN-105-4,SYN-CAN-105,SYN-CBL-COP-3CX6-1P1kV,equivalent_terminology,SYN-CAN-101,Same material family/category but differing technical specification; not equivalent.,SYNTHETIC_DEMO_DATA_ONLY
SYN-REC-0525,Narmada Power Demo Limited,LOC-CBL-COP-3CX6-1P1kV-5,"Copper cable 3C x 6 sq mm, voltage rating rated voltage 1.1 kV",Electrical Cables,meter,DemoForge Industries,DEMO-PN-105-5,SYN-CAN-105,SYN-CBL-COP-3CX6-1P1kV,near_duplicate_voltage,SYN-CAN-101,Same material family/category but differing technical specification; not equivalent.,SYNTHETIC_DEMO_DATA_ONLY
SYN-REC-0526,Astra Petrochem Demo Corporation,LOC-CBL-COP-3CX6-3P3kV-1,Copper Control Cable 3C x 6 sq mm 3.3 kV,Electrical Cables,metre,Prototype Engineering Supply,DEMO-PN-106-1,SYN-CAN-106,SYN-CBL-COP-3CX6-3P3kV,canonical_case,SYN-CAN-102,Same material family/category but differing technical specification; not equivalent.,SYNTHETIC_DEMO_DATA_ONLY
SYN-REC-0527,Bharat Thermal Demo Enterprise,LOC-CBL-COP-3CX6-3P3kV-2,COPPER 3C x 6 SQMM RATED VOLTAGE 3.3 KV CBL,Electrical Cables,mtr,Synthetic Process Systems,DEMO-PN-106-2,SYN-CAN-106,SYN-CBL-COP-3CX6-3P3kV,abbreviation_capitalization,SYN-CAN-102,Same material family/category but differing technical specification; not equivalent.,SYNTHETIC_DEMO_DATA_ONLY
SYN-REC-0528,Dakshin Steel Demo Works,LOC-CBL-COP-3CX6-3P3kV-3,"cable, rated voltage 3.3 kV; 3C x 6 sq mm; copper conductor",Electrical Cables,M,DemoForge Industries,DEMO-PN-106-3,SYN-CAN-106,SYN-CBL-COP-3CX6-3P3kV,punctuation_reordered,SYN-CAN-102,Same material family/category but differing technical specification; not equivalent.,SYNTHETIC_DEMO_DATA_ONLY
SYN-REC-0529,Narmada Power Demo Limited,LOC-CBL-COP-3CX6-3P3kV-4,3C x 6 sq mm square millimetre copper conductor insulated cable rated rated voltage 3.3 kV,Electrical Cables,metres,DemoForge Industries,DEMO-PN-106-4,SYN-CAN-106,SYN-CBL-COP-3CX6-3P3kV,equivalent_terminology,SYN-CAN-102,Same material family/category but differing technical specification; not equivalent.,SYNTHETIC_DEMO_DATA_ONLY
SYN-REC-0530,Vindhya Engineering Demo Services,LOC-CBL-COP-3CX6-3P3kV-5,"Copper cable 3C x 6 sq mm, voltage rating rated voltage 3.3 kV",Electrical Cables,meter,DemoForge Industries,DEMO-PN-106-5,SYN-CAN-106,SYN-CBL-COP-3CX6-3P3kV,near_duplicate_voltage,SYN-CAN-102,Same material family/category but differing technical specification; not equivalent.,SYNTHETIC_DEMO_DATA_ONLY
SYN-REC-0531,Bharat Thermal Demo Enterprise,LOC-CBL-COP-4CX10-1P1kV-1,Copper Control Cable 4C x 10 sq mm 1.1 kV,Electrical Cables,metre,DemoForge Industries,DEMO-PN-107-1,SYN-CAN-107,SYN-CBL-COP-4CX10-1P1kV,canonical_case,SYN-CAN-103,Same material family/category but differing technical specification; not equivalent.,SYNTHETIC_DEMO_DATA_ONLY
SYN-REC-0532,Dakshin Steel Demo Works,LOC-CBL-COP-4CX10-1P1kV-2,COPPER 4C x 10 SQMM RATED VOLTAGE 1.1 KV CBL,Electrical Cables,mtr,Synthetic Process Systems,DEMO-PN-107-2,SYN-CAN-107,SYN-CBL-COP-4CX10-1P1kV,abbreviation_capitalization,SYN-CAN-103,Same material family/category but differing technical specification; not equivalent.,SYNTHETIC_DEMO_DATA_ONLY
SYN-REC-0533,Narmada Power Demo Limited,LOC-CBL-COP-4CX10-1P1kV-3,"cable, rated voltage 1.1 kV; 4C x 10 sq mm; copper conductor",Electrical Cables,M,DemoForge Industries,DEMO-PN-107-3,SYN-CAN-107,SYN-CBL-COP-4CX10-1P1kV,punctuation_reordered,SYN-CAN-103,Same material family/category but differing technical specification; not equivalent.,SYNTHETIC_DEMO_DATA_ONLY
SYN-REC-0534,Vindhya Engineering Demo Services,LOC-CBL-COP-4CX10-1P1kV-4,4C x 10 sq mm square millimetre copper conductor insulated cable rated rated voltage 1.1 kV,Electrical Cables,metres,Synthetic Process Systems,DEMO-PN-107-4,SYN-CAN-107,SYN-CBL-COP-4CX10-1P1kV,equivalent_terminology,SYN-CAN-103,Same material family/category but differing technical specification; not equivalent.,SYNTHETIC_DEMO_DATA_ONLY
SYN-REC-0535,Astra Petrochem Demo Corporation,LOC-CBL-COP-4CX10-1P1kV-5,"Copper cable 4C x 10 sq mm, voltage rating rated voltage 1.1 kV",Electrical Cables,meter,Synthetic Process Systems,DEMO-PN-107-5,SYN-CAN-107,SYN-CBL-COP-4CX10-1P1kV,near_duplicate_voltage,SYN-CAN-103,Same material family/category but differing technical specification; not equivalent.,SYNTHETIC_DEMO_DATA_ONLY
SYN-REC-0536,Dakshin Steel Demo Works,LOC-CBL-COP-4CX10-3P3kV-1,Copper Control Cable 4C x 10 sq mm 3.3 kV,Electrical Cables,metre,DemoForge Industries,DEMO-PN-108-1,SYN-CAN-108,SYN-CBL-COP-4CX10-3P3kV,canonical_case,SYN-CAN-104,Same material family/category but differing technical specification; not equivalent.,SYNTHETIC_DEMO_DATA_ONLY
SYN-REC-0537,Narmada Power Demo Limited,LOC-CBL-COP-4CX10-3P3kV-2,COPPER 4C x 10 SQMM RATED VOLTAGE 3.3 KV CBL,Electrical Cables,mtr,Prototype Engineering Supply,DEMO-PN-108-2,SYN-CAN-108,SYN-CBL-COP-4CX10-3P3kV,abbreviation_capitalization,SYN-CAN-104,Same material family/category but differing technical specification; not equivalent.,SYNTHETIC_DEMO_DATA_ONLY
SYN-REC-0538,Vindhya Engineering Demo Services,LOC-CBL-COP-4CX10-3P3kV-3,"cable, rated voltage 3.3 kV; 4C x 10 sq mm; copper conductor",Electrical Cables,M,DemoForge Industries,DEMO-PN-108-3,SYN-CAN-108,SYN-CBL-COP-4CX10-3P3kV,punctuation_reordered,SYN-CAN-104,Same material family/category but differing technical specification; not equivalent.,SYNTHETIC_DEMO_DATA_ONLY
SYN-REC-0539,Astra Petrochem Demo Corporation,LOC-CBL-COP-4CX10-3P3kV-4,4C x 10 sq mm square millimetre copper conductor insulated cable rated rated voltage 3.3 kV,Electrical Cables,metres,Prototype Engineering Supply,DEMO-PN-108-4,SYN-CAN-108,SYN-CBL-COP-4CX10-3P3kV,equivalent_terminology,SYN-CAN-104,Same material family/category but differing technical specification; not equivalent.,SYNTHETIC_DEMO_DATA_ONLY
SYN-REC-0540,Bharat Thermal Demo Enterprise,LOC-CBL-COP-4CX10-3P3kV-5,"Copper cable 4C x 10 sq mm, voltage rating rated voltage 3.3 kV",Electrical Cables,meter,Prototype Engineering Supply,DEMO-PN-108-5,SYN-CAN-108,SYN-CBL-COP-4CX10-3P3kV,near_duplicate_voltage,SYN-CAN-104,Same material family/category but differing technical specification; not equivalent.,SYNTHETIC_DEMO_DATA_ONLY
SYN-REC-0541,Narmada Power Demo Limited,LOC-CBL-COP-4CX16-1P1kV-1,Copper Control Cable 4C x 16 sq mm 1.1 kV,Electrical Cables,metre,DemoForge Industries,DEMO-PN-109-1,SYN-CAN-109,SYN-CBL-COP-4CX16-1P1kV,canonical_case,SYN-CAN-105,Same material family/category but differing technical specification; not equivalent.,SYNTHETIC_DEMO_DATA_ONLY
SYN-REC-0542,Vindhya Engineering Demo Services,LOC-CBL-COP-4CX16-1P1kV-2,COPPER 4C x 16 SQMM RATED VOLTAGE 1.1 KV CBL,Electrical Cables,mtr,DemoForge Industries,DEMO-PN-109-2,SYN-CAN-109,SYN-CBL-COP-4CX16-1P1kV,abbreviation_capitalization,SYN-CAN-105,Same material family/category but differing technical specification; not equivalent.,SYNTHETIC_DEMO_DATA_ONLY
SYN-REC-0543,Astra Petrochem Demo Corporation,LOC-CBL-COP-4CX16-1P1kV-3,"cable, rated voltage 1.1 kV; 4C x 16 sq mm; copper conductor",Electrical Cables,M,Synthetic Process Systems,DEMO-PN-109-3,SYN-CAN-109,SYN-CBL-COP-4CX16-1P1kV,punctuation_reordered,SYN-CAN-105,Same material family/category but differing technical specification; not equivalent.,SYNTHETIC_DEMO_DATA_ONLY
SYN-REC-0544,Bharat Thermal Demo Enterprise,LOC-CBL-COP-4CX16-1P1kV-4,4C x 16 sq mm square millimetre copper conductor insulated cable rated rated voltage 1.1 kV,Electrical Cables,metres,Prototype Engineering Supply,DEMO-PN-109-4,SYN-CAN-109,SYN-CBL-COP-4CX16-1P1kV,equivalent_terminology,SYN-CAN-105,Same material family/category but differing technical specification; not equivalent.,SYNTHETIC_DEMO_DATA_ONLY
SYN-REC-0545,Dakshin Steel Demo Works,LOC-CBL-COP-4CX16-1P1kV-5,"Copper cable 4C x 16 sq mm, voltage rating rated voltage 1.1 kV",Electrical Cables,meter,Synthetic Process Systems,DEMO-PN-109-5,SYN-CAN-109,SYN-CBL-COP-4CX16-1P1kV,near_duplicate_voltage,SYN-CAN-105,Same material family/category but differing technical specification; not equivalent.,SYNTHETIC_DEMO_DATA_ONLY
SYN-REC-0546,Vindhya Engineering Demo Services,LOC-CBL-COP-4CX16-3P3kV-1,Copper Control Cable 4C x 16 sq mm 3.3 kV,Electrical Cables,metre,DemoForge Industries,DEMO-PN-110-1,SYN-CAN-110,SYN-CBL-COP-4CX16-3P3kV,canonical_case,SYN-CAN-106,Same material family/category but differing technical specification; not equivalent.,SYNTHETIC_DEMO_DATA_ONLY
SYN-REC-0547,Astra Petrochem Demo Corporation,LOC-CBL-COP-4CX16-3P3kV-2,COPPER 4C x 16 SQMM RATED VOLTAGE 3.3 KV CBL,Electrical Cables,mtr,Synthetic Process Systems,DEMO-PN-110-2,SYN-CAN-110,SYN-CBL-COP-4CX16-3P3kV,abbreviation_capitalization,SYN-CAN-106,Same material family/category but differing technical specification; not equivalent.,SYNTHETIC_DEMO_DATA_ONLY
SYN-REC-0548,Bharat Thermal Demo Enterprise,LOC-CBL-COP-4CX16-3P3kV-3,"cable, rated voltage 3.3 kV; 4C x 16 sq mm; copper conductor",Electrical Cables,M,Synthetic Process Systems,DEMO-PN-110-3,SYN-CAN-110,SYN-CBL-COP-4CX16-3P3kV,punctuation_reordered,SYN-CAN-106,Same material family/category but differing technical specification; not equivalent.,SYNTHETIC_DEMO_DATA_ONLY
SYN-REC-0549,Dakshin Steel Demo Works,LOC-CBL-COP-4CX16-3P3kV-4,4C x 16 sq mm square millimetre copper conductor insulated cable rated rated voltage 3.3 kV,Electrical Cables,metres,Prototype Engineering Supply,DEMO-PN-110-4,SYN-CAN-110,SYN-CBL-COP-4CX16-3P3kV,equivalent_terminology,SYN-CAN-106,Same material family/category but differing technical specification; not equivalent.,SYNTHETIC_DEMO_DATA_ONLY
SYN-REC-0550,Narmada Power Demo Limited,LOC-CBL-COP-4CX16-3P3kV-5,"Copper cable 4C x 16 sq mm, voltage rating rated voltage 3.3 kV",Electrical Cables,meter,Synthetic Process Systems,DEMO-PN-110-5,SYN-CAN-110,SYN-CBL-COP-4CX16-3P3kV,near_duplicate_voltage,SYN-CAN-106,Same material family/category but differing technical specification; not equivalent.,SYNTHETIC_DEMO_DATA_ONLY
SYN-REC-0551,Astra Petrochem Demo Corporation,LOC-CBL-ALU-2CX2P5-1P1kV-1,Aluminium Armoured Cable 2C x 2.5 sq mm 1.1 kV,Electrical Cables,metre,Synthetic Process Systems,DEMO-PN-111-1,SYN-CAN-111,SYN-CBL-ALU-2CX2P5-1P1kV,canonical_case,SYN-CAN-118,Same material family/category but differing technical specification; not equivalent.,SYNTHETIC_DEMO_DATA_ONLY
SYN-REC-0552,Bharat Thermal Demo Enterprise,LOC-CBL-ALU-2CX2P5-1P1kV-2,ALUMINIUM 2C x 2.5 SQMM RATED VOLTAGE 1.1 KV CBL,Electrical Cables,mtr,DemoForge Industries,DEMO-PN-111-2,SYN-CAN-111,SYN-CBL-ALU-2CX2P5-1P1kV,abbreviation_capitalization,SYN-CAN-118,Same material family/category but differing technical specification; not equivalent.,SYNTHETIC_DEMO_DATA_ONLY
SYN-REC-0553,Dakshin Steel Demo Works,LOC-CBL-ALU-2CX2P5-1P1kV-3,"cable, rated voltage 1.1 kV; 2C x 2.5 sq mm; aluminium conductor",Electrical Cables,M,DemoForge Industries,DEMO-PN-111-3,SYN-CAN-111,SYN-CBL-ALU-2CX2P5-1P1kV,punctuation_reordered,SYN-CAN-118,Same material family/category but differing technical specification; not equivalent.,SYNTHETIC_DEMO_DATA_ONLY
SYN-REC-0554,Narmada Power Demo Limited,LOC-CBL-ALU-2CX2P5-1P1kV-4,2C x 2.5 sq mm square millimetre aluminium conductor insulated cable rated rated voltage 1.1 kV,Electrical Cables,metres,Prototype Engineering Supply,DEMO-PN-111-4,SYN-CAN-111,SYN-CBL-ALU-2CX2P5-1P1kV,equivalent_terminology,SYN-CAN-118,Same material family/category but differing technical specification; not equivalent.,SYNTHETIC_DEMO_DATA_ONLY
SYN-REC-0555,Vindhya Engineering Demo Services,LOC-CBL-ALU-2CX2P5-1P1kV-5,"Aluminium cable 2C x 2.5 sq mm, voltage rating rated voltage 1.1 kV",Electrical Cables,meter,DemoForge Industries,DEMO-PN-111-5,SYN-CAN-111,SYN-CBL-ALU-2CX2P5-1P1kV,near_duplicate_voltage,SYN-CAN-118,Same material family/category but differing technical specification; not equivalent.,SYNTHETIC_DEMO_DATA_ONLY
SYN-REC-0556,Bharat Thermal Demo Enterprise,LOC-CBL-ALU-2CX2P5-3P3kV-1,Aluminium Armoured Cable 2C x 2.5 sq mm 3.3 kV,Electrical Cables,metre,Synthetic Process Systems,DEMO-PN-112-1,SYN-CAN-112,SYN-CBL-ALU-2CX2P5-3P3kV,canonical_case,SYN-CAN-119,Same material family/category but differing technical specification; not equivalent.,SYNTHETIC_DEMO_DATA_ONLY
SYN-REC-0557,Dakshin Steel Demo Works,LOC-CBL-ALU-2CX2P5-3P3kV-2,ALUMINIUM 2C x 2.5 SQMM RATED VOLTAGE 3.3 KV CBL,Electrical Cables,mtr,DemoForge Industries,DEMO-PN-112-2,SYN-CAN-112,SYN-CBL-ALU-2CX2P5-3P3kV,abbreviation_capitalization,SYN-CAN-119,Same material family/category but differing technical specification; not equivalent.,SYNTHETIC_DEMO_DATA_ONLY
SYN-REC-0558,Narmada Power Demo Limited,LOC-CBL-ALU-2CX2P5-3P3kV-3,"cable, rated voltage 3.3 kV; 2C x 2.5 sq mm; aluminium conductor",Electrical Cables,M,Prototype Engineering Supply,DEMO-PN-112-3,SYN-CAN-112,SYN-CBL-ALU-2CX2P5-3P3kV,punctuation_reordered,SYN-CAN-119,Same material family/category but differing technical specification; not equivalent.,SYNTHETIC_DEMO_DATA_ONLY
SYN-REC-0559,Vindhya Engineering Demo Services,LOC-CBL-ALU-2CX2P5-3P3kV-4,2C x 2.5 sq mm square millimetre aluminium conductor insulated cable rated rated voltage 3.3 kV,Electrical Cables,metres,Prototype Engineering Supply,DEMO-PN-112-4,SYN-CAN-112,SYN-CBL-ALU-2CX2P5-3P3kV,equivalent_terminology,SYN-CAN-119,Same material family/category but differing technical specification; not equivalent.,SYNTHETIC_DEMO_DATA_ONLY
SYN-REC-0560,Astra Petrochem Demo Corporation,LOC-CBL-ALU-2CX2P5-3P3kV-5,"Aluminium cable 2C x 2.5 sq mm, voltage rating rated voltage 3.3 kV",Electrical Cables,meter,Prototype Engineering Supply,DEMO-PN-112-5,SYN-CAN-112,SYN-CBL-ALU-2CX2P5-3P3kV,near_duplicate_voltage,SYN-CAN-119,Same material family/category but differing technical specification; not equivalent.,SYNTHETIC_DEMO_DATA_ONLY
SYN-REC-0561,Dakshin Steel Demo Works,LOC-CBL-ALU-3CX4-1P1kV-1,Aluminium Armoured Cable 3C x 4 sq mm 1.1 kV,Electrical Cables,metre,DemoForge Industries,DEMO-PN-113-1,SYN-CAN-113,SYN-CBL-ALU-3CX4-1P1kV,canonical_case,SYN-CAN-120,Same material family/category but differing technical specification; not equivalent.,SYNTHETIC_DEMO_DATA_ONLY
SYN-REC-0562,Narmada Power Demo Limited,LOC-CBL-ALU-3CX4-1P1kV-2,ALUMINIUM 3C x 4 SQMM RATED VOLTAGE 1.1 KV CBL,Electrical Cables,mtr,Prototype Engineering Supply,DEMO-PN-113-2,SYN-CAN-113,SYN-CBL-ALU-3CX4-1P1kV,abbreviation_capitalization,SYN-CAN-120,Same material family/category but differing technical specification; not equivalent.,SYNTHETIC_DEMO_DATA_ONLY
SYN-REC-0563,Vindhya Engineering Demo Services,LOC-CBL-ALU-3CX4-1P1kV-3,"cable, rated voltage 1.1 kV; 3C x 4 sq mm; aluminium conductor",Electrical Cables,M,Prototype Engineering Supply,DEMO-PN-113-3,SYN-CAN-113,SYN-CBL-ALU-3CX4-1P1kV,punctuation_reordered,SYN-CAN-120,Same material family/category but differing technical specification; not equivalent.,SYNTHETIC_DEMO_DATA_ONLY
SYN-REC-0564,Astra Petrochem Demo Corporation,LOC-CBL-ALU-3CX4-1P1kV-4,3C x 4 sq mm square millimetre aluminium conductor insulated cable rated rated voltage 1.1 kV,Electrical Cables,metres,DemoForge Industries,DEMO-PN-113-4,SYN-CAN-113,SYN-CBL-ALU-3CX4-1P1kV,equivalent_terminology,SYN-CAN-120,Same material family/category but differing technical specification; not equivalent.,SYNTHETIC_DEMO_DATA_ONLY
SYN-REC-0565,Bharat Thermal Demo Enterprise,LOC-CBL-ALU-3CX4-1P1kV-5,"Aluminium cable 3C x 4 sq mm, voltage rating rated voltage 1.1 kV",Electrical Cables,meter,DemoForge Industries,DEMO-PN-113-5,SYN-CAN-113,SYN-CBL-ALU-3CX4-1P1kV,near_duplicate_voltage,SYN-CAN-120,Same material family/category but differing technical specification; not equivalent.,SYNTHETIC_DEMO_DATA_ONLY
SYN-REC-0566,Narmada Power Demo Limited,LOC-CBL-ALU-3CX4-3P3kV-1,Aluminium Armoured Cable 3C x 4 sq mm 3.3 kV,Electrical Cables,metre,Synthetic Process Systems,DEMO-PN-114-1,SYN-CAN-114,SYN-CBL-ALU-3CX4-3P3kV,canonical_case,SYN-CAN-091,Same material family/category but differing technical specification; not equivalent.,SYNTHETIC_DEMO_DATA_ONLY
SYN-REC-0567,Vindhya Engineering Demo Services,LOC-CBL-ALU-3CX4-3P3kV-2,ALUMINIUM 3C x 4 SQMM RATED VOLTAGE 3.3 KV CBL,Electrical Cables,mtr,DemoForge Industries,DEMO-PN-114-2,SYN-CAN-114,SYN-CBL-ALU-3CX4-3P3kV,abbreviation_capitalization,SYN-CAN-091,Same material family/category but differing technical specification; not equivalent.,SYNTHETIC_DEMO_DATA_ONLY
SYN-REC-0568,Astra Petrochem Demo Corporation,LOC-CBL-ALU-3CX4-3P3kV-3,"cable, rated voltage 3.3 kV; 3C x 4 sq mm; aluminium conductor",Electrical Cables,M,Prototype Engineering Supply,DEMO-PN-114-3,SYN-CAN-114,SYN-CBL-ALU-3CX4-3P3kV,punctuation_reordered,SYN-CAN-091,Same material family/category but differing technical specification; not equivalent.,SYNTHETIC_DEMO_DATA_ONLY
SYN-REC-0569,Bharat Thermal Demo Enterprise,LOC-CBL-ALU-3CX4-3P3kV-4,3C x 4 sq mm square millimetre aluminium conductor insulated cable rated rated voltage 3.3 kV,Electrical Cables,metres,Synthetic Process Systems,DEMO-PN-114-4,SYN-CAN-114,SYN-CBL-ALU-3CX4-3P3kV,equivalent_terminology,SYN-CAN-091,Same material family/category but differing technical specification; not equivalent.,SYNTHETIC_DEMO_DATA_ONLY
SYN-REC-0570,Dakshin Steel Demo Works,LOC-CBL-ALU-3CX4-3P3kV-5,"Aluminium cable 3C x 4 sq mm, voltage rating rated voltage 3.3 kV",Electrical Cables,meter,Synthetic Process Systems,DEMO-PN-114-5,SYN-CAN-114,SYN-CBL-ALU-3CX4-3P3kV,near_duplicate_voltage,SYN-CAN-091,Same material family/category but differing technical specification; not equivalent.,SYNTHETIC_DEMO_DATA_ONLY
SYN-REC-0571,Vindhya Engineering Demo Services,LOC-CBL-ALU-3CX6-1P1kV-1,Aluminium Armoured Cable 3C x 6 sq mm 1.1 kV,Electrical Cables,metre,DemoForge Industries,DEMO-PN-115-1,SYN-CAN-115,SYN-CBL-ALU-3CX6-1P1kV,canonical_case,SYN-CAN-092,Same material family/category but differing technical specification; not equivalent.,SYNTHETIC_DEMO_DATA_ONLY
SYN-REC-0572,Astra Petrochem Demo Corporation,LOC-CBL-ALU-3CX6-1P1kV-2,ALUMINIUM 3C x 6 SQMM RATED VOLTAGE 1.1 KV CBL,Electrical Cables,mtr,Prototype Engineering Supply,DEMO-PN-115-2,SYN-CAN-115,SYN-CBL-ALU-3CX6-1P1kV,abbreviation_capitalization,SYN-CAN-092,Same material family/category but differing technical specification; not equivalent.,SYNTHETIC_DEMO_DATA_ONLY
SYN-REC-0573,Bharat Thermal Demo Enterprise,LOC-CBL-ALU-3CX6-1P1kV-3,"cable, rated voltage 1.1 kV; 3C x 6 sq mm; aluminium conductor",Electrical Cables,M,DemoForge Industries,DEMO-PN-115-3,SYN-CAN-115,SYN-CBL-ALU-3CX6-1P1kV,punctuation_reordered,SYN-CAN-092,Same material family/category but differing technical specification; not equivalent.,SYNTHETIC_DEMO_DATA_ONLY
SYN-REC-0574,Dakshin Steel Demo Works,LOC-CBL-ALU-3CX6-1P1kV-4,3C x 6 sq mm square millimetre aluminium conductor insulated cable rated rated voltage 1.1 kV,Electrical Cables,metres,DemoForge Industries,DEMO-PN-115-4,SYN-CAN-115,SYN-CBL-ALU-3CX6-1P1kV,equivalent_terminology,SYN-CAN-092,Same material family/category but differing technical specification; not equivalent.,SYNTHETIC_DEMO_DATA_ONLY
SYN-REC-0575,Narmada Power Demo Limited,LOC-CBL-ALU-3CX6-1P1kV-5,"Aluminium cable 3C x 6 sq mm, voltage rating rated voltage 1.1 kV",Electrical Cables,meter,Synthetic Process Systems,DEMO-PN-115-5,SYN-CAN-115,SYN-CBL-ALU-3CX6-1P1kV,near_duplicate_voltage,SYN-CAN-092,Same material family/category but differing technical specification; not equivalent.,SYNTHETIC_DEMO_DATA_ONLY
SYN-REC-0576,Astra Petrochem Demo Corporation,LOC-CBL-ALU-3CX6-3P3kV-1,Aluminium Armoured Cable 3C x 6 sq mm 3.3 kV,Electrical Cables,metre,Prototype Engineering Supply,DEMO-PN-116-1,SYN-CAN-116,SYN-CBL-ALU-3CX6-3P3kV,canonical_case,SYN-CAN-093,Same material family/category but differing technical specification; not equivalent.,SYNTHETIC_DEMO_DATA_ONLY
SYN-REC-0577,Bharat Thermal Demo Enterprise,LOC-CBL-ALU-3CX6-3P3kV-2,ALUMINIUM 3C x 6 SQMM RATED VOLTAGE 3.3 KV CBL,Electrical Cables,mtr,Synthetic Process Systems,DEMO-PN-116-2,SYN-CAN-116,SYN-CBL-ALU-3CX6-3P3kV,abbreviation_capitalization,SYN-CAN-093,Same material family/category but differing technical specification; not equivalent.,SYNTHETIC_DEMO_DATA_ONLY
SYN-REC-0578,Dakshin Steel Demo Works,LOC-CBL-ALU-3CX6-3P3kV-3,"cable, rated voltage 3.3 kV; 3C x 6 sq mm; aluminium conductor",Electrical Cables,M,Synthetic Process Systems,DEMO-PN-116-3,SYN-CAN-116,SYN-CBL-ALU-3CX6-3P3kV,punctuation_reordered,SYN-CAN-093,Same material family/category but differing technical specification; not equivalent.,SYNTHETIC_DEMO_DATA_ONLY
SYN-REC-0579,Narmada Power Demo Limited,LOC-CBL-ALU-3CX6-3P3kV-4,3C x 6 sq mm square millimetre aluminium conductor insulated cable rated rated voltage 3.3 kV,Electrical Cables,metres,Prototype Engineering Supply,DEMO-PN-116-4,SYN-CAN-116,SYN-CBL-ALU-3CX6-3P3kV,equivalent_terminology,SYN-CAN-093,Same material family/category but differing technical specification; not equivalent.,SYNTHETIC_DEMO_DATA_ONLY
SYN-REC-0580,Vindhya Engineering Demo Services,LOC-CBL-ALU-3CX6-3P3kV-5,"Aluminium cable 3C x 6 sq mm, voltage rating rated voltage 3.3 kV",Electrical Cables,meter,Synthetic Process Systems,DEMO-PN-116-5,SYN-CAN-116,SYN-CBL-ALU-3CX6-3P3kV,near_duplicate_voltage,SYN-CAN-093,Same material family/category but differing technical specification; not equivalent.,SYNTHETIC_DEMO_DATA_ONLY
SYN-REC-0581,Bharat Thermal Demo Enterprise,LOC-CBL-ALU-4CX10-1P1kV-1,Aluminium Armoured Cable 4C x 10 sq mm 1.1 kV,Electrical Cables,metre,Prototype Engineering Supply,DEMO-PN-117-1,SYN-CAN-117,SYN-CBL-ALU-4CX10-1P1kV,canonical_case,SYN-CAN-094,Same material family/category but differing technical specification; not equivalent.,SYNTHETIC_DEMO_DATA_ONLY
SYN-REC-0582,Dakshin Steel Demo Works,LOC-CBL-ALU-4CX10-1P1kV-2,ALUMINIUM 4C x 10 SQMM RATED VOLTAGE 1.1 KV CBL,Electrical Cables,mtr,Synthetic Process Systems,DEMO-PN-117-2,SYN-CAN-117,SYN-CBL-ALU-4CX10-1P1kV,abbreviation_capitalization,SYN-CAN-094,Same material family/category but differing technical specification; not equivalent.,SYNTHETIC_DEMO_DATA_ONLY
SYN-REC-0583,Narmada Power Demo Limited,LOC-CBL-ALU-4CX10-1P1kV-3,"cable, rated voltage 1.1 kV; 4C x 10 sq mm; aluminium conductor",Electrical Cables,M,DemoForge Industries,DEMO-PN-117-3,SYN-CAN-117,SYN-CBL-ALU-4CX10-1P1kV,punctuation_reordered,SYN-CAN-094,Same material family/category but differing technical specification; not equivalent.,SYNTHETIC_DEMO_DATA_ONLY
SYN-REC-0584,Vindhya Engineering Demo Services,LOC-CBL-ALU-4CX10-1P1kV-4,4C x 10 sq mm square millimetre aluminium conductor insulated cable rated rated voltage 1.1 kV,Electrical Cables,metres,Synthetic Process Systems,DEMO-PN-117-4,SYN-CAN-117,SYN-CBL-ALU-4CX10-1P1kV,equivalent_terminology,SYN-CAN-094,Same material family/category but differing technical specification; not equivalent.,SYNTHETIC_DEMO_DATA_ONLY
SYN-REC-0585,Astra Petrochem Demo Corporation,LOC-CBL-ALU-4CX10-1P1kV-5,"Aluminium cable 4C x 10 sq mm, voltage rating rated voltage 1.1 kV",Electrical Cables,meter,Prototype Engineering Supply,DEMO-PN-117-5,SYN-CAN-117,SYN-CBL-ALU-4CX10-1P1kV,near_duplicate_voltage,SYN-CAN-094,Same material family/category but differing technical specification; not equivalent.,SYNTHETIC_DEMO_DATA_ONLY
SYN-REC-0586,Dakshin Steel Demo Works,LOC-CBL-ALU-4CX10-3P3kV-1,Aluminium Armoured Cable 4C x 10 sq mm 3.3 kV,Electrical Cables,metre,DemoForge Industries,DEMO-PN-118-1,SYN-CAN-118,SYN-CBL-ALU-4CX10-3P3kV,canonical_case,SYN-CAN-095,Same material family/category but differing technical specification; not equivalent.,SYNTHETIC_DEMO_DATA_ONLY
SYN-REC-0587,Narmada Power Demo Limited,LOC-CBL-ALU-4CX10-3P3kV-2,ALUMINIUM 4C x 10 SQMM RATED VOLTAGE 3.3 KV CBL,Electrical Cables,mtr,Prototype Engineering Supply,DEMO-PN-118-2,SYN-CAN-118,SYN-CBL-ALU-4CX10-3P3kV,abbreviation_capitalization,SYN-CAN-095,Same material family/category but differing technical specification; not equivalent.,SYNTHETIC_DEMO_DATA_ONLY
SYN-REC-0588,Vindhya Engineering Demo Services,LOC-CBL-ALU-4CX10-3P3kV-3,"cable, rated voltage 3.3 kV; 4C x 10 sq mm; aluminium conductor",Electrical Cables,M,DemoForge Industries,DEMO-PN-118-3,SYN-CAN-118,SYN-CBL-ALU-4CX10-3P3kV,punctuation_reordered,SYN-CAN-095,Same material family/category but differing technical specification; not equivalent.,SYNTHETIC_DEMO_DATA_ONLY
SYN-REC-0589,Astra Petrochem Demo Corporation,LOC-CBL-ALU-4CX10-3P3kV-4,4C x 10 sq mm square millimetre aluminium conductor insulated cable rated rated voltage 3.3 kV,Electrical Cables,metres,DemoForge Industries,DEMO-PN-118-4,SYN-CAN-118,SYN-CBL-ALU-4CX10-3P3kV,equivalent_terminology,SYN-CAN-095,Same material family/category but differing technical specification; not equivalent.,SYNTHETIC_DEMO_DATA_ONLY
SYN-REC-0590,Bharat Thermal Demo Enterprise,LOC-CBL-ALU-4CX10-3P3kV-5,"Aluminium cable 4C x 10 sq mm, voltage rating rated voltage 3.3 kV",Electrical Cables,meter,Prototype Engineering Supply,DEMO-PN-118-5,SYN-CAN-118,SYN-CBL-ALU-4CX10-3P3kV,near_duplicate_voltage,SYN-CAN-095,Same material family/category but differing technical specification; not equivalent.,SYNTHETIC_DEMO_DATA_ONLY
SYN-REC-0591,Narmada Power Demo Limited,LOC-CBL-ALU-4CX16-1P1kV-1,Aluminium Armoured Cable 4C x 16 sq mm 1.1 kV,Electrical Cables,metre,DemoForge Industries,DEMO-PN-119-1,SYN-CAN-119,SYN-CBL-ALU-4CX16-1P1kV,canonical_case,SYN-CAN-096,Same material family/category but differing technical specification; not equivalent.,SYNTHETIC_DEMO_DATA_ONLY
SYN-REC-0592,Vindhya Engineering Demo Services,LOC-CBL-ALU-4CX16-1P1kV-2,ALUMINIUM 4C x 16 SQMM RATED VOLTAGE 1.1 KV CBL,Electrical Cables,mtr,Synthetic Process Systems,DEMO-PN-119-2,SYN-CAN-119,SYN-CBL-ALU-4CX16-1P1kV,abbreviation_capitalization,SYN-CAN-096,Same material family/category but differing technical specification; not equivalent.,SYNTHETIC_DEMO_DATA_ONLY
SYN-REC-0593,Astra Petrochem Demo Corporation,LOC-CBL-ALU-4CX16-1P1kV-3,"cable, rated voltage 1.1 kV; 4C x 16 sq mm; aluminium conductor",Electrical Cables,M,DemoForge Industries,DEMO-PN-119-3,SYN-CAN-119,SYN-CBL-ALU-4CX16-1P1kV,punctuation_reordered,SYN-CAN-096,Same material family/category but differing technical specification; not equivalent.,SYNTHETIC_DEMO_DATA_ONLY
SYN-REC-0594,Bharat Thermal Demo Enterprise,LOC-CBL-ALU-4CX16-1P1kV-4,4C x 16 sq mm square millimetre aluminium conductor insulated cable rated rated voltage 1.1 kV,Electrical Cables,metres,Prototype Engineering Supply,DEMO-PN-119-4,SYN-CAN-119,SYN-CBL-ALU-4CX16-1P1kV,equivalent_terminology,SYN-CAN-096,Same material family/category but differing technical specification; not equivalent.,SYNTHETIC_DEMO_DATA_ONLY
SYN-REC-0595,Dakshin Steel Demo Works,LOC-CBL-ALU-4CX16-1P1kV-5,"Aluminium cable 4C x 16 sq mm, voltage rating rated voltage 1.1 kV",Electrical Cables,meter,Prototype Engineering Supply,DEMO-PN-119-5,SYN-CAN-119,SYN-CBL-ALU-4CX16-1P1kV,near_duplicate_voltage,SYN-CAN-096,Same material family/category but differing technical specification; not equivalent.,SYNTHETIC_DEMO_DATA_ONLY
SYN-REC-0596,Vindhya Engineering Demo Services,LOC-CBL-ALU-4CX16-3P3kV-1,Aluminium Armoured Cable 4C x 16 sq mm 3.3 kV,Electrical Cables,metre,Prototype Engineering Supply,DEMO-PN-120-1,SYN-CAN-120,SYN-CBL-ALU-4CX16-3P3kV,canonical_case,SYN-CAN-097,Same material family/category but differing technical specification; not equivalent.,SYNTHETIC_DEMO_DATA_ONLY
SYN-REC-0597,Astra Petrochem Demo Corporation,LOC-CBL-ALU-4CX16-3P3kV-2,ALUMINIUM 4C x 16 SQMM RATED VOLTAGE 3.3 KV CBL,Electrical Cables,mtr,DemoForge Industries,DEMO-PN-120-2,SYN-CAN-120,SYN-CBL-ALU-4CX16-3P3kV,abbreviation_capitalization,SYN-CAN-097,Same material family/category but differing technical specification; not equivalent.,SYNTHETIC_DEMO_DATA_ONLY
SYN-REC-0598,Bharat Thermal Demo Enterprise,LOC-CBL-ALU-4CX16-3P3kV-3,"cable, rated voltage 3.3 kV; 4C x 16 sq mm; aluminium conductor",Electrical Cables,M,Synthetic Process Systems,DEMO-PN-120-3,SYN-CAN-120,SYN-CBL-ALU-4CX16-3P3kV,punctuation_reordered,SYN-CAN-097,Same material family/category but differing technical specification; not equivalent.,SYNTHETIC_DEMO_DATA_ONLY
SYN-REC-0599,Dakshin Steel Demo Works,LOC-CBL-ALU-4CX16-3P3kV-4,4C x 16 sq mm square millimetre aluminium conductor insulated cable rated rated voltage 3.3 kV,Electrical Cables,metres,Synthetic Process Systems,DEMO-PN-120-4,SYN-CAN-120,SYN-CBL-ALU-4CX16-3P3kV,equivalent_terminology,SYN-CAN-097,Same material family/category but differing technical specification; not equivalent.,SYNTHETIC_DEMO_DATA_ONLY
SYN-REC-0600,Narmada Power Demo Limited,LOC-CBL-ALU-4CX16-3P3kV-5,"Aluminium cable 4C x 16 sq mm, voltage rating rated voltage 3.3 kV",Electrical Cables,meter,Prototype Engineering Supply,DEMO-PN-120-5,SYN-CAN-120,SYN-CBL-ALU-4CX16-3P3kV,near_duplicate_voltage,SYN-CAN-097,Same material family/category but differing technical specification; not equivalent.,SYNTHETIC_DEMO_DATA_ONLY
SYN-REC-0601,Astra Petrochem Demo Corporation,LOC-BRG-62-20-Normal-1,Deep Groove Ball Bearing Series 62 Bore 20 mm Normal Clearance,Bearings,each,DemoForge Industries,DEMO-PN-121-1,SYN-CAN-121,SYN-BRG-62-20-Normal,canonical_case,SYN-CAN-126,Same material family/category but differing technical specification; not equivalent.,SYNTHETIC_DEMO_DATA_ONLY
SYN-REC-0602,Bharat Thermal Demo Enterprise,LOC-BRG-62-20-Normal-2,DEEP GROOVE BALL BEARING SER. 62 B20 MM RADIAL CLEARANCE NORMAL,Bearings,nos,Synthetic Process Systems,DEMO-PN-121-2,SYN-CAN-121,SYN-BRG-62-20-Normal,abbreviation_capitalization,SYN-CAN-126,Same material family/category but differing technical specification; not equivalent.,SYNTHETIC_DEMO_DATA_ONLY
SYN-REC-0603,Dakshin Steel Demo Works,LOC-BRG-62-20-Normal-3,bearing; radial clearance Normal; bore 20 mm; Series 62; deep groove ball bearing,Bearings,No.,Prototype Engineering Supply,DEMO-PN-121-3,SYN-CAN-121,SYN-BRG-62-20-Normal,punctuation_reordered,SYN-CAN-126,Same material family/category but differing technical specification; not equivalent.,SYNTHETIC_DEMO_DATA_ONLY
SYN-REC-0604,Narmada Power Demo Limited,LOC-BRG-62-20-Normal-4,"deep groove ball bearing with radial clearance Normal radial clearance, Series 62, bore 20 mm",Bearings,each,DemoForge Industries,DEMO-PN-121-4,SYN-CAN-121,SYN-BRG-62-20-Normal,equivalent_terminology,SYN-CAN-126,Same material family/category but differing technical specification; not equivalent.,SYNTHETIC_DEMO_DATA_ONLY
SYN-REC-0605,Vindhya Engineering Demo Services,LOC-BRG-62-20-Normal-5,"Deep Groove Ball Bearing Series 62, bore 20 mm, clearance radial clearance Normal",Bearings,pcs,Synthetic Process Systems,DEMO-PN-121-5,SYN-CAN-121,SYN-BRG-62-20-Normal,near_duplicate_bore,SYN-CAN-126,Same material family/category but differing technical specification; not equivalent.,SYNTHETIC_DEMO_DATA_ONLY
SYN-REC-0606,Bharat Thermal Demo Enterprise,LOC-BRG-62-20-C3-1,Deep Groove Ball Bearing Series 62 Bore 20 mm C3 Clearance,Bearings,each,DemoForge Industries,DEMO-PN-122-1,SYN-CAN-122,SYN-BRG-62-20-C3,canonical_case,SYN-CAN-127,Same material family/category but differing technical specification; not equivalent.,SYNTHETIC_DEMO_DATA_ONLY
SYN-REC-0607,Dakshin Steel Demo Works,LOC-BRG-62-20-C3-2,DEEP GROOVE BALL BEARING SER. 62 B20 MM RADIAL CLEARANCE C3,Bearings,nos,Synthetic Process Systems,DEMO-PN-122-2,SYN-CAN-122,SYN-BRG-62-20-C3,abbreviation_capitalization,SYN-CAN-127,Same material family/category but differing technical specification; not equivalent.,SYNTHETIC_DEMO_DATA_ONLY
SYN-REC-0608,Narmada Power Demo Limited,LOC-BRG-62-20-C3-3,bearing; radial clearance C3; bore 20 mm; Series 62; deep groove ball bearing,Bearings,No.,Prototype Engineering Supply,DEMO-PN-122-3,SYN-CAN-122,SYN-BRG-62-20-C3,punctuation_reordered,SYN-CAN-127,Same material family/category but differing technical specification; not equivalent.,SYNTHETIC_DEMO_DATA_ONLY
SYN-REC-0609,Vindhya Engineering Demo Services,LOC-BRG-62-20-C3-4,"deep groove ball bearing with radial clearance C3 radial clearance, Series 62, bore 20 mm",Bearings,each,DemoForge Industries,DEMO-PN-122-4,SYN-CAN-122,SYN-BRG-62-20-C3,equivalent_terminology,SYN-CAN-127,Same material family/category but differing technical specification; not equivalent.,SYNTHETIC_DEMO_DATA_ONLY
SYN-REC-0610,Astra Petrochem Demo Corporation,LOC-BRG-62-20-C3-5,"Deep Groove Ball Bearing Series 62, bore 20 mm, clearance radial clearance C3",Bearings,pcs,Prototype Engineering Supply,DEMO-PN-122-5,SYN-CAN-122,SYN-BRG-62-20-C3,near_duplicate_bore,SYN-CAN-127,Same material family/category but differing technical specification; not equivalent.,SYNTHETIC_DEMO_DATA_ONLY
SYN-REC-0611,Dakshin Steel Demo Works,LOC-BRG-62-25-Normal-1,Deep Groove Ball Bearing Series 62 Bore 25 mm Normal Clearance,Bearings,each,Synthetic Process Systems,DEMO-PN-123-1,SYN-CAN-123,SYN-BRG-62-25-Normal,canonical_case,SYN-CAN-128,Same material family/category but differing technical specification; not equivalent.,SYNTHETIC_DEMO_DATA_ONLY
SYN-REC-0612,Narmada Power Demo Limited,LOC-BRG-62-25-Normal-2,DEEP GROOVE BALL BEARING SER. 62 B25 MM RADIAL CLEARANCE NORMAL,Bearings,nos,DemoForge Industries,DEMO-PN-123-2,SYN-CAN-123,SYN-BRG-62-25-Normal,abbreviation_capitalization,SYN-CAN-128,Same material family/category but differing technical specification; not equivalent.,SYNTHETIC_DEMO_DATA_ONLY
SYN-REC-0613,Vindhya Engineering Demo Services,LOC-BRG-62-25-Normal-3,bearing; radial clearance Normal; bore 25 mm; Series 62; deep groove ball bearing,Bearings,No.,Prototype Engineering Supply,DEMO-PN-123-3,SYN-CAN-123,SYN-BRG-62-25-Normal,punctuation_reordered,SYN-CAN-128,Same material family/category but differing technical specification; not equivalent.,SYNTHETIC_DEMO_DATA_ONLY
SYN-REC-0614,Astra Petrochem Demo Corporation,LOC-BRG-62-25-Normal-4,"deep groove ball bearing with radial clearance Normal radial clearance, Series 62, bore 25 mm",Bearings,each,Prototype Engineering Supply,DEMO-PN-123-4,SYN-CAN-123,SYN-BRG-62-25-Normal,equivalent_terminology,SYN-CAN-128,Same material family/category but differing technical specification; not equivalent.,SYNTHETIC_DEMO_DATA_ONLY
SYN-REC-0615,Bharat Thermal Demo Enterprise,LOC-BRG-62-25-Normal-5,"Deep Groove Ball Bearing Series 62, bore 25 mm, clearance radial clearance Normal",Bearings,pcs,DemoForge Industries,DEMO-PN-123-5,SYN-CAN-123,SYN-BRG-62-25-Normal,near_duplicate_bore,SYN-CAN-128,Same material family/category but differing technical specification; not equivalent.,SYNTHETIC_DEMO_DATA_ONLY
SYN-REC-0616,Narmada Power Demo Limited,LOC-BRG-62-25-C3-1,Deep Groove Ball Bearing Series 62 Bore 25 mm C3 Clearance,Bearings,each,DemoForge Industries,DEMO-PN-124-1,SYN-CAN-124,SYN-BRG-62-25-C3,canonical_case,SYN-CAN-129,Same material family/category but differing technical specification; not equivalent.,SYNTHETIC_DEMO_DATA_ONLY
SYN-REC-0617,Vindhya Engineering Demo Services,LOC-BRG-62-25-C3-2,DEEP GROOVE BALL BEARING SER. 62 B25 MM RADIAL CLEARANCE C3,Bearings,nos,Synthetic Process Systems,DEMO-PN-124-2,SYN-CAN-124,SYN-BRG-62-25-C3,abbreviation_capitalization,SYN-CAN-129,Same material family/category but differing technical specification; not equivalent.,SYNTHETIC_DEMO_DATA_ONLY
SYN-REC-0618,Astra Petrochem Demo Corporation,LOC-BRG-62-25-C3-3,bearing; radial clearance C3; bore 25 mm; Series 62; deep groove ball bearing,Bearings,No.,Prototype Engineering Supply,DEMO-PN-124-3,SYN-CAN-124,SYN-BRG-62-25-C3,punctuation_reordered,SYN-CAN-129,Same material family/category but differing technical specification; not equivalent.,SYNTHETIC_DEMO_DATA_ONLY
SYN-REC-0619,Bharat Thermal Demo Enterprise,LOC-BRG-62-25-C3-4,"deep groove ball bearing with radial clearance C3 radial clearance, Series 62, bore 25 mm",Bearings,each,Prototype Engineering Supply,DEMO-PN-124-4,SYN-CAN-124,SYN-BRG-62-25-C3,equivalent_terminology,SYN-CAN-129,Same material family/category but differing technical specification; not equivalent.,SYNTHETIC_DEMO_DATA_ONLY
SYN-REC-0620,Dakshin Steel Demo Works,LOC-BRG-62-25-C3-5,"Deep Groove Ball Bearing Series 62, bore 25 mm, clearance radial clearance C3",Bearings,pcs,Synthetic Process Systems,DEMO-PN-124-5,SYN-CAN-124,SYN-BRG-62-25-C3,near_duplicate_bore,SYN-CAN-129,Same material family/category but differing technical specification; not equivalent.,SYNTHETIC_DEMO_DATA_ONLY
SYN-REC-0621,Vindhya Engineering Demo Services,LOC-BRG-62-30-Normal-1,Deep Groove Ball Bearing Series 62 Bore 30 mm Normal Clearance,Bearings,each,Synthetic Process Systems,DEMO-PN-125-1,SYN-CAN-125,SYN-BRG-62-30-Normal,canonical_case,SYN-CAN-130,Same material family/category but differing technical specification; not equivalent.,SYNTHETIC_DEMO_DATA_ONLY
SYN-REC-0622,Astra Petrochem Demo Corporation,LOC-BRG-62-30-Normal-2,DEEP GROOVE BALL BEARING SER. 62 B30 MM RADIAL CLEARANCE NORMAL,Bearings,nos,Prototype Engineering Supply,DEMO-PN-125-2,SYN-CAN-125,SYN-BRG-62-30-Normal,abbreviation_capitalization,SYN-CAN-130,Same material family/category but differing technical specification; not equivalent.,SYNTHETIC_DEMO_DATA_ONLY
SYN-REC-0623,Bharat Thermal Demo Enterprise,LOC-BRG-62-30-Normal-3,bearing; radial clearance Normal; bore 30 mm; Series 62; deep groove ball bearing,Bearings,No.,Synthetic Process Systems,DEMO-PN-125-3,SYN-CAN-125,SYN-BRG-62-30-Normal,punctuation_reordered,SYN-CAN-130,Same material family/category but differing technical specification; not equivalent.,SYNTHETIC_DEMO_DATA_ONLY
SYN-REC-0624,Dakshin Steel Demo Works,LOC-BRG-62-30-Normal-4,"deep groove ball bearing with radial clearance Normal radial clearance, Series 62, bore 30 mm",Bearings,each,Prototype Engineering Supply,DEMO-PN-125-4,SYN-CAN-125,SYN-BRG-62-30-Normal,equivalent_terminology,SYN-CAN-130,Same material family/category but differing technical specification; not equivalent.,SYNTHETIC_DEMO_DATA_ONLY
SYN-REC-0625,Narmada Power Demo Limited,LOC-BRG-62-30-Normal-5,"Deep Groove Ball Bearing Series 62, bore 30 mm, clearance radial clearance Normal",Bearings,pcs,Prototype Engineering Supply,DEMO-PN-125-5,SYN-CAN-125,SYN-BRG-62-30-Normal,near_duplicate_bore,SYN-CAN-130,Same material family/category but differing technical specification; not equivalent.,SYNTHETIC_DEMO_DATA_ONLY
SYN-REC-0626,Astra Petrochem Demo Corporation,LOC-BRG-62-30-C3-1,Deep Groove Ball Bearing Series 62 Bore 30 mm C3 Clearance,Bearings,each,Prototype Engineering Supply,DEMO-PN-126-1,SYN-CAN-126,SYN-BRG-62-30-C3,canonical_case,SYN-CAN-131,Same material family/category but differing technical specification; not equivalent.,SYNTHETIC_DEMO_DATA_ONLY
SYN-REC-0627,Bharat Thermal Demo Enterprise,LOC-BRG-62-30-C3-2,DEEP GROOVE BALL BEARING SER. 62 B30 MM RADIAL CLEARANCE C3,Bearings,nos,Prototype Engineering Supply,DEMO-PN-126-2,SYN-CAN-126,SYN-BRG-62-30-C3,abbreviation_capitalization,SYN-CAN-131,Same material family/category but differing technical specification; not equivalent.,SYNTHETIC_DEMO_DATA_ONLY
SYN-REC-0628,Dakshin Steel Demo Works,LOC-BRG-62-30-C3-3,bearing; radial clearance C3; bore 30 mm; Series 62; deep groove ball bearing,Bearings,No.,Prototype Engineering Supply,DEMO-PN-126-3,SYN-CAN-126,SYN-BRG-62-30-C3,punctuation_reordered,SYN-CAN-131,Same material family/category but differing technical specification; not equivalent.,SYNTHETIC_DEMO_DATA_ONLY
SYN-REC-0629,Narmada Power Demo Limited,LOC-BRG-62-30-C3-4,"deep groove ball bearing with radial clearance C3 radial clearance, Series 62, bore 30 mm",Bearings,each,DemoForge Industries,DEMO-PN-126-4,SYN-CAN-126,SYN-BRG-62-30-C3,equivalent_terminology,SYN-CAN-131,Same material family/category but differing technical specification; not equivalent.,SYNTHETIC_DEMO_DATA_ONLY
SYN-REC-0630,Vindhya Engineering Demo Services,LOC-BRG-62-30-C3-5,"Deep Groove Ball Bearing Series 62, bore 30 mm, clearance radial clearance C3",Bearings,pcs,Synthetic Process Systems,DEMO-PN-126-5,SYN-CAN-126,SYN-BRG-62-30-C3,near_duplicate_bore,SYN-CAN-131,Same material family/category but differing technical specification; not equivalent.,SYNTHETIC_DEMO_DATA_ONLY
SYN-REC-0631,Bharat Thermal Demo Enterprise,LOC-BRG-62-35-Normal-1,Deep Groove Ball Bearing Series 62 Bore 35 mm Normal Clearance,Bearings,each,Prototype Engineering Supply,DEMO-PN-127-1,SYN-CAN-127,SYN-BRG-62-35-Normal,canonical_case,SYN-CAN-132,Same material family/category but differing technical specification; not equivalent.,SYNTHETIC_DEMO_DATA_ONLY
SYN-REC-0632,Dakshin Steel Demo Works,LOC-BRG-62-35-Normal-2,DEEP GROOVE BALL BEARING SER. 62 B35 MM RADIAL CLEARANCE NORMAL,Bearings,nos,DemoForge Industries,DEMO-PN-127-2,SYN-CAN-127,SYN-BRG-62-35-Normal,abbreviation_capitalization,SYN-CAN-132,Same material family/category but differing technical specification; not equivalent.,SYNTHETIC_DEMO_DATA_ONLY
SYN-REC-0633,Narmada Power Demo Limited,LOC-BRG-62-35-Normal-3,bearing; radial clearance Normal; bore 35 mm; Series 62; deep groove ball bearing,Bearings,No.,Prototype Engineering Supply,DEMO-PN-127-3,SYN-CAN-127,SYN-BRG-62-35-Normal,punctuation_reordered,SYN-CAN-132,Same material family/category but differing technical specification; not equivalent.,SYNTHETIC_DEMO_DATA_ONLY
SYN-REC-0634,Vindhya Engineering Demo Services,LOC-BRG-62-35-Normal-4,"deep groove ball bearing with radial clearance Normal radial clearance, Series 62, bore 35 mm",Bearings,each,Prototype Engineering Supply,DEMO-PN-127-4,SYN-CAN-127,SYN-BRG-62-35-Normal,equivalent_terminology,SYN-CAN-132,Same material family/category but differing technical specification; not equivalent.,SYNTHETIC_DEMO_DATA_ONLY
SYN-REC-0635,Astra Petrochem Demo Corporation,LOC-BRG-62-35-Normal-5,"Deep Groove Ball Bearing Series 62, bore 35 mm, clearance radial clearance Normal",Bearings,pcs,Prototype Engineering Supply,DEMO-PN-127-5,SYN-CAN-127,SYN-BRG-62-35-Normal,near_duplicate_bore,SYN-CAN-132,Same material family/category but differing technical specification; not equivalent.,SYNTHETIC_DEMO_DATA_ONLY
SYN-REC-0636,Dakshin Steel Demo Works,LOC-BRG-62-35-C3-1,Deep Groove Ball Bearing Series 62 Bore 35 mm C3 Clearance,Bearings,each,Prototype Engineering Supply,DEMO-PN-128-1,SYN-CAN-128,SYN-BRG-62-35-C3,canonical_case,SYN-CAN-133,Same material family/category but differing technical specification; not equivalent.,SYNTHETIC_DEMO_DATA_ONLY
SYN-REC-0637,Narmada Power Demo Limited,LOC-BRG-62-35-C3-2,DEEP GROOVE BALL BEARING SER. 62 B35 MM RADIAL CLEARANCE C3,Bearings,nos,DemoForge Industries,DEMO-PN-128-2,SYN-CAN-128,SYN-BRG-62-35-C3,abbreviation_capitalization,SYN-CAN-133,Same material family/category but differing technical specification; not equivalent.,SYNTHETIC_DEMO_DATA_ONLY
SYN-REC-0638,Vindhya Engineering Demo Services,LOC-BRG-62-35-C3-3,bearing; radial clearance C3; bore 35 mm; Series 62; deep groove ball bearing,Bearings,No.,Prototype Engineering Supply,DEMO-PN-128-3,SYN-CAN-128,SYN-BRG-62-35-C3,punctuation_reordered,SYN-CAN-133,Same material family/category but differing technical specification; not equivalent.,SYNTHETIC_DEMO_DATA_ONLY
SYN-REC-0639,Astra Petrochem Demo Corporation,LOC-BRG-62-35-C3-4,"deep groove ball bearing with radial clearance C3 radial clearance, Series 62, bore 35 mm",Bearings,each,DemoForge Industries,DEMO-PN-128-4,SYN-CAN-128,SYN-BRG-62-35-C3,equivalent_terminology,SYN-CAN-133,Same material family/category but differing technical specification; not equivalent.,SYNTHETIC_DEMO_DATA_ONLY
SYN-REC-0640,Bharat Thermal Demo Enterprise,LOC-BRG-62-35-C3-5,"Deep Groove Ball Bearing Series 62, bore 35 mm, clearance radial clearance C3",Bearings,pcs,DemoForge Industries,DEMO-PN-128-5,SYN-CAN-128,SYN-BRG-62-35-C3,near_duplicate_bore,SYN-CAN-133,Same material family/category but differing technical specification; not equivalent.,SYNTHETIC_DEMO_DATA_ONLY
SYN-REC-0641,Narmada Power Demo Limited,LOC-BRG-62-40-Normal-1,Deep Groove Ball Bearing Series 62 Bore 40 mm Normal Clearance,Bearings,each,Prototype Engineering Supply,DEMO-PN-129-1,SYN-CAN-129,SYN-BRG-62-40-Normal,canonical_case,SYN-CAN-134,Same material family/category but differing technical specification; not equivalent.,SYNTHETIC_DEMO_DATA_ONLY
SYN-REC-0642,Vindhya Engineering Demo Services,LOC-BRG-62-40-Normal-2,DEEP GROOVE BALL BEARING SER. 62 B40 MM RADIAL CLEARANCE NORMAL,Bearings,nos,Synthetic Process Systems,DEMO-PN-129-2,SYN-CAN-129,SYN-BRG-62-40-Normal,abbreviation_capitalization,SYN-CAN-134,Same material family/category but differing technical specification; not equivalent.,SYNTHETIC_DEMO_DATA_ONLY
SYN-REC-0643,Astra Petrochem Demo Corporation,LOC-BRG-62-40-Normal-3,bearing; radial clearance Normal; bore 40 mm; Series 62; deep groove ball bearing,Bearings,No.,DemoForge Industries,DEMO-PN-129-3,SYN-CAN-129,SYN-BRG-62-40-Normal,punctuation_reordered,SYN-CAN-134,Same material family/category but differing technical specification; not equivalent.,SYNTHETIC_DEMO_DATA_ONLY
SYN-REC-0644,Bharat Thermal Demo Enterprise,LOC-BRG-62-40-Normal-4,"deep groove ball bearing with radial clearance Normal radial clearance, Series 62, bore 40 mm",Bearings,each,DemoForge Industries,DEMO-PN-129-4,SYN-CAN-129,SYN-BRG-62-40-Normal,equivalent_terminology,SYN-CAN-134,Same material family/category but differing technical specification; not equivalent.,SYNTHETIC_DEMO_DATA_ONLY
SYN-REC-0645,Dakshin Steel Demo Works,LOC-BRG-62-40-Normal-5,"Deep Groove Ball Bearing Series 62, bore 40 mm, clearance radial clearance Normal",Bearings,pcs,DemoForge Industries,DEMO-PN-129-5,SYN-CAN-129,SYN-BRG-62-40-Normal,near_duplicate_bore,SYN-CAN-134,Same material family/category but differing technical specification; not equivalent.,SYNTHETIC_DEMO_DATA_ONLY
SYN-REC-0646,Vindhya Engineering Demo Services,LOC-BRG-62-40-C3-1,Deep Groove Ball Bearing Series 62 Bore 40 mm C3 Clearance,Bearings,each,Prototype Engineering Supply,DEMO-PN-130-1,SYN-CAN-130,SYN-BRG-62-40-C3,canonical_case,SYN-CAN-135,Same material family/category but differing technical specification; not equivalent.,SYNTHETIC_DEMO_DATA_ONLY
SYN-REC-0647,Astra Petrochem Demo Corporation,LOC-BRG-62-40-C3-2,DEEP GROOVE BALL BEARING SER. 62 B40 MM RADIAL CLEARANCE C3,Bearings,nos,Synthetic Process Systems,DEMO-PN-130-2,SYN-CAN-130,SYN-BRG-62-40-C3,abbreviation_capitalization,SYN-CAN-135,Same material family/category but differing technical specification; not equivalent.,SYNTHETIC_DEMO_DATA_ONLY
SYN-REC-0648,Bharat Thermal Demo Enterprise,LOC-BRG-62-40-C3-3,bearing; radial clearance C3; bore 40 mm; Series 62; deep groove ball bearing,Bearings,No.,Synthetic Process Systems,DEMO-PN-130-3,SYN-CAN-130,SYN-BRG-62-40-C3,punctuation_reordered,SYN-CAN-135,Same material family/category but differing technical specification; not equivalent.,SYNTHETIC_DEMO_DATA_ONLY
SYN-REC-0649,Dakshin Steel Demo Works,LOC-BRG-62-40-C3-4,"deep groove ball bearing with radial clearance C3 radial clearance, Series 62, bore 40 mm",Bearings,each,Synthetic Process Systems,DEMO-PN-130-4,SYN-CAN-130,SYN-BRG-62-40-C3,equivalent_terminology,SYN-CAN-135,Same material family/category but differing technical specification; not equivalent.,SYNTHETIC_DEMO_DATA_ONLY
SYN-REC-0650,Narmada Power Demo Limited,LOC-BRG-62-40-C3-5,"Deep Groove Ball Bearing Series 62, bore 40 mm, clearance radial clearance C3",Bearings,pcs,Prototype Engineering Supply,DEMO-PN-130-5,SYN-CAN-130,SYN-BRG-62-40-C3,near_duplicate_bore,SYN-CAN-135,Same material family/category but differing technical specification; not equivalent.,SYNTHETIC_DEMO_DATA_ONLY
SYN-REC-0651,Astra Petrochem Demo Corporation,LOC-BRG-32-20-Normal-1,Taper Roller Bearing Series 32 Bore 20 mm Normal Clearance,Bearings,each,DemoForge Industries,DEMO-PN-131-1,SYN-CAN-131,SYN-BRG-32-20-Normal,canonical_case,SYN-CAN-136,Same material family/category but differing technical specification; not equivalent.,SYNTHETIC_DEMO_DATA_ONLY
SYN-REC-0652,Bharat Thermal Demo Enterprise,LOC-BRG-32-20-Normal-2,TAPER ROLLER BEARING SER. 32 B20 MM RADIAL CLEARANCE NORMAL,Bearings,nos,DemoForge Industries,DEMO-PN-131-2,SYN-CAN-131,SYN-BRG-32-20-Normal,abbreviation_capitalization,SYN-CAN-136,Same material family/category but differing technical specification; not equivalent.,SYNTHETIC_DEMO_DATA_ONLY
SYN-REC-0653,Dakshin Steel Demo Works,LOC-BRG-32-20-Normal-3,bearing; radial clearance Normal; bore 20 mm; Series 32; taper roller bearing,Bearings,No.,DemoForge Industries,DEMO-PN-131-3,SYN-CAN-131,SYN-BRG-32-20-Normal,punctuation_reordered,SYN-CAN-136,Same material family/category but differing technical specification; not equivalent.,SYNTHETIC_DEMO_DATA_ONLY
SYN-REC-0654,Narmada Power Demo Limited,LOC-BRG-32-20-Normal-4,"taper roller bearing with radial clearance Normal radial clearance, Series 32, bore 20 mm",Bearings,each,DemoForge Industries,DEMO-PN-131-4,SYN-CAN-131,SYN-BRG-32-20-Normal,equivalent_terminology,SYN-CAN-136,Same material family/category but differing technical specification; not equivalent.,SYNTHETIC_DEMO_DATA_ONLY
SYN-REC-0655,Vindhya Engineering Demo Services,LOC-BRG-32-20-Normal-5,"Taper Roller Bearing Series 32, bore 20 mm, clearance radial clearance Normal",Bearings,pcs,Synthetic Process Systems,DEMO-PN-131-5,SYN-CAN-131,SYN-BRG-32-20-Normal,near_duplicate_bore,SYN-CAN-136,Same material family/category but differing technical specification; not equivalent.,SYNTHETIC_DEMO_DATA_ONLY
SYN-REC-0656,Bharat Thermal Demo Enterprise,LOC-BRG-32-20-C3-1,Taper Roller Bearing Series 32 Bore 20 mm C3 Clearance,Bearings,each,DemoForge Industries,DEMO-PN-132-1,SYN-CAN-132,SYN-BRG-32-20-C3,canonical_case,SYN-CAN-137,Same material family/category but differing technical specification; not equivalent.,SYNTHETIC_DEMO_DATA_ONLY
SYN-REC-0657,Dakshin Steel Demo Works,LOC-BRG-32-20-C3-2,TAPER ROLLER BEARING SER. 32 B20 MM RADIAL CLEARANCE C3,Bearings,nos,Prototype Engineering Supply,DEMO-PN-132-2,SYN-CAN-132,SYN-BRG-32-20-C3,abbreviation_capitalization,SYN-CAN-137,Same material family/category but differing technical specification; not equivalent.,SYNTHETIC_DEMO_DATA_ONLY
SYN-REC-0658,Narmada Power Demo Limited,LOC-BRG-32-20-C3-3,bearing; radial clearance C3; bore 20 mm; Series 32; taper roller bearing,Bearings,No.,DemoForge Industries,DEMO-PN-132-3,SYN-CAN-132,SYN-BRG-32-20-C3,punctuation_reordered,SYN-CAN-137,Same material family/category but differing technical specification; not equivalent.,SYNTHETIC_DEMO_DATA_ONLY
SYN-REC-0659,Vindhya Engineering Demo Services,LOC-BRG-32-20-C3-4,"taper roller bearing with radial clearance C3 radial clearance, Series 32, bore 20 mm",Bearings,each,Synthetic Process Systems,DEMO-PN-132-4,SYN-CAN-132,SYN-BRG-32-20-C3,equivalent_terminology,SYN-CAN-137,Same material family/category but differing technical specification; not equivalent.,SYNTHETIC_DEMO_DATA_ONLY
SYN-REC-0660,Astra Petrochem Demo Corporation,LOC-BRG-32-20-C3-5,"Taper Roller Bearing Series 32, bore 20 mm, clearance radial clearance C3",Bearings,pcs,DemoForge Industries,DEMO-PN-132-5,SYN-CAN-132,SYN-BRG-32-20-C3,near_duplicate_bore,SYN-CAN-137,Same material family/category but differing technical specification; not equivalent.,SYNTHETIC_DEMO_DATA_ONLY
SYN-REC-0661,Dakshin Steel Demo Works,LOC-BRG-32-25-Normal-1,Taper Roller Bearing Series 32 Bore 25 mm Normal Clearance,Bearings,each,DemoForge Industries,DEMO-PN-133-1,SYN-CAN-133,SYN-BRG-32-25-Normal,canonical_case,SYN-CAN-138,Same material family/category but differing technical specification; not equivalent.,SYNTHETIC_DEMO_DATA_ONLY
SYN-REC-0662,Narmada Power Demo Limited,LOC-BRG-32-25-Normal-2,TAPER ROLLER BEARING SER. 32 B25 MM RADIAL CLEARANCE NORMAL,Bearings,nos,Prototype Engineering Supply,DEMO-PN-133-2,SYN-CAN-133,SYN-BRG-32-25-Normal,abbreviation_capitalization,SYN-CAN-138,Same material family/category but differing technical specification; not equivalent.,SYNTHETIC_DEMO_DATA_ONLY
SYN-REC-0663,Vindhya Engineering Demo Services,LOC-BRG-32-25-Normal-3,bearing; radial clearance Normal; bore 25 mm; Series 32; taper roller bearing,Bearings,No.,Synthetic Process Systems,DEMO-PN-133-3,SYN-CAN-133,SYN-BRG-32-25-Normal,punctuation_reordered,SYN-CAN-138,Same material family/category but differing technical specification; not equivalent.,SYNTHETIC_DEMO_DATA_ONLY
SYN-REC-0664,Astra Petrochem Demo Corporation,LOC-BRG-32-25-Normal-4,"taper roller bearing with radial clearance Normal radial clearance, Series 32, bore 25 mm",Bearings,each,DemoForge Industries,DEMO-PN-133-4,SYN-CAN-133,SYN-BRG-32-25-Normal,equivalent_terminology,SYN-CAN-138,Same material family/category but differing technical specification; not equivalent.,SYNTHETIC_DEMO_DATA_ONLY
SYN-REC-0665,Bharat Thermal Demo Enterprise,LOC-BRG-32-25-Normal-5,"Taper Roller Bearing Series 32, bore 25 mm, clearance radial clearance Normal",Bearings,pcs,DemoForge Industries,DEMO-PN-133-5,SYN-CAN-133,SYN-BRG-32-25-Normal,near_duplicate_bore,SYN-CAN-138,Same material family/category but differing technical specification; not equivalent.,SYNTHETIC_DEMO_DATA_ONLY
SYN-REC-0666,Narmada Power Demo Limited,LOC-BRG-32-25-C3-1,Taper Roller Bearing Series 32 Bore 25 mm C3 Clearance,Bearings,each,DemoForge Industries,DEMO-PN-134-1,SYN-CAN-134,SYN-BRG-32-25-C3,canonical_case,SYN-CAN-139,Same material family/category but differing technical specification; not equivalent.,SYNTHETIC_DEMO_DATA_ONLY
SYN-REC-0667,Vindhya Engineering Demo Services,LOC-BRG-32-25-C3-2,TAPER ROLLER BEARING SER. 32 B25 MM RADIAL CLEARANCE C3,Bearings,nos,Prototype Engineering Supply,DEMO-PN-134-2,SYN-CAN-134,SYN-BRG-32-25-C3,abbreviation_capitalization,SYN-CAN-139,Same material family/category but differing technical specification; not equivalent.,SYNTHETIC_DEMO_DATA_ONLY
SYN-REC-0668,Astra Petrochem Demo Corporation,LOC-BRG-32-25-C3-3,bearing; radial clearance C3; bore 25 mm; Series 32; taper roller bearing,Bearings,No.,Synthetic Process Systems,DEMO-PN-134-3,SYN-CAN-134,SYN-BRG-32-25-C3,punctuation_reordered,SYN-CAN-139,Same material family/category but differing technical specification; not equivalent.,SYNTHETIC_DEMO_DATA_ONLY
SYN-REC-0669,Bharat Thermal Demo Enterprise,LOC-BRG-32-25-C3-4,"taper roller bearing with radial clearance C3 radial clearance, Series 32, bore 25 mm",Bearings,each,Prototype Engineering Supply,DEMO-PN-134-4,SYN-CAN-134,SYN-BRG-32-25-C3,equivalent_terminology,SYN-CAN-139,Same material family/category but differing technical specification; not equivalent.,SYNTHETIC_DEMO_DATA_ONLY
SYN-REC-0670,Dakshin Steel Demo Works,LOC-BRG-32-25-C3-5,"Taper Roller Bearing Series 32, bore 25 mm, clearance radial clearance C3",Bearings,pcs,Prototype Engineering Supply,DEMO-PN-134-5,SYN-CAN-134,SYN-BRG-32-25-C3,near_duplicate_bore,SYN-CAN-139,Same material family/category but differing technical specification; not equivalent.,SYNTHETIC_DEMO_DATA_ONLY
SYN-REC-0671,Vindhya Engineering Demo Services,LOC-BRG-32-30-Normal-1,Taper Roller Bearing Series 32 Bore 30 mm Normal Clearance,Bearings,each,DemoForge Industries,DEMO-PN-135-1,SYN-CAN-135,SYN-BRG-32-30-Normal,canonical_case,SYN-CAN-140,Same material family/category but differing technical specification; not equivalent.,SYNTHETIC_DEMO_DATA_ONLY
SYN-REC-0672,Astra Petrochem Demo Corporation,LOC-BRG-32-30-Normal-2,TAPER ROLLER BEARING SER. 32 B30 MM RADIAL CLEARANCE NORMAL,Bearings,nos,Prototype Engineering Supply,DEMO-PN-135-2,SYN-CAN-135,SYN-BRG-32-30-Normal,abbreviation_capitalization,SYN-CAN-140,Same material family/category but differing technical specification; not equivalent.,SYNTHETIC_DEMO_DATA_ONLY
SYN-REC-0673,Bharat Thermal Demo Enterprise,LOC-BRG-32-30-Normal-3,bearing; radial clearance Normal; bore 30 mm; Series 32; taper roller bearing,Bearings,No.,Synthetic Process Systems,DEMO-PN-135-3,SYN-CAN-135,SYN-BRG-32-30-Normal,punctuation_reordered,SYN-CAN-140,Same material family/category but differing technical specification; not equivalent.,SYNTHETIC_DEMO_DATA_ONLY
SYN-REC-0674,Dakshin Steel Demo Works,LOC-BRG-32-30-Normal-4,"taper roller bearing with radial clearance Normal radial clearance, Series 32, bore 30 mm",Bearings,each,Synthetic Process Systems,DEMO-PN-135-4,SYN-CAN-135,SYN-BRG-32-30-Normal,equivalent_terminology,SYN-CAN-140,Same material family/category but differing technical specification; not equivalent.,SYNTHETIC_DEMO_DATA_ONLY
SYN-REC-0675,Narmada Power Demo Limited,LOC-BRG-32-30-Normal-5,"Taper Roller Bearing Series 32, bore 30 mm, clearance radial clearance Normal",Bearings,pcs,DemoForge Industries,DEMO-PN-135-5,SYN-CAN-135,SYN-BRG-32-30-Normal,near_duplicate_bore,SYN-CAN-140,Same material family/category but differing technical specification; not equivalent.,SYNTHETIC_DEMO_DATA_ONLY
SYN-REC-0676,Astra Petrochem Demo Corporation,LOC-BRG-32-30-C3-1,Taper Roller Bearing Series 32 Bore 30 mm C3 Clearance,Bearings,each,DemoForge Industries,DEMO-PN-136-1,SYN-CAN-136,SYN-BRG-32-30-C3,canonical_case,SYN-CAN-141,Same material family/category but differing technical specification; not equivalent.,SYNTHETIC_DEMO_DATA_ONLY
SYN-REC-0677,Bharat Thermal Demo Enterprise,LOC-BRG-32-30-C3-2,TAPER ROLLER BEARING SER. 32 B30 MM RADIAL CLEARANCE C3,Bearings,nos,DemoForge Industries,DEMO-PN-136-2,SYN-CAN-136,SYN-BRG-32-30-C3,abbreviation_capitalization,SYN-CAN-141,Same material family/category but differing technical specification; not equivalent.,SYNTHETIC_DEMO_DATA_ONLY
SYN-REC-0678,Dakshin Steel Demo Works,LOC-BRG-32-30-C3-3,bearing; radial clearance C3; bore 30 mm; Series 32; taper roller bearing,Bearings,No.,Prototype Engineering Supply,DEMO-PN-136-3,SYN-CAN-136,SYN-BRG-32-30-C3,punctuation_reordered,SYN-CAN-141,Same material family/category but differing technical specification; not equivalent.,SYNTHETIC_DEMO_DATA_ONLY
SYN-REC-0679,Narmada Power Demo Limited,LOC-BRG-32-30-C3-4,"taper roller bearing with radial clearance C3 radial clearance, Series 32, bore 30 mm",Bearings,each,Prototype Engineering Supply,DEMO-PN-136-4,SYN-CAN-136,SYN-BRG-32-30-C3,equivalent_terminology,SYN-CAN-141,Same material family/category but differing technical specification; not equivalent.,SYNTHETIC_DEMO_DATA_ONLY
SYN-REC-0680,Vindhya Engineering Demo Services,LOC-BRG-32-30-C3-5,"Taper Roller Bearing Series 32, bore 30 mm, clearance radial clearance C3",Bearings,pcs,Synthetic Process Systems,DEMO-PN-136-5,SYN-CAN-136,SYN-BRG-32-30-C3,near_duplicate_bore,SYN-CAN-141,Same material family/category but differing technical specification; not equivalent.,SYNTHETIC_DEMO_DATA_ONLY
SYN-REC-0681,Bharat Thermal Demo Enterprise,LOC-BRG-32-35-Normal-1,Taper Roller Bearing Series 32 Bore 35 mm Normal Clearance,Bearings,each,DemoForge Industries,DEMO-PN-137-1,SYN-CAN-137,SYN-BRG-32-35-Normal,canonical_case,SYN-CAN-142,Same material family/category but differing technical specification; not equivalent.,SYNTHETIC_DEMO_DATA_ONLY
SYN-REC-0682,Dakshin Steel Demo Works,LOC-BRG-32-35-Normal-2,TAPER ROLLER BEARING SER. 32 B35 MM RADIAL CLEARANCE NORMAL,Bearings,nos,Synthetic Process Systems,DEMO-PN-137-2,SYN-CAN-137,SYN-BRG-32-35-Normal,abbreviation_capitalization,SYN-CAN-142,Same material family/category but differing technical specification; not equivalent.,SYNTHETIC_DEMO_DATA_ONLY
SYN-REC-0683,Narmada Power Demo Limited,LOC-BRG-32-35-Normal-3,bearing; radial clearance Normal; bore 35 mm; Series 32; taper roller bearing,Bearings,No.,Synthetic Process Systems,DEMO-PN-137-3,SYN-CAN-137,SYN-BRG-32-35-Normal,punctuation_reordered,SYN-CAN-142,Same material family/category but differing technical specification; not equivalent.,SYNTHETIC_DEMO_DATA_ONLY
SYN-REC-0684,Vindhya Engineering Demo Services,LOC-BRG-32-35-Normal-4,"taper roller bearing with radial clearance Normal radial clearance, Series 32, bore 35 mm",Bearings,each,Synthetic Process Systems,DEMO-PN-137-4,SYN-CAN-137,SYN-BRG-32-35-Normal,equivalent_terminology,SYN-CAN-142,Same material family/category but differing technical specification; not equivalent.,SYNTHETIC_DEMO_DATA_ONLY
SYN-REC-0685,Astra Petrochem Demo Corporation,LOC-BRG-32-35-Normal-5,"Taper Roller Bearing Series 32, bore 35 mm, clearance radial clearance Normal",Bearings,pcs,DemoForge Industries,DEMO-PN-137-5,SYN-CAN-137,SYN-BRG-32-35-Normal,near_duplicate_bore,SYN-CAN-142,Same material family/category but differing technical specification; not equivalent.,SYNTHETIC_DEMO_DATA_ONLY
SYN-REC-0686,Dakshin Steel Demo Works,LOC-BRG-32-35-C3-1,Taper Roller Bearing Series 32 Bore 35 mm C3 Clearance,Bearings,each,Prototype Engineering Supply,DEMO-PN-138-1,SYN-CAN-138,SYN-BRG-32-35-C3,canonical_case,SYN-CAN-143,Same material family/category but differing technical specification; not equivalent.,SYNTHETIC_DEMO_DATA_ONLY
SYN-REC-0687,Narmada Power Demo Limited,LOC-BRG-32-35-C3-2,TAPER ROLLER BEARING SER. 32 B35 MM RADIAL CLEARANCE C3,Bearings,nos,DemoForge Industries,DEMO-PN-138-2,SYN-CAN-138,SYN-BRG-32-35-C3,abbreviation_capitalization,SYN-CAN-143,Same material family/category but differing technical specification; not equivalent.,SYNTHETIC_DEMO_DATA_ONLY
SYN-REC-0688,Vindhya Engineering Demo Services,LOC-BRG-32-35-C3-3,bearing; radial clearance C3; bore 35 mm; Series 32; taper roller bearing,Bearings,No.,Prototype Engineering Supply,DEMO-PN-138-3,SYN-CAN-138,SYN-BRG-32-35-C3,punctuation_reordered,SYN-CAN-143,Same material family/category but differing technical specification; not equivalent.,SYNTHETIC_DEMO_DATA_ONLY
SYN-REC-0689,Astra Petrochem Demo Corporation,LOC-BRG-32-35-C3-4,"taper roller bearing with radial clearance C3 radial clearance, Series 32, bore 35 mm",Bearings,each,DemoForge Industries,DEMO-PN-138-4,SYN-CAN-138,SYN-BRG-32-35-C3,equivalent_terminology,SYN-CAN-143,Same material family/category but differing technical specification; not equivalent.,SYNTHETIC_DEMO_DATA_ONLY
SYN-REC-0690,Bharat Thermal Demo Enterprise,LOC-BRG-32-35-C3-5,"Taper Roller Bearing Series 32, bore 35 mm, clearance radial clearance C3",Bearings,pcs,Synthetic Process Systems,DEMO-PN-138-5,SYN-CAN-138,SYN-BRG-32-35-C3,near_duplicate_bore,SYN-CAN-143,Same material family/category but differing technical specification; not equivalent.,SYNTHETIC_DEMO_DATA_ONLY
SYN-REC-0691,Narmada Power Demo Limited,LOC-BRG-32-40-Normal-1,Taper Roller Bearing Series 32 Bore 40 mm Normal Clearance,Bearings,each,Prototype Engineering Supply,DEMO-PN-139-1,SYN-CAN-139,SYN-BRG-32-40-Normal,canonical_case,SYN-CAN-144,Same material family/category but differing technical specification; not equivalent.,SYNTHETIC_DEMO_DATA_ONLY
SYN-REC-0692,Vindhya Engineering Demo Services,LOC-BRG-32-40-Normal-2,TAPER ROLLER BEARING SER. 32 B40 MM RADIAL CLEARANCE NORMAL,Bearings,nos,DemoForge Industries,DEMO-PN-139-2,SYN-CAN-139,SYN-BRG-32-40-Normal,abbreviation_capitalization,SYN-CAN-144,Same material family/category but differing technical specification; not equivalent.,SYNTHETIC_DEMO_DATA_ONLY
SYN-REC-0693,Astra Petrochem Demo Corporation,LOC-BRG-32-40-Normal-3,bearing; radial clearance Normal; bore 40 mm; Series 32; taper roller bearing,Bearings,No.,Synthetic Process Systems,DEMO-PN-139-3,SYN-CAN-139,SYN-BRG-32-40-Normal,punctuation_reordered,SYN-CAN-144,Same material family/category but differing technical specification; not equivalent.,SYNTHETIC_DEMO_DATA_ONLY
SYN-REC-0694,Bharat Thermal Demo Enterprise,LOC-BRG-32-40-Normal-4,"taper roller bearing with radial clearance Normal radial clearance, Series 32, bore 40 mm",Bearings,each,DemoForge Industries,DEMO-PN-139-4,SYN-CAN-139,SYN-BRG-32-40-Normal,equivalent_terminology,SYN-CAN-144,Same material family/category but differing technical specification; not equivalent.,SYNTHETIC_DEMO_DATA_ONLY
SYN-REC-0695,Dakshin Steel Demo Works,LOC-BRG-32-40-Normal-5,"Taper Roller Bearing Series 32, bore 40 mm, clearance radial clearance Normal",Bearings,pcs,DemoForge Industries,DEMO-PN-139-5,SYN-CAN-139,SYN-BRG-32-40-Normal,near_duplicate_bore,SYN-CAN-144,Same material family/category but differing technical specification; not equivalent.,SYNTHETIC_DEMO_DATA_ONLY
SYN-REC-0696,Vindhya Engineering Demo Services,LOC-BRG-32-40-C3-1,Taper Roller Bearing Series 32 Bore 40 mm C3 Clearance,Bearings,each,Synthetic Process Systems,DEMO-PN-140-1,SYN-CAN-140,SYN-BRG-32-40-C3,canonical_case,SYN-CAN-145,Same material family/category but differing technical specification; not equivalent.,SYNTHETIC_DEMO_DATA_ONLY
SYN-REC-0697,Astra Petrochem Demo Corporation,LOC-BRG-32-40-C3-2,TAPER ROLLER BEARING SER. 32 B40 MM RADIAL CLEARANCE C3,Bearings,nos,Prototype Engineering Supply,DEMO-PN-140-2,SYN-CAN-140,SYN-BRG-32-40-C3,abbreviation_capitalization,SYN-CAN-145,Same material family/category but differing technical specification; not equivalent.,SYNTHETIC_DEMO_DATA_ONLY
SYN-REC-0698,Bharat Thermal Demo Enterprise,LOC-BRG-32-40-C3-3,bearing; radial clearance C3; bore 40 mm; Series 32; taper roller bearing,Bearings,No.,Synthetic Process Systems,DEMO-PN-140-3,SYN-CAN-140,SYN-BRG-32-40-C3,punctuation_reordered,SYN-CAN-145,Same material family/category but differing technical specification; not equivalent.,SYNTHETIC_DEMO_DATA_ONLY
SYN-REC-0699,Dakshin Steel Demo Works,LOC-BRG-32-40-C3-4,"taper roller bearing with radial clearance C3 radial clearance, Series 32, bore 40 mm",Bearings,each,Synthetic Process Systems,DEMO-PN-140-4,SYN-CAN-140,SYN-BRG-32-40-C3,equivalent_terminology,SYN-CAN-145,Same material family/category but differing technical specification; not equivalent.,SYNTHETIC_DEMO_DATA_ONLY
SYN-REC-0700,Narmada Power Demo Limited,LOC-BRG-32-40-C3-5,"Taper Roller Bearing Series 32, bore 40 mm, clearance radial clearance C3",Bearings,pcs,Prototype Engineering Supply,DEMO-PN-140-5,SYN-CAN-140,SYN-BRG-32-40-C3,near_duplicate_bore,SYN-CAN-145,Same material family/category but differing technical specification; not equivalent.,SYNTHETIC_DEMO_DATA_ONLY
SYN-REC-0701,Astra Petrochem Demo Corporation,LOC-BRG-22-20-Normal-1,Spherical Roller Bearing Series 22 Bore 20 mm Normal Clearance,Bearings,each,Prototype Engineering Supply,DEMO-PN-141-1,SYN-CAN-141,SYN-BRG-22-20-Normal,canonical_case,SYN-CAN-146,Same material family/category but differing technical specification; not equivalent.,SYNTHETIC_DEMO_DATA_ONLY
SYN-REC-0702,Bharat Thermal Demo Enterprise,LOC-BRG-22-20-Normal-2,SPHERICAL ROLLER BEARING SER. 22 B20 MM RADIAL CLEARANCE NORMAL,Bearings,nos,DemoForge Industries,DEMO-PN-141-2,SYN-CAN-141,SYN-BRG-22-20-Normal,abbreviation_capitalization,SYN-CAN-146,Same material family/category but differing technical specification; not equivalent.,SYNTHETIC_DEMO_DATA_ONLY
SYN-REC-0703,Dakshin Steel Demo Works,LOC-BRG-22-20-Normal-3,bearing; radial clearance Normal; bore 20 mm; Series 22; spherical roller bearing,Bearings,No.,DemoForge Industries,DEMO-PN-141-3,SYN-CAN-141,SYN-BRG-22-20-Normal,punctuation_reordered,SYN-CAN-146,Same material family/category but differing technical specification; not equivalent.,SYNTHETIC_DEMO_DATA_ONLY
SYN-REC-0704,Narmada Power Demo Limited,LOC-BRG-22-20-Normal-4,"spherical roller bearing with radial clearance Normal radial clearance, Series 22, bore 20 mm",Bearings,each,Prototype Engineering Supply,DEMO-PN-141-4,SYN-CAN-141,SYN-BRG-22-20-Normal,equivalent_terminology,SYN-CAN-146,Same material family/category but differing technical specification; not equivalent.,SYNTHETIC_DEMO_DATA_ONLY
SYN-REC-0705,Vindhya Engineering Demo Services,LOC-BRG-22-20-Normal-5,"Spherical Roller Bearing Series 22, bore 20 mm, clearance radial clearance Normal",Bearings,pcs,Synthetic Process Systems,DEMO-PN-141-5,SYN-CAN-141,SYN-BRG-22-20-Normal,near_duplicate_bore,SYN-CAN-146,Same material family/category but differing technical specification; not equivalent.,SYNTHETIC_DEMO_DATA_ONLY
SYN-REC-0706,Bharat Thermal Demo Enterprise,LOC-BRG-22-20-C3-1,Spherical Roller Bearing Series 22 Bore 20 mm C3 Clearance,Bearings,each,Synthetic Process Systems,DEMO-PN-142-1,SYN-CAN-142,SYN-BRG-22-20-C3,canonical_case,SYN-CAN-147,Same material family/category but differing technical specification; not equivalent.,SYNTHETIC_DEMO_DATA_ONLY
SYN-REC-0707,Dakshin Steel Demo Works,LOC-BRG-22-20-C3-2,SPHERICAL ROLLER BEARING SER. 22 B20 MM RADIAL CLEARANCE C3,Bearings,nos,Prototype Engineering Supply,DEMO-PN-142-2,SYN-CAN-142,SYN-BRG-22-20-C3,abbreviation_capitalization,SYN-CAN-147,Same material family/category but differing technical specification; not equivalent.,SYNTHETIC_DEMO_DATA_ONLY
SYN-REC-0708,Narmada Power Demo Limited,LOC-BRG-22-20-C3-3,bearing; radial clearance C3; bore 20 mm; Series 22; spherical roller bearing,Bearings,No.,Synthetic Process Systems,DEMO-PN-142-3,SYN-CAN-142,SYN-BRG-22-20-C3,punctuation_reordered,SYN-CAN-147,Same material family/category but differing technical specification; not equivalent.,SYNTHETIC_DEMO_DATA_ONLY
SYN-REC-0709,Vindhya Engineering Demo Services,LOC-BRG-22-20-C3-4,"spherical roller bearing with radial clearance C3 radial clearance, Series 22, bore 20 mm",Bearings,each,Synthetic Process Systems,DEMO-PN-142-4,SYN-CAN-142,SYN-BRG-22-20-C3,equivalent_terminology,SYN-CAN-147,Same material family/category but differing technical specification; not equivalent.,SYNTHETIC_DEMO_DATA_ONLY
SYN-REC-0710,Astra Petrochem Demo Corporation,LOC-BRG-22-20-C3-5,"Spherical Roller Bearing Series 22, bore 20 mm, clearance radial clearance C3",Bearings,pcs,Prototype Engineering Supply,DEMO-PN-142-5,SYN-CAN-142,SYN-BRG-22-20-C3,near_duplicate_bore,SYN-CAN-147,Same material family/category but differing technical specification; not equivalent.,SYNTHETIC_DEMO_DATA_ONLY
SYN-REC-0711,Dakshin Steel Demo Works,LOC-BRG-22-25-Normal-1,Spherical Roller Bearing Series 22 Bore 25 mm Normal Clearance,Bearings,each,DemoForge Industries,DEMO-PN-143-1,SYN-CAN-143,SYN-BRG-22-25-Normal,canonical_case,SYN-CAN-148,Same material family/category but differing technical specification; not equivalent.,SYNTHETIC_DEMO_DATA_ONLY
SYN-REC-0712,Narmada Power Demo Limited,LOC-BRG-22-25-Normal-2,SPHERICAL ROLLER BEARING SER. 22 B25 MM RADIAL CLEARANCE NORMAL,Bearings,nos,Prototype Engineering Supply,DEMO-PN-143-2,SYN-CAN-143,SYN-BRG-22-25-Normal,abbreviation_capitalization,SYN-CAN-148,Same material family/category but differing technical specification; not equivalent.,SYNTHETIC_DEMO_DATA_ONLY
SYN-REC-0713,Vindhya Engineering Demo Services,LOC-BRG-22-25-Normal-3,bearing; radial clearance Normal; bore 25 mm; Series 22; spherical roller bearing,Bearings,No.,Synthetic Process Systems,DEMO-PN-143-3,SYN-CAN-143,SYN-BRG-22-25-Normal,punctuation_reordered,SYN-CAN-148,Same material family/category but differing technical specification; not equivalent.,SYNTHETIC_DEMO_DATA_ONLY
SYN-REC-0714,Astra Petrochem Demo Corporation,LOC-BRG-22-25-Normal-4,"spherical roller bearing with radial clearance Normal radial clearance, Series 22, bore 25 mm",Bearings,each,Synthetic Process Systems,DEMO-PN-143-4,SYN-CAN-143,SYN-BRG-22-25-Normal,equivalent_terminology,SYN-CAN-148,Same material family/category but differing technical specification; not equivalent.,SYNTHETIC_DEMO_DATA_ONLY
SYN-REC-0715,Bharat Thermal Demo Enterprise,LOC-BRG-22-25-Normal-5,"Spherical Roller Bearing Series 22, bore 25 mm, clearance radial clearance Normal",Bearings,pcs,Synthetic Process Systems,DEMO-PN-143-5,SYN-CAN-143,SYN-BRG-22-25-Normal,near_duplicate_bore,SYN-CAN-148,Same material family/category but differing technical specification; not equivalent.,SYNTHETIC_DEMO_DATA_ONLY
SYN-REC-0716,Narmada Power Demo Limited,LOC-BRG-22-25-C3-1,Spherical Roller Bearing Series 22 Bore 25 mm C3 Clearance,Bearings,each,Synthetic Process Systems,DEMO-PN-144-1,SYN-CAN-144,SYN-BRG-22-25-C3,canonical_case,SYN-CAN-149,Same material family/category but differing technical specification; not equivalent.,SYNTHETIC_DEMO_DATA_ONLY
SYN-REC-0717,Vindhya Engineering Demo Services,LOC-BRG-22-25-C3-2,SPHERICAL ROLLER BEARING SER. 22 B25 MM RADIAL CLEARANCE C3,Bearings,nos,Synthetic Process Systems,DEMO-PN-144-2,SYN-CAN-144,SYN-BRG-22-25-C3,abbreviation_capitalization,SYN-CAN-149,Same material family/category but differing technical specification; not equivalent.,SYNTHETIC_DEMO_DATA_ONLY
SYN-REC-0718,Astra Petrochem Demo Corporation,LOC-BRG-22-25-C3-3,bearing; radial clearance C3; bore 25 mm; Series 22; spherical roller bearing,Bearings,No.,Synthetic Process Systems,DEMO-PN-144-3,SYN-CAN-144,SYN-BRG-22-25-C3,punctuation_reordered,SYN-CAN-149,Same material family/category but differing technical specification; not equivalent.,SYNTHETIC_DEMO_DATA_ONLY
SYN-REC-0719,Bharat Thermal Demo Enterprise,LOC-BRG-22-25-C3-4,"spherical roller bearing with radial clearance C3 radial clearance, Series 22, bore 25 mm",Bearings,each,Prototype Engineering Supply,DEMO-PN-144-4,SYN-CAN-144,SYN-BRG-22-25-C3,equivalent_terminology,SYN-CAN-149,Same material family/category but differing technical specification; not equivalent.,SYNTHETIC_DEMO_DATA_ONLY
SYN-REC-0720,Dakshin Steel Demo Works,LOC-BRG-22-25-C3-5,"Spherical Roller Bearing Series 22, bore 25 mm, clearance radial clearance C3",Bearings,pcs,DemoForge Industries,DEMO-PN-144-5,SYN-CAN-144,SYN-BRG-22-25-C3,near_duplicate_bore,SYN-CAN-149,Same material family/category but differing technical specification; not equivalent.,SYNTHETIC_DEMO_DATA_ONLY
SYN-REC-0721,Vindhya Engineering Demo Services,LOC-BRG-22-30-Normal-1,Spherical Roller Bearing Series 22 Bore 30 mm Normal Clearance,Bearings,each,DemoForge Industries,DEMO-PN-145-1,SYN-CAN-145,SYN-BRG-22-30-Normal,canonical_case,SYN-CAN-150,Same material family/category but differing technical specification; not equivalent.,SYNTHETIC_DEMO_DATA_ONLY
SYN-REC-0722,Astra Petrochem Demo Corporation,LOC-BRG-22-30-Normal-2,SPHERICAL ROLLER BEARING SER. 22 B30 MM RADIAL CLEARANCE NORMAL,Bearings,nos,Prototype Engineering Supply,DEMO-PN-145-2,SYN-CAN-145,SYN-BRG-22-30-Normal,abbreviation_capitalization,SYN-CAN-150,Same material family/category but differing technical specification; not equivalent.,SYNTHETIC_DEMO_DATA_ONLY
SYN-REC-0723,Bharat Thermal Demo Enterprise,LOC-BRG-22-30-Normal-3,bearing; radial clearance Normal; bore 30 mm; Series 22; spherical roller bearing,Bearings,No.,Prototype Engineering Supply,DEMO-PN-145-3,SYN-CAN-145,SYN-BRG-22-30-Normal,punctuation_reordered,SYN-CAN-150,Same material family/category but differing technical specification; not equivalent.,SYNTHETIC_DEMO_DATA_ONLY
SYN-REC-0724,Dakshin Steel Demo Works,LOC-BRG-22-30-Normal-4,"spherical roller bearing with radial clearance Normal radial clearance, Series 22, bore 30 mm",Bearings,each,Prototype Engineering Supply,DEMO-PN-145-4,SYN-CAN-145,SYN-BRG-22-30-Normal,equivalent_terminology,SYN-CAN-150,Same material family/category but differing technical specification; not equivalent.,SYNTHETIC_DEMO_DATA_ONLY
SYN-REC-0725,Narmada Power Demo Limited,LOC-BRG-22-30-Normal-5,"Spherical Roller Bearing Series 22, bore 30 mm, clearance radial clearance Normal",Bearings,pcs,Prototype Engineering Supply,DEMO-PN-145-5,SYN-CAN-145,SYN-BRG-22-30-Normal,near_duplicate_bore,SYN-CAN-150,Same material family/category but differing technical specification; not equivalent.,SYNTHETIC_DEMO_DATA_ONLY
SYN-REC-0726,Astra Petrochem Demo Corporation,LOC-BRG-22-30-C3-1,Spherical Roller Bearing Series 22 Bore 30 mm C3 Clearance,Bearings,each,Prototype Engineering Supply,DEMO-PN-146-1,SYN-CAN-146,SYN-BRG-22-30-C3,canonical_case,SYN-CAN-151,Same material family/category but differing technical specification; not equivalent.,SYNTHETIC_DEMO_DATA_ONLY
SYN-REC-0727,Bharat Thermal Demo Enterprise,LOC-BRG-22-30-C3-2,SPHERICAL ROLLER BEARING SER. 22 B30 MM RADIAL CLEARANCE C3,Bearings,nos,DemoForge Industries,DEMO-PN-146-2,SYN-CAN-146,SYN-BRG-22-30-C3,abbreviation_capitalization,SYN-CAN-151,Same material family/category but differing technical specification; not equivalent.,SYNTHETIC_DEMO_DATA_ONLY
SYN-REC-0728,Dakshin Steel Demo Works,LOC-BRG-22-30-C3-3,bearing; radial clearance C3; bore 30 mm; Series 22; spherical roller bearing,Bearings,No.,DemoForge Industries,DEMO-PN-146-3,SYN-CAN-146,SYN-BRG-22-30-C3,punctuation_reordered,SYN-CAN-151,Same material family/category but differing technical specification; not equivalent.,SYNTHETIC_DEMO_DATA_ONLY
SYN-REC-0729,Narmada Power Demo Limited,LOC-BRG-22-30-C3-4,"spherical roller bearing with radial clearance C3 radial clearance, Series 22, bore 30 mm",Bearings,each,Synthetic Process Systems,DEMO-PN-146-4,SYN-CAN-146,SYN-BRG-22-30-C3,equivalent_terminology,SYN-CAN-151,Same material family/category but differing technical specification; not equivalent.,SYNTHETIC_DEMO_DATA_ONLY
SYN-REC-0730,Vindhya Engineering Demo Services,LOC-BRG-22-30-C3-5,"Spherical Roller Bearing Series 22, bore 30 mm, clearance radial clearance C3",Bearings,pcs,Synthetic Process Systems,DEMO-PN-146-5,SYN-CAN-146,SYN-BRG-22-30-C3,near_duplicate_bore,SYN-CAN-151,Same material family/category but differing technical specification; not equivalent.,SYNTHETIC_DEMO_DATA_ONLY
SYN-REC-0731,Bharat Thermal Demo Enterprise,LOC-BRG-22-35-Normal-1,Spherical Roller Bearing Series 22 Bore 35 mm Normal Clearance,Bearings,each,DemoForge Industries,DEMO-PN-147-1,SYN-CAN-147,SYN-BRG-22-35-Normal,canonical_case,SYN-CAN-152,Same material family/category but differing technical specification; not equivalent.,SYNTHETIC_DEMO_DATA_ONLY
SYN-REC-0732,Dakshin Steel Demo Works,LOC-BRG-22-35-Normal-2,SPHERICAL ROLLER BEARING SER. 22 B35 MM RADIAL CLEARANCE NORMAL,Bearings,nos,Synthetic Process Systems,DEMO-PN-147-2,SYN-CAN-147,SYN-BRG-22-35-Normal,abbreviation_capitalization,SYN-CAN-152,Same material family/category but differing technical specification; not equivalent.,SYNTHETIC_DEMO_DATA_ONLY
SYN-REC-0733,Narmada Power Demo Limited,LOC-BRG-22-35-Normal-3,bearing; radial clearance Normal; bore 35 mm; Series 22; spherical roller bearing,Bearings,No.,DemoForge Industries,DEMO-PN-147-3,SYN-CAN-147,SYN-BRG-22-35-Normal,punctuation_reordered,SYN-CAN-152,Same material family/category but differing technical specification; not equivalent.,SYNTHETIC_DEMO_DATA_ONLY
SYN-REC-0734,Vindhya Engineering Demo Services,LOC-BRG-22-35-Normal-4,"spherical roller bearing with radial clearance Normal radial clearance, Series 22, bore 35 mm",Bearings,each,DemoForge Industries,DEMO-PN-147-4,SYN-CAN-147,SYN-BRG-22-35-Normal,equivalent_terminology,SYN-CAN-152,Same material family/category but differing technical specification; not equivalent.,SYNTHETIC_DEMO_DATA_ONLY
SYN-REC-0735,Astra Petrochem Demo Corporation,LOC-BRG-22-35-Normal-5,"Spherical Roller Bearing Series 22, bore 35 mm, clearance radial clearance Normal",Bearings,pcs,DemoForge Industries,DEMO-PN-147-5,SYN-CAN-147,SYN-BRG-22-35-Normal,near_duplicate_bore,SYN-CAN-152,Same material family/category but differing technical specification; not equivalent.,SYNTHETIC_DEMO_DATA_ONLY
SYN-REC-0736,Dakshin Steel Demo Works,LOC-BRG-22-35-C3-1,Spherical Roller Bearing Series 22 Bore 35 mm C3 Clearance,Bearings,each,Synthetic Process Systems,DEMO-PN-148-1,SYN-CAN-148,SYN-BRG-22-35-C3,canonical_case,SYN-CAN-153,Same material family/category but differing technical specification; not equivalent.,SYNTHETIC_DEMO_DATA_ONLY
SYN-REC-0737,Narmada Power Demo Limited,LOC-BRG-22-35-C3-2,SPHERICAL ROLLER BEARING SER. 22 B35 MM RADIAL CLEARANCE C3,Bearings,nos,DemoForge Industries,DEMO-PN-148-2,SYN-CAN-148,SYN-BRG-22-35-C3,abbreviation_capitalization,SYN-CAN-153,Same material family/category but differing technical specification; not equivalent.,SYNTHETIC_DEMO_DATA_ONLY
SYN-REC-0738,Vindhya Engineering Demo Services,LOC-BRG-22-35-C3-3,bearing; radial clearance C3; bore 35 mm; Series 22; spherical roller bearing,Bearings,No.,Prototype Engineering Supply,DEMO-PN-148-3,SYN-CAN-148,SYN-BRG-22-35-C3,punctuation_reordered,SYN-CAN-153,Same material family/category but differing technical specification; not equivalent.,SYNTHETIC_DEMO_DATA_ONLY
SYN-REC-0739,Astra Petrochem Demo Corporation,LOC-BRG-22-35-C3-4,"spherical roller bearing with radial clearance C3 radial clearance, Series 22, bore 35 mm",Bearings,each,Synthetic Process Systems,DEMO-PN-148-4,SYN-CAN-148,SYN-BRG-22-35-C3,equivalent_terminology,SYN-CAN-153,Same material family/category but differing technical specification; not equivalent.,SYNTHETIC_DEMO_DATA_ONLY
SYN-REC-0740,Bharat Thermal Demo Enterprise,LOC-BRG-22-35-C3-5,"Spherical Roller Bearing Series 22, bore 35 mm, clearance radial clearance C3",Bearings,pcs,Synthetic Process Systems,DEMO-PN-148-5,SYN-CAN-148,SYN-BRG-22-35-C3,near_duplicate_bore,SYN-CAN-153,Same material family/category but differing technical specification; not equivalent.,SYNTHETIC_DEMO_DATA_ONLY
SYN-REC-0741,Narmada Power Demo Limited,LOC-BRG-22-40-Normal-1,Spherical Roller Bearing Series 22 Bore 40 mm Normal Clearance,Bearings,each,Prototype Engineering Supply,DEMO-PN-149-1,SYN-CAN-149,SYN-BRG-22-40-Normal,canonical_case,SYN-CAN-154,Same material family/category but differing technical specification; not equivalent.,SYNTHETIC_DEMO_DATA_ONLY
SYN-REC-0742,Vindhya Engineering Demo Services,LOC-BRG-22-40-Normal-2,SPHERICAL ROLLER BEARING SER. 22 B40 MM RADIAL CLEARANCE NORMAL,Bearings,nos,DemoForge Industries,DEMO-PN-149-2,SYN-CAN-149,SYN-BRG-22-40-Normal,abbreviation_capitalization,SYN-CAN-154,Same material family/category but differing technical specification; not equivalent.,SYNTHETIC_DEMO_DATA_ONLY
SYN-REC-0743,Astra Petrochem Demo Corporation,LOC-BRG-22-40-Normal-3,bearing; radial clearance Normal; bore 40 mm; Series 22; spherical roller bearing,Bearings,No.,Synthetic Process Systems,DEMO-PN-149-3,SYN-CAN-149,SYN-BRG-22-40-Normal,punctuation_reordered,SYN-CAN-154,Same material family/category but differing technical specification; not equivalent.,SYNTHETIC_DEMO_DATA_ONLY
SYN-REC-0744,Bharat Thermal Demo Enterprise,LOC-BRG-22-40-Normal-4,"spherical roller bearing with radial clearance Normal radial clearance, Series 22, bore 40 mm",Bearings,each,Synthetic Process Systems,DEMO-PN-149-4,SYN-CAN-149,SYN-BRG-22-40-Normal,equivalent_terminology,SYN-CAN-154,Same material family/category but differing technical specification; not equivalent.,SYNTHETIC_DEMO_DATA_ONLY
SYN-REC-0745,Dakshin Steel Demo Works,LOC-BRG-22-40-Normal-5,"Spherical Roller Bearing Series 22, bore 40 mm, clearance radial clearance Normal",Bearings,pcs,Synthetic Process Systems,DEMO-PN-149-5,SYN-CAN-149,SYN-BRG-22-40-Normal,near_duplicate_bore,SYN-CAN-154,Same material family/category but differing technical specification; not equivalent.,SYNTHETIC_DEMO_DATA_ONLY
SYN-REC-0746,Vindhya Engineering Demo Services,LOC-BRG-22-40-C3-1,Spherical Roller Bearing Series 22 Bore 40 mm C3 Clearance,Bearings,each,Synthetic Process Systems,DEMO-PN-150-1,SYN-CAN-150,SYN-BRG-22-40-C3,canonical_case,SYN-CAN-155,Same material family/category but differing technical specification; not equivalent.,SYNTHETIC_DEMO_DATA_ONLY
SYN-REC-0747,Astra Petrochem Demo Corporation,LOC-BRG-22-40-C3-2,SPHERICAL ROLLER BEARING SER. 22 B40 MM RADIAL CLEARANCE C3,Bearings,nos,Synthetic Process Systems,DEMO-PN-150-2,SYN-CAN-150,SYN-BRG-22-40-C3,abbreviation_capitalization,SYN-CAN-155,Same material family/category but differing technical specification; not equivalent.,SYNTHETIC_DEMO_DATA_ONLY
SYN-REC-0748,Bharat Thermal Demo Enterprise,LOC-BRG-22-40-C3-3,bearing; radial clearance C3; bore 40 mm; Series 22; spherical roller bearing,Bearings,No.,Synthetic Process Systems,DEMO-PN-150-3,SYN-CAN-150,SYN-BRG-22-40-C3,punctuation_reordered,SYN-CAN-155,Same material family/category but differing technical specification; not equivalent.,SYNTHETIC_DEMO_DATA_ONLY
SYN-REC-0749,Dakshin Steel Demo Works,LOC-BRG-22-40-C3-4,"spherical roller bearing with radial clearance C3 radial clearance, Series 22, bore 40 mm",Bearings,each,Prototype Engineering Supply,DEMO-PN-150-4,SYN-CAN-150,SYN-BRG-22-40-C3,equivalent_terminology,SYN-CAN-155,Same material family/category but differing technical specification; not equivalent.,SYNTHETIC_DEMO_DATA_ONLY
SYN-REC-0750,Narmada Power Demo Limited,LOC-BRG-22-40-C3-5,"Spherical Roller Bearing Series 22, bore 40 mm, clearance radial clearance C3",Bearings,pcs,DemoForge Industries,DEMO-PN-150-5,SYN-CAN-150,SYN-BRG-22-40-C3,near_duplicate_bore,SYN-CAN-155,Same material family/category but differing technical specification; not equivalent.,SYNTHETIC_DEMO_DATA_ONLY
SYN-REC-0751,Astra Petrochem Demo Corporation,LOC-BRG-NA-20-Normal-1,Needle Roller Bearing Series NA Bore 20 mm Normal Clearance,Bearings,each,DemoForge Industries,DEMO-PN-151-1,SYN-CAN-151,SYN-BRG-NA-20-Normal,canonical_case,SYN-CAN-156,Same material family/category but differing technical specification; not equivalent.,SYNTHETIC_DEMO_DATA_ONLY
SYN-REC-0752,Bharat Thermal Demo Enterprise,LOC-BRG-NA-20-Normal-2,NEEDLE ROLLER BEARING SER. NA B20 MM RADIAL CLEARANCE NORMAL,Bearings,nos,DemoForge Industries,DEMO-PN-151-2,SYN-CAN-151,SYN-BRG-NA-20-Normal,abbreviation_capitalization,SYN-CAN-156,Same material family/category but differing technical specification; not equivalent.,SYNTHETIC_DEMO_DATA_ONLY
SYN-REC-0753,Dakshin Steel Demo Works,LOC-BRG-NA-20-Normal-3,bearing; radial clearance Normal; bore 20 mm; Series NA; needle roller bearing,Bearings,No.,Prototype Engineering Supply,DEMO-PN-151-3,SYN-CAN-151,SYN-BRG-NA-20-Normal,punctuation_reordered,SYN-CAN-156,Same material family/category but differing technical specification; not equivalent.,SYNTHETIC_DEMO_DATA_ONLY
SYN-REC-0754,Narmada Power Demo Limited,LOC-BRG-NA-20-Normal-4,"needle roller bearing with radial clearance Normal radial clearance, Series NA, bore 20 mm",Bearings,each,Synthetic Process Systems,DEMO-PN-151-4,SYN-CAN-151,SYN-BRG-NA-20-Normal,equivalent_terminology,SYN-CAN-156,Same material family/category but differing technical specification; not equivalent.,SYNTHETIC_DEMO_DATA_ONLY
SYN-REC-0755,Vindhya Engineering Demo Services,LOC-BRG-NA-20-Normal-5,"Needle Roller Bearing Series NA, bore 20 mm, clearance radial clearance Normal",Bearings,pcs,DemoForge Industries,DEMO-PN-151-5,SYN-CAN-151,SYN-BRG-NA-20-Normal,near_duplicate_bore,SYN-CAN-156,Same material family/category but differing technical specification; not equivalent.,SYNTHETIC_DEMO_DATA_ONLY
SYN-REC-0756,Bharat Thermal Demo Enterprise,LOC-BRG-NA-20-C3-1,Needle Roller Bearing Series NA Bore 20 mm C3 Clearance,Bearings,each,Prototype Engineering Supply,DEMO-PN-152-1,SYN-CAN-152,SYN-BRG-NA-20-C3,canonical_case,SYN-CAN-157,Same material family/category but differing technical specification; not equivalent.,SYNTHETIC_DEMO_DATA_ONLY
SYN-REC-0757,Dakshin Steel Demo Works,LOC-BRG-NA-20-C3-2,NEEDLE ROLLER BEARING SER. NA B20 MM RADIAL CLEARANCE C3,Bearings,nos,DemoForge Industries,DEMO-PN-152-2,SYN-CAN-152,SYN-BRG-NA-20-C3,abbreviation_capitalization,SYN-CAN-157,Same material family/category but differing technical specification; not equivalent.,SYNTHETIC_DEMO_DATA_ONLY
SYN-REC-0758,Narmada Power Demo Limited,LOC-BRG-NA-20-C3-3,bearing; radial clearance C3; bore 20 mm; Series NA; needle roller bearing,Bearings,No.,Synthetic Process Systems,DEMO-PN-152-3,SYN-CAN-152,SYN-BRG-NA-20-C3,punctuation_reordered,SYN-CAN-157,Same material family/category but differing technical specification; not equivalent.,SYNTHETIC_DEMO_DATA_ONLY
SYN-REC-0759,Vindhya Engineering Demo Services,LOC-BRG-NA-20-C3-4,"needle roller bearing with radial clearance C3 radial clearance, Series NA, bore 20 mm",Bearings,each,Synthetic Process Systems,DEMO-PN-152-4,SYN-CAN-152,SYN-BRG-NA-20-C3,equivalent_terminology,SYN-CAN-157,Same material family/category but differing technical specification; not equivalent.,SYNTHETIC_DEMO_DATA_ONLY
SYN-REC-0760,Astra Petrochem Demo Corporation,LOC-BRG-NA-20-C3-5,"Needle Roller Bearing Series NA, bore 20 mm, clearance radial clearance C3",Bearings,pcs,Synthetic Process Systems,DEMO-PN-152-5,SYN-CAN-152,SYN-BRG-NA-20-C3,near_duplicate_bore,SYN-CAN-157,Same material family/category but differing technical specification; not equivalent.,SYNTHETIC_DEMO_DATA_ONLY
SYN-REC-0761,Dakshin Steel Demo Works,LOC-BRG-NA-25-Normal-1,Needle Roller Bearing Series NA Bore 25 mm Normal Clearance,Bearings,each,DemoForge Industries,DEMO-PN-153-1,SYN-CAN-153,SYN-BRG-NA-25-Normal,canonical_case,SYN-CAN-158,Same material family/category but differing technical specification; not equivalent.,SYNTHETIC_DEMO_DATA_ONLY
SYN-REC-0762,Narmada Power Demo Limited,LOC-BRG-NA-25-Normal-2,NEEDLE ROLLER BEARING SER. NA B25 MM RADIAL CLEARANCE NORMAL,Bearings,nos,Synthetic Process Systems,DEMO-PN-153-2,SYN-CAN-153,SYN-BRG-NA-25-Normal,abbreviation_capitalization,SYN-CAN-158,Same material family/category but differing technical specification; not equivalent.,SYNTHETIC_DEMO_DATA_ONLY
SYN-REC-0763,Vindhya Engineering Demo Services,LOC-BRG-NA-25-Normal-3,bearing; radial clearance Normal; bore 25 mm; Series NA; needle roller bearing,Bearings,No.,DemoForge Industries,DEMO-PN-153-3,SYN-CAN-153,SYN-BRG-NA-25-Normal,punctuation_reordered,SYN-CAN-158,Same material family/category but differing technical specification; not equivalent.,SYNTHETIC_DEMO_DATA_ONLY
SYN-REC-0764,Astra Petrochem Demo Corporation,LOC-BRG-NA-25-Normal-4,"needle roller bearing with radial clearance Normal radial clearance, Series NA, bore 25 mm",Bearings,each,Prototype Engineering Supply,DEMO-PN-153-4,SYN-CAN-153,SYN-BRG-NA-25-Normal,equivalent_terminology,SYN-CAN-158,Same material family/category but differing technical specification; not equivalent.,SYNTHETIC_DEMO_DATA_ONLY
SYN-REC-0765,Bharat Thermal Demo Enterprise,LOC-BRG-NA-25-Normal-5,"Needle Roller Bearing Series NA, bore 25 mm, clearance radial clearance Normal",Bearings,pcs,Prototype Engineering Supply,DEMO-PN-153-5,SYN-CAN-153,SYN-BRG-NA-25-Normal,near_duplicate_bore,SYN-CAN-158,Same material family/category but differing technical specification; not equivalent.,SYNTHETIC_DEMO_DATA_ONLY
SYN-REC-0766,Narmada Power Demo Limited,LOC-BRG-NA-25-C3-1,Needle Roller Bearing Series NA Bore 25 mm C3 Clearance,Bearings,each,DemoForge Industries,DEMO-PN-154-1,SYN-CAN-154,SYN-BRG-NA-25-C3,canonical_case,SYN-CAN-159,Same material family/category but differing technical specification; not equivalent.,SYNTHETIC_DEMO_DATA_ONLY
SYN-REC-0767,Vindhya Engineering Demo Services,LOC-BRG-NA-25-C3-2,NEEDLE ROLLER BEARING SER. NA B25 MM RADIAL CLEARANCE C3,Bearings,nos,Prototype Engineering Supply,DEMO-PN-154-2,SYN-CAN-154,SYN-BRG-NA-25-C3,abbreviation_capitalization,SYN-CAN-159,Same material family/category but differing technical specification; not equivalent.,SYNTHETIC_DEMO_DATA_ONLY
SYN-REC-0768,Astra Petrochem Demo Corporation,LOC-BRG-NA-25-C3-3,bearing; radial clearance C3; bore 25 mm; Series NA; needle roller bearing,Bearings,No.,Prototype Engineering Supply,DEMO-PN-154-3,SYN-CAN-154,SYN-BRG-NA-25-C3,punctuation_reordered,SYN-CAN-159,Same material family/category but differing technical specification; not equivalent.,SYNTHETIC_DEMO_DATA_ONLY
SYN-REC-0769,Bharat Thermal Demo Enterprise,LOC-BRG-NA-25-C3-4,"needle roller bearing with radial clearance C3 radial clearance, Series NA, bore 25 mm",Bearings,each,DemoForge Industries,DEMO-PN-154-4,SYN-CAN-154,SYN-BRG-NA-25-C3,equivalent_terminology,SYN-CAN-159,Same material family/category but differing technical specification; not equivalent.,SYNTHETIC_DEMO_DATA_ONLY
SYN-REC-0770,Dakshin Steel Demo Works,LOC-BRG-NA-25-C3-5,"Needle Roller Bearing Series NA, bore 25 mm, clearance radial clearance C3",Bearings,pcs,DemoForge Industries,DEMO-PN-154-5,SYN-CAN-154,SYN-BRG-NA-25-C3,near_duplicate_bore,SYN-CAN-159,Same material family/category but differing technical specification; not equivalent.,SYNTHETIC_DEMO_DATA_ONLY
SYN-REC-0771,Vindhya Engineering Demo Services,LOC-BRG-NA-30-Normal-1,Needle Roller Bearing Series NA Bore 30 mm Normal Clearance,Bearings,each,Synthetic Process Systems,DEMO-PN-155-1,SYN-CAN-155,SYN-BRG-NA-30-Normal,canonical_case,SYN-CAN-160,Same material family/category but differing technical specification; not equivalent.,SYNTHETIC_DEMO_DATA_ONLY
SYN-REC-0772,Astra Petrochem Demo Corporation,LOC-BRG-NA-30-Normal-2,NEEDLE ROLLER BEARING SER. NA B30 MM RADIAL CLEARANCE NORMAL,Bearings,nos,Synthetic Process Systems,DEMO-PN-155-2,SYN-CAN-155,SYN-BRG-NA-30-Normal,abbreviation_capitalization,SYN-CAN-160,Same material family/category but differing technical specification; not equivalent.,SYNTHETIC_DEMO_DATA_ONLY
SYN-REC-0773,Bharat Thermal Demo Enterprise,LOC-BRG-NA-30-Normal-3,bearing; radial clearance Normal; bore 30 mm; Series NA; needle roller bearing,Bearings,No.,Synthetic Process Systems,DEMO-PN-155-3,SYN-CAN-155,SYN-BRG-NA-30-Normal,punctuation_reordered,SYN-CAN-160,Same material family/category but differing technical specification; not equivalent.,SYNTHETIC_DEMO_DATA_ONLY
SYN-REC-0774,Dakshin Steel Demo Works,LOC-BRG-NA-30-Normal-4,"needle roller bearing with radial clearance Normal radial clearance, Series NA, bore 30 mm",Bearings,each,Prototype Engineering Supply,DEMO-PN-155-4,SYN-CAN-155,SYN-BRG-NA-30-Normal,equivalent_terminology,SYN-CAN-160,Same material family/category but differing technical specification; not equivalent.,SYNTHETIC_DEMO_DATA_ONLY
SYN-REC-0775,Narmada Power Demo Limited,LOC-BRG-NA-30-Normal-5,"Needle Roller Bearing Series NA, bore 30 mm, clearance radial clearance Normal",Bearings,pcs,DemoForge Industries,DEMO-PN-155-5,SYN-CAN-155,SYN-BRG-NA-30-Normal,near_duplicate_bore,SYN-CAN-160,Same material family/category but differing technical specification; not equivalent.,SYNTHETIC_DEMO_DATA_ONLY
SYN-REC-0776,Astra Petrochem Demo Corporation,LOC-BRG-NA-30-C3-1,Needle Roller Bearing Series NA Bore 30 mm C3 Clearance,Bearings,each,DemoForge Industries,DEMO-PN-156-1,SYN-CAN-156,SYN-BRG-NA-30-C3,canonical_case,SYN-CAN-121,Same material family/category but differing technical specification; not equivalent.,SYNTHETIC_DEMO_DATA_ONLY
SYN-REC-0777,Bharat Thermal Demo Enterprise,LOC-BRG-NA-30-C3-2,NEEDLE ROLLER BEARING SER. NA B30 MM RADIAL CLEARANCE C3,Bearings,nos,DemoForge Industries,DEMO-PN-156-2,SYN-CAN-156,SYN-BRG-NA-30-C3,abbreviation_capitalization,SYN-CAN-121,Same material family/category but differing technical specification; not equivalent.,SYNTHETIC_DEMO_DATA_ONLY
SYN-REC-0778,Dakshin Steel Demo Works,LOC-BRG-NA-30-C3-3,bearing; radial clearance C3; bore 30 mm; Series NA; needle roller bearing,Bearings,No.,Synthetic Process Systems,DEMO-PN-156-3,SYN-CAN-156,SYN-BRG-NA-30-C3,punctuation_reordered,SYN-CAN-121,Same material family/category but differing technical specification; not equivalent.,SYNTHETIC_DEMO_DATA_ONLY
SYN-REC-0779,Narmada Power Demo Limited,LOC-BRG-NA-30-C3-4,"needle roller bearing with radial clearance C3 radial clearance, Series NA, bore 30 mm",Bearings,each,Synthetic Process Systems,DEMO-PN-156-4,SYN-CAN-156,SYN-BRG-NA-30-C3,equivalent_terminology,SYN-CAN-121,Same material family/category but differing technical specification; not equivalent.,SYNTHETIC_DEMO_DATA_ONLY
SYN-REC-0780,Vindhya Engineering Demo Services,LOC-BRG-NA-30-C3-5,"Needle Roller Bearing Series NA, bore 30 mm, clearance radial clearance C3",Bearings,pcs,Prototype Engineering Supply,DEMO-PN-156-5,SYN-CAN-156,SYN-BRG-NA-30-C3,near_duplicate_bore,SYN-CAN-121,Same material family/category but differing technical specification; not equivalent.,SYNTHETIC_DEMO_DATA_ONLY
SYN-REC-0781,Bharat Thermal Demo Enterprise,LOC-BRG-NA-35-Normal-1,Needle Roller Bearing Series NA Bore 35 mm Normal Clearance,Bearings,each,Synthetic Process Systems,DEMO-PN-157-1,SYN-CAN-157,SYN-BRG-NA-35-Normal,canonical_case,SYN-CAN-122,Same material family/category but differing technical specification; not equivalent.,SYNTHETIC_DEMO_DATA_ONLY
SYN-REC-0782,Dakshin Steel Demo Works,LOC-BRG-NA-35-Normal-2,NEEDLE ROLLER BEARING SER. NA B35 MM RADIAL CLEARANCE NORMAL,Bearings,nos,DemoForge Industries,DEMO-PN-157-2,SYN-CAN-157,SYN-BRG-NA-35-Normal,abbreviation_capitalization,SYN-CAN-122,Same material family/category but differing technical specification; not equivalent.,SYNTHETIC_DEMO_DATA_ONLY
SYN-REC-0783,Narmada Power Demo Limited,LOC-BRG-NA-35-Normal-3,bearing; radial clearance Normal; bore 35 mm; Series NA; needle roller bearing,Bearings,No.,Prototype Engineering Supply,DEMO-PN-157-3,SYN-CAN-157,SYN-BRG-NA-35-Normal,punctuation_reordered,SYN-CAN-122,Same material family/category but differing technical specification; not equivalent.,SYNTHETIC_DEMO_DATA_ONLY
SYN-REC-0784,Vindhya Engineering Demo Services,LOC-BRG-NA-35-Normal-4,"needle roller bearing with radial clearance Normal radial clearance, Series NA, bore 35 mm",Bearings,each,DemoForge Industries,DEMO-PN-157-4,SYN-CAN-157,SYN-BRG-NA-35-Normal,equivalent_terminology,SYN-CAN-122,Same material family/category but differing technical specification; not equivalent.,SYNTHETIC_DEMO_DATA_ONLY
SYN-REC-0785,Astra Petrochem Demo Corporation,LOC-BRG-NA-35-Normal-5,"Needle Roller Bearing Series NA, bore 35 mm, clearance radial clearance Normal",Bearings,pcs,DemoForge Industries,DEMO-PN-157-5,SYN-CAN-157,SYN-BRG-NA-35-Normal,near_duplicate_bore,SYN-CAN-122,Same material family/category but differing technical specification; not equivalent.,SYNTHETIC_DEMO_DATA_ONLY
SYN-REC-0786,Dakshin Steel Demo Works,LOC-BRG-NA-35-C3-1,Needle Roller Bearing Series NA Bore 35 mm C3 Clearance,Bearings,each,Synthetic Process Systems,DEMO-PN-158-1,SYN-CAN-158,SYN-BRG-NA-35-C3,canonical_case,SYN-CAN-123,Same material family/category but differing technical specification; not equivalent.,SYNTHETIC_DEMO_DATA_ONLY
SYN-REC-0787,Narmada Power Demo Limited,LOC-BRG-NA-35-C3-2,NEEDLE ROLLER BEARING SER. NA B35 MM RADIAL CLEARANCE C3,Bearings,nos,Prototype Engineering Supply,DEMO-PN-158-2,SYN-CAN-158,SYN-BRG-NA-35-C3,abbreviation_capitalization,SYN-CAN-123,Same material family/category but differing technical specification; not equivalent.,SYNTHETIC_DEMO_DATA_ONLY
SYN-REC-0788,Vindhya Engineering Demo Services,LOC-BRG-NA-35-C3-3,bearing; radial clearance C3; bore 35 mm; Series NA; needle roller bearing,Bearings,No.,Prototype Engineering Supply,DEMO-PN-158-3,SYN-CAN-158,SYN-BRG-NA-35-C3,punctuation_reordered,SYN-CAN-123,Same material family/category but differing technical specification; not equivalent.,SYNTHETIC_DEMO_DATA_ONLY
SYN-REC-0789,Astra Petrochem Demo Corporation,LOC-BRG-NA-35-C3-4,"needle roller bearing with radial clearance C3 radial clearance, Series NA, bore 35 mm",Bearings,each,Prototype Engineering Supply,DEMO-PN-158-4,SYN-CAN-158,SYN-BRG-NA-35-C3,equivalent_terminology,SYN-CAN-123,Same material family/category but differing technical specification; not equivalent.,SYNTHETIC_DEMO_DATA_ONLY
SYN-REC-0790,Bharat Thermal Demo Enterprise,LOC-BRG-NA-35-C3-5,"Needle Roller Bearing Series NA, bore 35 mm, clearance radial clearance C3",Bearings,pcs,DemoForge Industries,DEMO-PN-158-5,SYN-CAN-158,SYN-BRG-NA-35-C3,near_duplicate_bore,SYN-CAN-123,Same material family/category but differing technical specification; not equivalent.,SYNTHETIC_DEMO_DATA_ONLY
SYN-REC-0791,Narmada Power Demo Limited,LOC-BRG-NA-40-Normal-1,Needle Roller Bearing Series NA Bore 40 mm Normal Clearance,Bearings,each,DemoForge Industries,DEMO-PN-159-1,SYN-CAN-159,SYN-BRG-NA-40-Normal,canonical_case,SYN-CAN-124,Same material family/category but differing technical specification; not equivalent.,SYNTHETIC_DEMO_DATA_ONLY
SYN-REC-0792,Vindhya Engineering Demo Services,LOC-BRG-NA-40-Normal-2,NEEDLE ROLLER BEARING SER. NA B40 MM RADIAL CLEARANCE NORMAL,Bearings,nos,Prototype Engineering Supply,DEMO-PN-159-2,SYN-CAN-159,SYN-BRG-NA-40-Normal,abbreviation_capitalization,SYN-CAN-124,Same material family/category but differing technical specification; not equivalent.,SYNTHETIC_DEMO_DATA_ONLY
SYN-REC-0793,Astra Petrochem Demo Corporation,LOC-BRG-NA-40-Normal-3,bearing; radial clearance Normal; bore 40 mm; Series NA; needle roller bearing,Bearings,No.,Prototype Engineering Supply,DEMO-PN-159-3,SYN-CAN-159,SYN-BRG-NA-40-Normal,punctuation_reordered,SYN-CAN-124,Same material family/category but differing technical specification; not equivalent.,SYNTHETIC_DEMO_DATA_ONLY
SYN-REC-0794,Bharat Thermal Demo Enterprise,LOC-BRG-NA-40-Normal-4,"needle roller bearing with radial clearance Normal radial clearance, Series NA, bore 40 mm",Bearings,each,DemoForge Industries,DEMO-PN-159-4,SYN-CAN-159,SYN-BRG-NA-40-Normal,equivalent_terminology,SYN-CAN-124,Same material family/category but differing technical specification; not equivalent.,SYNTHETIC_DEMO_DATA_ONLY
SYN-REC-0795,Dakshin Steel Demo Works,LOC-BRG-NA-40-Normal-5,"Needle Roller Bearing Series NA, bore 40 mm, clearance radial clearance Normal",Bearings,pcs,Prototype Engineering Supply,DEMO-PN-159-5,SYN-CAN-159,SYN-BRG-NA-40-Normal,near_duplicate_bore,SYN-CAN-124,Same material family/category but differing technical specification; not equivalent.,SYNTHETIC_DEMO_DATA_ONLY
SYN-REC-0796,Vindhya Engineering Demo Services,LOC-BRG-NA-40-C3-1,Needle Roller Bearing Series NA Bore 40 mm C3 Clearance,Bearings,each,Prototype Engineering Supply,DEMO-PN-160-1,SYN-CAN-160,SYN-BRG-NA-40-C3,canonical_case,SYN-CAN-125,Same material family/category but differing technical specification; not equivalent.,SYNTHETIC_DEMO_DATA_ONLY
SYN-REC-0797,Astra Petrochem Demo Corporation,LOC-BRG-NA-40-C3-2,NEEDLE ROLLER BEARING SER. NA B40 MM RADIAL CLEARANCE C3,Bearings,nos,Prototype Engineering Supply,DEMO-PN-160-2,SYN-CAN-160,SYN-BRG-NA-40-C3,abbreviation_capitalization,SYN-CAN-125,Same material family/category but differing technical specification; not equivalent.,SYNTHETIC_DEMO_DATA_ONLY
SYN-REC-0798,Bharat Thermal Demo Enterprise,LOC-BRG-NA-40-C3-3,bearing; radial clearance C3; bore 40 mm; Series NA; needle roller bearing,Bearings,No.,Prototype Engineering Supply,DEMO-PN-160-3,SYN-CAN-160,SYN-BRG-NA-40-C3,punctuation_reordered,SYN-CAN-125,Same material family/category but differing technical specification; not equivalent.,SYNTHETIC_DEMO_DATA_ONLY
SYN-REC-0799,Dakshin Steel Demo Works,LOC-BRG-NA-40-C3-4,"needle roller bearing with radial clearance C3 radial clearance, Series NA, bore 40 mm",Bearings,each,Synthetic Process Systems,DEMO-PN-160-4,SYN-CAN-160,SYN-BRG-NA-40-C3,equivalent_terminology,SYN-CAN-125,Same material family/category but differing technical specification; not equivalent.,SYNTHETIC_DEMO_DATA_ONLY
SYN-REC-0800,Narmada Power Demo Limited,LOC-BRG-NA-40-C3-5,"Needle Roller Bearing Series NA, bore 40 mm, clearance radial clearance C3",Bearings,pcs,DemoForge Industries,DEMO-PN-160-5,SYN-CAN-160,SYN-BRG-NA-40-C3,near_duplicate_bore,SYN-CAN-125,Same material family/category but differing technical specification; not equivalent.,SYNTHETIC_DEMO_DATA_ONLY
SYN-REC-0801,Astra Petrochem Demo Corporation,LOC-GSK-GRAPH-DN15-CL150-1,Graphite Flange Gasket DN 15 Class 150,Sealing,each,Prototype Engineering Supply,DEMO-PN-161-1,SYN-CAN-161,SYN-GSK-GRAPH-DN15-CL150,canonical_case,SYN-CAN-170,Same material family/category but differing technical specification; not equivalent.,SYNTHETIC_DEMO_DATA_ONLY
SYN-REC-0802,Bharat Thermal Demo Enterprise,LOC-GSK-GRAPH-DN15-CL150-2,GRAPHITE GSKT DN 15 CLASS 150 RF,Sealing,nos,Prototype Engineering Supply,DEMO-PN-161-2,SYN-CAN-161,SYN-GSK-GRAPH-DN15-CL150,abbreviation_capitalization,SYN-CAN-170,Same material family/category but differing technical specification; not equivalent.,SYNTHETIC_DEMO_DATA_ONLY
SYN-REC-0803,Dakshin Steel Demo Works,LOC-GSK-GRAPH-DN15-CL150-3,gasket; Class 150; DN 15; graphite flange,Sealing,No.,Synthetic Process Systems,DEMO-PN-161-3,SYN-CAN-161,SYN-GSK-GRAPH-DN15-CL150,punctuation_reordered,SYN-CAN-170,Same material family/category but differing technical specification; not equivalent.,SYNTHETIC_DEMO_DATA_ONLY
SYN-REC-0804,Narmada Power Demo Limited,LOC-GSK-GRAPH-DN15-CL150-4,"raised-face flange sealing ring, Graphite, DN 15, pressure Class 150",Sealing,each,Prototype Engineering Supply,DEMO-PN-161-4,SYN-CAN-161,SYN-GSK-GRAPH-DN15-CL150,equivalent_terminology,SYN-CAN-170,Same material family/category but differing technical specification; not equivalent.,SYNTHETIC_DEMO_DATA_ONLY
SYN-REC-0805,Vindhya Engineering Demo Services,LOC-GSK-GRAPH-DN15-CL150-5,Graphite flange gasket DN 15; Class 150 rating,Sealing,pcs,Synthetic Process Systems,DEMO-PN-161-5,SYN-CAN-161,SYN-GSK-GRAPH-DN15-CL150,near_duplicate_nominal_size,SYN-CAN-170,Same material family/category but differing technical specification; not equivalent.,SYNTHETIC_DEMO_DATA_ONLY
SYN-REC-0806,Bharat Thermal Demo Enterprise,LOC-GSK-GRAPH-DN15-CL300-1,Graphite Flange Gasket DN 15 Class 300,Sealing,each,Prototype Engineering Supply,DEMO-PN-162-1,SYN-CAN-162,SYN-GSK-GRAPH-DN15-CL300,canonical_case,SYN-CAN-161,Same material family/category but differing technical specification; not equivalent.,SYNTHETIC_DEMO_DATA_ONLY
SYN-REC-0807,Dakshin Steel Demo Works,LOC-GSK-GRAPH-DN15-CL300-2,GRAPHITE GSKT DN 15 CLASS 300 RF,Sealing,nos,DemoForge Industries,DEMO-PN-162-2,SYN-CAN-162,SYN-GSK-GRAPH-DN15-CL300,abbreviation_capitalization,SYN-CAN-161,Same material family/category but differing technical specification; not equivalent.,SYNTHETIC_DEMO_DATA_ONLY
SYN-REC-0808,Narmada Power Demo Limited,LOC-GSK-GRAPH-DN15-CL300-3,gasket; Class 300; DN 15; graphite flange,Sealing,No.,DemoForge Industries,DEMO-PN-162-3,SYN-CAN-162,SYN-GSK-GRAPH-DN15-CL300,punctuation_reordered,SYN-CAN-161,Same material family/category but differing technical specification; not equivalent.,SYNTHETIC_DEMO_DATA_ONLY
SYN-REC-0809,Vindhya Engineering Demo Services,LOC-GSK-GRAPH-DN15-CL300-4,"raised-face flange sealing ring, Graphite, DN 15, pressure Class 300",Sealing,each,Prototype Engineering Supply,DEMO-PN-162-4,SYN-CAN-162,SYN-GSK-GRAPH-DN15-CL300,equivalent_terminology,SYN-CAN-161,Same material family/category but differing technical specification; not equivalent.,SYNTHETIC_DEMO_DATA_ONLY
SYN-REC-0810,Astra Petrochem Demo Corporation,LOC-GSK-GRAPH-DN15-CL300-5,Graphite flange gasket DN 15; Class 300 rating,Sealing,pcs,DemoForge Industries,DEMO-PN-162-5,SYN-CAN-162,SYN-GSK-GRAPH-DN15-CL300,near_duplicate_nominal_size,SYN-CAN-161,Same material family/category but differing technical specification; not equivalent.,SYNTHETIC_DEMO_DATA_ONLY
SYN-REC-0811,Dakshin Steel Demo Works,LOC-GSK-GRAPH-DN25-CL150-1,Graphite Flange Gasket DN 25 Class 150,Sealing,each,DemoForge Industries,DEMO-PN-163-1,SYN-CAN-163,SYN-GSK-GRAPH-DN25-CL150,canonical_case,SYN-CAN-162,Same material family/category but differing technical specification; not equivalent.,SYNTHETIC_DEMO_DATA_ONLY
SYN-REC-0812,Narmada Power Demo Limited,LOC-GSK-GRAPH-DN25-CL150-2,GRAPHITE GSKT DN 25 CLASS 150 RF,Sealing,nos,DemoForge Industries,DEMO-PN-163-2,SYN-CAN-163,SYN-GSK-GRAPH-DN25-CL150,abbreviation_capitalization,SYN-CAN-162,Same material family/category but differing technical specification; not equivalent.,SYNTHETIC_DEMO_DATA_ONLY
SYN-REC-0813,Vindhya Engineering Demo Services,LOC-GSK-GRAPH-DN25-CL150-3,gasket; Class 150; DN 25; graphite flange,Sealing,No.,Synthetic Process Systems,DEMO-PN-163-3,SYN-CAN-163,SYN-GSK-GRAPH-DN25-CL150,punctuation_reordered,SYN-CAN-162,Same material family/category but differing technical specification; not equivalent.,SYNTHETIC_DEMO_DATA_ONLY
SYN-REC-0814,Astra Petrochem Demo Corporation,LOC-GSK-GRAPH-DN25-CL150-4,"raised-face flange sealing ring, Graphite, DN 25, pressure Class 150",Sealing,each,Synthetic Process Systems,DEMO-PN-163-4,SYN-CAN-163,SYN-GSK-GRAPH-DN25-CL150,equivalent_terminology,SYN-CAN-162,Same material family/category but differing technical specification; not equivalent.,SYNTHETIC_DEMO_DATA_ONLY
SYN-REC-0815,Bharat Thermal Demo Enterprise,LOC-GSK-GRAPH-DN25-CL150-5,Graphite flange gasket DN 25; Class 150 rating,Sealing,pcs,Prototype Engineering Supply,DEMO-PN-163-5,SYN-CAN-163,SYN-GSK-GRAPH-DN25-CL150,near_duplicate_nominal_size,SYN-CAN-162,Same material family/category but differing technical specification; not equivalent.,SYNTHETIC_DEMO_DATA_ONLY
SYN-REC-0816,Narmada Power Demo Limited,LOC-GSK-GRAPH-DN25-CL300-1,Graphite Flange Gasket DN 25 Class 300,Sealing,each,Synthetic Process Systems,DEMO-PN-164-1,SYN-CAN-164,SYN-GSK-GRAPH-DN25-CL300,canonical_case,SYN-CAN-163,Same material family/category but differing technical specification; not equivalent.,SYNTHETIC_DEMO_DATA_ONLY
SYN-REC-0817,Vindhya Engineering Demo Services,LOC-GSK-GRAPH-DN25-CL300-2,GRAPHITE GSKT DN 25 CLASS 300 RF,Sealing,nos,DemoForge Industries,DEMO-PN-164-2,SYN-CAN-164,SYN-GSK-GRAPH-DN25-CL300,abbreviation_capitalization,SYN-CAN-163,Same material family/category but differing technical specification; not equivalent.,SYNTHETIC_DEMO_DATA_ONLY
SYN-REC-0818,Astra Petrochem Demo Corporation,LOC-GSK-GRAPH-DN25-CL300-3,gasket; Class 300; DN 25; graphite flange,Sealing,No.,DemoForge Industries,DEMO-PN-164-3,SYN-CAN-164,SYN-GSK-GRAPH-DN25-CL300,punctuation_reordered,SYN-CAN-163,Same material family/category but differing technical specification; not equivalent.,SYNTHETIC_DEMO_DATA_ONLY
SYN-REC-0819,Bharat Thermal Demo Enterprise,LOC-GSK-GRAPH-DN25-CL300-4,"raised-face flange sealing ring, Graphite, DN 25, pressure Class 300",Sealing,each,DemoForge Industries,DEMO-PN-164-4,SYN-CAN-164,SYN-GSK-GRAPH-DN25-CL300,equivalent_terminology,SYN-CAN-163,Same material family/category but differing technical specification; not equivalent.,SYNTHETIC_DEMO_DATA_ONLY
SYN-REC-0820,Dakshin Steel Demo Works,LOC-GSK-GRAPH-DN25-CL300-5,Graphite flange gasket DN 25; Class 300 rating,Sealing,pcs,Synthetic Process Systems,DEMO-PN-164-5,SYN-CAN-164,SYN-GSK-GRAPH-DN25-CL300,near_duplicate_nominal_size,SYN-CAN-163,Same material family/category but differing technical specification; not equivalent.,SYNTHETIC_DEMO_DATA_ONLY
SYN-REC-0821,Vindhya Engineering Demo Services,LOC-GSK-GRAPH-DN40-CL150-1,Graphite Flange Gasket DN 40 Class 150,Sealing,each,Prototype Engineering Supply,DEMO-PN-165-1,SYN-CAN-165,SYN-GSK-GRAPH-DN40-CL150,canonical_case,SYN-CAN-164,Same material family/category but differing technical specification; not equivalent.,SYNTHETIC_DEMO_DATA_ONLY
SYN-REC-0822,Astra Petrochem Demo Corporation,LOC-GSK-GRAPH-DN40-CL150-2,GRAPHITE GSKT DN 40 CLASS 150 RF,Sealing,nos,Prototype Engineering Supply,DEMO-PN-165-2,SYN-CAN-165,SYN-GSK-GRAPH-DN40-CL150,abbreviation_capitalization,SYN-CAN-164,Same material family/category but differing technical specification; not equivalent.,SYNTHETIC_DEMO_DATA_ONLY
SYN-REC-0823,Bharat Thermal Demo Enterprise,LOC-GSK-GRAPH-DN40-CL150-3,gasket; Class 150; DN 40; graphite flange,Sealing,No.,Synthetic Process Systems,DEMO-PN-165-3,SYN-CAN-165,SYN-GSK-GRAPH-DN40-CL150,punctuation_reordered,SYN-CAN-164,Same material family/category but differing technical specification; not equivalent.,SYNTHETIC_DEMO_DATA_ONLY
SYN-REC-0824,Dakshin Steel Demo Works,LOC-GSK-GRAPH-DN40-CL150-4,"raised-face flange sealing ring, Graphite, DN 40, pressure Class 150",Sealing,each,DemoForge Industries,DEMO-PN-165-4,SYN-CAN-165,SYN-GSK-GRAPH-DN40-CL150,equivalent_terminology,SYN-CAN-164,Same material family/category but differing technical specification; not equivalent.,SYNTHETIC_DEMO_DATA_ONLY
SYN-REC-0825,Narmada Power Demo Limited,LOC-GSK-GRAPH-DN40-CL150-5,Graphite flange gasket DN 40; Class 150 rating,Sealing,pcs,DemoForge Industries,DEMO-PN-165-5,SYN-CAN-165,SYN-GSK-GRAPH-DN40-CL150,near_duplicate_nominal_size,SYN-CAN-164,Same material family/category but differing technical specification; not equivalent.,SYNTHETIC_DEMO_DATA_ONLY
SYN-REC-0826,Astra Petrochem Demo Corporation,LOC-GSK-GRAPH-DN40-CL300-1,Graphite Flange Gasket DN 40 Class 300,Sealing,each,Prototype Engineering Supply,DEMO-PN-166-1,SYN-CAN-166,SYN-GSK-GRAPH-DN40-CL300,canonical_case,SYN-CAN-165,Same material family/category but differing technical specification; not equivalent.,SYNTHETIC_DEMO_DATA_ONLY
SYN-REC-0827,Bharat Thermal Demo Enterprise,LOC-GSK-GRAPH-DN40-CL300-2,GRAPHITE GSKT DN 40 CLASS 300 RF,Sealing,nos,DemoForge Industries,DEMO-PN-166-2,SYN-CAN-166,SYN-GSK-GRAPH-DN40-CL300,abbreviation_capitalization,SYN-CAN-165,Same material family/category but differing technical specification; not equivalent.,SYNTHETIC_DEMO_DATA_ONLY
SYN-REC-0828,Dakshin Steel Demo Works,LOC-GSK-GRAPH-DN40-CL300-3,gasket; Class 300; DN 40; graphite flange,Sealing,No.,Prototype Engineering Supply,DEMO-PN-166-3,SYN-CAN-166,SYN-GSK-GRAPH-DN40-CL300,punctuation_reordered,SYN-CAN-165,Same material family/category but differing technical specification; not equivalent.,SYNTHETIC_DEMO_DATA_ONLY
SYN-REC-0829,Narmada Power Demo Limited,LOC-GSK-GRAPH-DN40-CL300-4,"raised-face flange sealing ring, Graphite, DN 40, pressure Class 300",Sealing,each,DemoForge Industries,DEMO-PN-166-4,SYN-CAN-166,SYN-GSK-GRAPH-DN40-CL300,equivalent_terminology,SYN-CAN-165,Same material family/category but differing technical specification; not equivalent.,SYNTHETIC_DEMO_DATA_ONLY
SYN-REC-0830,Vindhya Engineering Demo Services,LOC-GSK-GRAPH-DN40-CL300-5,Graphite flange gasket DN 40; Class 300 rating,Sealing,pcs,DemoForge Industries,DEMO-PN-166-5,SYN-CAN-166,SYN-GSK-GRAPH-DN40-CL300,near_duplicate_nominal_size,SYN-CAN-165,Same material family/category but differing technical specification; not equivalent.,SYNTHETIC_DEMO_DATA_ONLY
SYN-REC-0831,Bharat Thermal Demo Enterprise,LOC-GSK-GRAPH-DN50-CL150-1,Graphite Flange Gasket DN 50 Class 150,Sealing,each,Prototype Engineering Supply,DEMO-PN-167-1,SYN-CAN-167,SYN-GSK-GRAPH-DN50-CL150,canonical_case,SYN-CAN-166,Same material family/category but differing technical specification; not equivalent.,SYNTHETIC_DEMO_DATA_ONLY
SYN-REC-0832,Dakshin Steel Demo Works,LOC-GSK-GRAPH-DN50-CL150-2,GRAPHITE GSKT DN 50 CLASS 150 RF,Sealing,nos,Synthetic Process Systems,DEMO-PN-167-2,SYN-CAN-167,SYN-GSK-GRAPH-DN50-CL150,abbreviation_capitalization,SYN-CAN-166,Same material family/category but differing technical specification; not equivalent.,SYNTHETIC_DEMO_DATA_ONLY
SYN-REC-0833,Narmada Power Demo Limited,LOC-GSK-GRAPH-DN50-CL150-3,gasket; Class 150; DN 50; graphite flange,Sealing,No.,Prototype Engineering Supply,DEMO-PN-167-3,SYN-CAN-167,SYN-GSK-GRAPH-DN50-CL150,punctuation_reordered,SYN-CAN-166,Same material family/category but differing technical specification; not equivalent.,SYNTHETIC_DEMO_DATA_ONLY
SYN-REC-0834,Vindhya Engineering Demo Services,LOC-GSK-GRAPH-DN50-CL150-4,"raised-face flange sealing ring, Graphite, DN 50, pressure Class 150",Sealing,each,Prototype Engineering Supply,DEMO-PN-167-4,SYN-CAN-167,SYN-GSK-GRAPH-DN50-CL150,equivalent_terminology,SYN-CAN-166,Same material family/category but differing technical specification; not equivalent.,SYNTHETIC_DEMO_DATA_ONLY
SYN-REC-0835,Astra Petrochem Demo Corporation,LOC-GSK-GRAPH-DN50-CL150-5,Graphite flange gasket DN 50; Class 150 rating,Sealing,pcs,Synthetic Process Systems,DEMO-PN-167-5,SYN-CAN-167,SYN-GSK-GRAPH-DN50-CL150,near_duplicate_nominal_size,SYN-CAN-166,Same material family/category but differing technical specification; not equivalent.,SYNTHETIC_DEMO_DATA_ONLY
SYN-REC-0836,Dakshin Steel Demo Works,LOC-GSK-GRAPH-DN50-CL300-1,Graphite Flange Gasket DN 50 Class 300,Sealing,each,Prototype Engineering Supply,DEMO-PN-168-1,SYN-CAN-168,SYN-GSK-GRAPH-DN50-CL300,canonical_case,SYN-CAN-167,Same material family/category but differing technical specification; not equivalent.,SYNTHETIC_DEMO_DATA_ONLY
SYN-REC-0837,Narmada Power Demo Limited,LOC-GSK-GRAPH-DN50-CL300-2,GRAPHITE GSKT DN 50 CLASS 300 RF,Sealing,nos,Synthetic Process Systems,DEMO-PN-168-2,SYN-CAN-168,SYN-GSK-GRAPH-DN50-CL300,abbreviation_capitalization,SYN-CAN-167,Same material family/category but differing technical specification; not equivalent.,SYNTHETIC_DEMO_DATA_ONLY
SYN-REC-0838,Vindhya Engineering Demo Services,LOC-GSK-GRAPH-DN50-CL300-3,gasket; Class 300; DN 50; graphite flange,Sealing,No.,Synthetic Process Systems,DEMO-PN-168-3,SYN-CAN-168,SYN-GSK-GRAPH-DN50-CL300,punctuation_reordered,SYN-CAN-167,Same material family/category but differing technical specification; not equivalent.,SYNTHETIC_DEMO_DATA_ONLY
SYN-REC-0839,Astra Petrochem Demo Corporation,LOC-GSK-GRAPH-DN50-CL300-4,"raised-face flange sealing ring, Graphite, DN 50, pressure Class 300",Sealing,each,DemoForge Industries,DEMO-PN-168-4,SYN-CAN-168,SYN-GSK-GRAPH-DN50-CL300,equivalent_terminology,SYN-CAN-167,Same material family/category but differing technical specification; not equivalent.,SYNTHETIC_DEMO_DATA_ONLY
SYN-REC-0840,Bharat Thermal Demo Enterprise,LOC-GSK-GRAPH-DN50-CL300-5,Graphite flange gasket DN 50; Class 300 rating,Sealing,pcs,Prototype Engineering Supply,DEMO-PN-168-5,SYN-CAN-168,SYN-GSK-GRAPH-DN50-CL300,near_duplicate_nominal_size,SYN-CAN-167,Same material family/category but differing technical specification; not equivalent.,SYNTHETIC_DEMO_DATA_ONLY
SYN-REC-0841,Narmada Power Demo Limited,LOC-GSK-GRAPH-DN80-CL150-1,Graphite Flange Gasket DN 80 Class 150,Sealing,each,Prototype Engineering Supply,DEMO-PN-169-1,SYN-CAN-169,SYN-GSK-GRAPH-DN80-CL150,canonical_case,SYN-CAN-168,Same material family/category but differing technical specification; not equivalent.,SYNTHETIC_DEMO_DATA_ONLY
SYN-REC-0842,Vindhya Engineering Demo Services,LOC-GSK-GRAPH-DN80-CL150-2,GRAPHITE GSKT DN 80 CLASS 150 RF,Sealing,nos,Synthetic Process Systems,DEMO-PN-169-2,SYN-CAN-169,SYN-GSK-GRAPH-DN80-CL150,abbreviation_capitalization,SYN-CAN-168,Same material family/category but differing technical specification; not equivalent.,SYNTHETIC_DEMO_DATA_ONLY
SYN-REC-0843,Astra Petrochem Demo Corporation,LOC-GSK-GRAPH-DN80-CL150-3,gasket; Class 150; DN 80; graphite flange,Sealing,No.,Synthetic Process Systems,DEMO-PN-169-3,SYN-CAN-169,SYN-GSK-GRAPH-DN80-CL150,punctuation_reordered,SYN-CAN-168,Same material family/category but differing technical specification; not equivalent.,SYNTHETIC_DEMO_DATA_ONLY
SYN-REC-0844,Bharat Thermal Demo Enterprise,LOC-GSK-GRAPH-DN80-CL150-4,"raised-face flange sealing ring, Graphite, DN 80, pressure Class 150",Sealing,each,Prototype Engineering Supply,DEMO-PN-169-4,SYN-CAN-169,SYN-GSK-GRAPH-DN80-CL150,equivalent_terminology,SYN-CAN-168,Same material family/category but differing technical specification; not equivalent.,SYNTHETIC_DEMO_DATA_ONLY
SYN-REC-0845,Dakshin Steel Demo Works,LOC-GSK-GRAPH-DN80-CL150-5,Graphite flange gasket DN 80; Class 150 rating,Sealing,pcs,Synthetic Process Systems,DEMO-PN-169-5,SYN-CAN-169,SYN-GSK-GRAPH-DN80-CL150,near_duplicate_nominal_size,SYN-CAN-168,Same material family/category but differing technical specification; not equivalent.,SYNTHETIC_DEMO_DATA_ONLY
SYN-REC-0846,Vindhya Engineering Demo Services,LOC-GSK-GRAPH-DN80-CL300-1,Graphite Flange Gasket DN 80 Class 300,Sealing,each,DemoForge Industries,DEMO-PN-170-1,SYN-CAN-170,SYN-GSK-GRAPH-DN80-CL300,canonical_case,SYN-CAN-169,Same material family/category but differing technical specification; not equivalent.,SYNTHETIC_DEMO_DATA_ONLY
SYN-REC-0847,Astra Petrochem Demo Corporation,LOC-GSK-GRAPH-DN80-CL300-2,GRAPHITE GSKT DN 80 CLASS 300 RF,Sealing,nos,Prototype Engineering Supply,DEMO-PN-170-2,SYN-CAN-170,SYN-GSK-GRAPH-DN80-CL300,abbreviation_capitalization,SYN-CAN-169,Same material family/category but differing technical specification; not equivalent.,SYNTHETIC_DEMO_DATA_ONLY
SYN-REC-0848,Bharat Thermal Demo Enterprise,LOC-GSK-GRAPH-DN80-CL300-3,gasket; Class 300; DN 80; graphite flange,Sealing,No.,Synthetic Process Systems,DEMO-PN-170-3,SYN-CAN-170,SYN-GSK-GRAPH-DN80-CL300,punctuation_reordered,SYN-CAN-169,Same material family/category but differing technical specification; not equivalent.,SYNTHETIC_DEMO_DATA_ONLY
SYN-REC-0849,Dakshin Steel Demo Works,LOC-GSK-GRAPH-DN80-CL300-4,"raised-face flange sealing ring, Graphite, DN 80, pressure Class 300",Sealing,each,DemoForge Industries,DEMO-PN-170-4,SYN-CAN-170,SYN-GSK-GRAPH-DN80-CL300,equivalent_terminology,SYN-CAN-169,Same material family/category but differing technical specification; not equivalent.,SYNTHETIC_DEMO_DATA_ONLY
SYN-REC-0850,Narmada Power Demo Limited,LOC-GSK-GRAPH-DN80-CL300-5,Graphite flange gasket DN 80; Class 300 rating,Sealing,pcs,Synthetic Process Systems,DEMO-PN-170-5,SYN-CAN-170,SYN-GSK-GRAPH-DN80-CL300,near_duplicate_nominal_size,SYN-CAN-169,Same material family/category but differing technical specification; not equivalent.,SYNTHETIC_DEMO_DATA_ONLY
SYN-REC-0851,Astra Petrochem Demo Corporation,LOC-GSK-PTFE-DN15-CL150-1,PTFE Flange Gasket DN 15 Class 150,Sealing,each,DemoForge Industries,DEMO-PN-171-1,SYN-CAN-171,SYN-GSK-PTFE-DN15-CL150,canonical_case,SYN-CAN-172,Same material family/category but differing technical specification; not equivalent.,SYNTHETIC_DEMO_DATA_ONLY
SYN-REC-0852,Bharat Thermal Demo Enterprise,LOC-GSK-PTFE-DN15-CL150-2,PTFE GSKT DN 15 CLASS 150 RF,Sealing,nos,Synthetic Process Systems,DEMO-PN-171-2,SYN-CAN-171,SYN-GSK-PTFE-DN15-CL150,abbreviation_capitalization,SYN-CAN-172,Same material family/category but differing technical specification; not equivalent.,SYNTHETIC_DEMO_DATA_ONLY
SYN-REC-0853,Dakshin Steel Demo Works,LOC-GSK-PTFE-DN15-CL150-3,gasket; Class 150; DN 15; ptfe flange,Sealing,No.,DemoForge Industries,DEMO-PN-171-3,SYN-CAN-171,SYN-GSK-PTFE-DN15-CL150,punctuation_reordered,SYN-CAN-172,Same material family/category but differing technical specification; not equivalent.,SYNTHETIC_DEMO_DATA_ONLY
SYN-REC-0854,Narmada Power Demo Limited,LOC-GSK-PTFE-DN15-CL150-4,"raised-face flange sealing ring, PTFE, DN 15, pressure Class 150",Sealing,each,DemoForge Industries,DEMO-PN-171-4,SYN-CAN-171,SYN-GSK-PTFE-DN15-CL150,equivalent_terminology,SYN-CAN-172,Same material family/category but differing technical specification; not equivalent.,SYNTHETIC_DEMO_DATA_ONLY
SYN-REC-0855,Vindhya Engineering Demo Services,LOC-GSK-PTFE-DN15-CL150-5,PTFE flange gasket DN 15; Class 150 rating,Sealing,pcs,DemoForge Industries,DEMO-PN-171-5,SYN-CAN-171,SYN-GSK-PTFE-DN15-CL150,near_duplicate_nominal_size,SYN-CAN-172,Same material family/category but differing technical specification; not equivalent.,SYNTHETIC_DEMO_DATA_ONLY
SYN-REC-0856,Bharat Thermal Demo Enterprise,LOC-GSK-PTFE-DN15-CL300-1,PTFE Flange Gasket DN 15 Class 300,Sealing,each,Prototype Engineering Supply,DEMO-PN-172-1,SYN-CAN-172,SYN-GSK-PTFE-DN15-CL300,canonical_case,SYN-CAN-173,Same material family/category but differing technical specification; not equivalent.,SYNTHETIC_DEMO_DATA_ONLY
SYN-REC-0857,Dakshin Steel Demo Works,LOC-GSK-PTFE-DN15-CL300-2,PTFE GSKT DN 15 CLASS 300 RF,Sealing,nos,DemoForge Industries,DEMO-PN-172-2,SYN-CAN-172,SYN-GSK-PTFE-DN15-CL300,abbreviation_capitalization,SYN-CAN-173,Same material family/category but differing technical specification; not equivalent.,SYNTHETIC_DEMO_DATA_ONLY
SYN-REC-0858,Narmada Power Demo Limited,LOC-GSK-PTFE-DN15-CL300-3,gasket; Class 300; DN 15; ptfe flange,Sealing,No.,Synthetic Process Systems,DEMO-PN-172-3,SYN-CAN-172,SYN-GSK-PTFE-DN15-CL300,punctuation_reordered,SYN-CAN-173,Same material family/category but differing technical specification; not equivalent.,SYNTHETIC_DEMO_DATA_ONLY
SYN-REC-0859,Vindhya Engineering Demo Services,LOC-GSK-PTFE-DN15-CL300-4,"raised-face flange sealing ring, PTFE, DN 15, pressure Class 300",Sealing,each,Synthetic Process Systems,DEMO-PN-172-4,SYN-CAN-172,SYN-GSK-PTFE-DN15-CL300,equivalent_terminology,SYN-CAN-173,Same material family/category but differing technical specification; not equivalent.,SYNTHETIC_DEMO_DATA_ONLY
SYN-REC-0860,Astra Petrochem Demo Corporation,LOC-GSK-PTFE-DN15-CL300-5,PTFE flange gasket DN 15; Class 300 rating,Sealing,pcs,Prototype Engineering Supply,DEMO-PN-172-5,SYN-CAN-172,SYN-GSK-PTFE-DN15-CL300,near_duplicate_nominal_size,SYN-CAN-173,Same material family/category but differing technical specification; not equivalent.,SYNTHETIC_DEMO_DATA_ONLY
SYN-REC-0861,Dakshin Steel Demo Works,LOC-GSK-PTFE-DN25-CL150-1,PTFE Flange Gasket DN 25 Class 150,Sealing,each,Prototype Engineering Supply,DEMO-PN-173-1,SYN-CAN-173,SYN-GSK-PTFE-DN25-CL150,canonical_case,SYN-CAN-174,Same material family/category but differing technical specification; not equivalent.,SYNTHETIC_DEMO_DATA_ONLY
SYN-REC-0862,Narmada Power Demo Limited,LOC-GSK-PTFE-DN25-CL150-2,PTFE GSKT DN 25 CLASS 150 RF,Sealing,nos,Synthetic Process Systems,DEMO-PN-173-2,SYN-CAN-173,SYN-GSK-PTFE-DN25-CL150,abbreviation_capitalization,SYN-CAN-174,Same material family/category but differing technical specification; not equivalent.,SYNTHETIC_DEMO_DATA_ONLY
SYN-REC-0863,Vindhya Engineering Demo Services,LOC-GSK-PTFE-DN25-CL150-3,gasket; Class 150; DN 25; ptfe flange,Sealing,No.,Synthetic Process Systems,DEMO-PN-173-3,SYN-CAN-173,SYN-GSK-PTFE-DN25-CL150,punctuation_reordered,SYN-CAN-174,Same material family/category but differing technical specification; not equivalent.,SYNTHETIC_DEMO_DATA_ONLY
SYN-REC-0864,Astra Petrochem Demo Corporation,LOC-GSK-PTFE-DN25-CL150-4,"raised-face flange sealing ring, PTFE, DN 25, pressure Class 150",Sealing,each,Prototype Engineering Supply,DEMO-PN-173-4,SYN-CAN-173,SYN-GSK-PTFE-DN25-CL150,equivalent_terminology,SYN-CAN-174,Same material family/category but differing technical specification; not equivalent.,SYNTHETIC_DEMO_DATA_ONLY
SYN-REC-0865,Bharat Thermal Demo Enterprise,LOC-GSK-PTFE-DN25-CL150-5,PTFE flange gasket DN 25; Class 150 rating,Sealing,pcs,DemoForge Industries,DEMO-PN-173-5,SYN-CAN-173,SYN-GSK-PTFE-DN25-CL150,near_duplicate_nominal_size,SYN-CAN-174,Same material family/category but differing technical specification; not equivalent.,SYNTHETIC_DEMO_DATA_ONLY
SYN-REC-0866,Narmada Power Demo Limited,LOC-GSK-PTFE-DN25-CL300-1,PTFE Flange Gasket DN 25 Class 300,Sealing,each,Synthetic Process Systems,DEMO-PN-174-1,SYN-CAN-174,SYN-GSK-PTFE-DN25-CL300,canonical_case,SYN-CAN-175,Same material family/category but differing technical specification; not equivalent.,SYNTHETIC_DEMO_DATA_ONLY
SYN-REC-0867,Vindhya Engineering Demo Services,LOC-GSK-PTFE-DN25-CL300-2,PTFE GSKT DN 25 CLASS 300 RF,Sealing,nos,DemoForge Industries,DEMO-PN-174-2,SYN-CAN-174,SYN-GSK-PTFE-DN25-CL300,abbreviation_capitalization,SYN-CAN-175,Same material family/category but differing technical specification; not equivalent.,SYNTHETIC_DEMO_DATA_ONLY
SYN-REC-0868,Astra Petrochem Demo Corporation,LOC-GSK-PTFE-DN25-CL300-3,gasket; Class 300; DN 25; ptfe flange,Sealing,No.,DemoForge Industries,DEMO-PN-174-3,SYN-CAN-174,SYN-GSK-PTFE-DN25-CL300,punctuation_reordered,SYN-CAN-175,Same material family/category but differing technical specification; not equivalent.,SYNTHETIC_DEMO_DATA_ONLY
SYN-REC-0869,Bharat Thermal Demo Enterprise,LOC-GSK-PTFE-DN25-CL300-4,"raised-face flange sealing ring, PTFE, DN 25, pressure Class 300",Sealing,each,Prototype Engineering Supply,DEMO-PN-174-4,SYN-CAN-174,SYN-GSK-PTFE-DN25-CL300,equivalent_terminology,SYN-CAN-175,Same material family/category but differing technical specification; not equivalent.,SYNTHETIC_DEMO_DATA_ONLY
SYN-REC-0870,Dakshin Steel Demo Works,LOC-GSK-PTFE-DN25-CL300-5,PTFE flange gasket DN 25; Class 300 rating,Sealing,pcs,Prototype Engineering Supply,DEMO-PN-174-5,SYN-CAN-174,SYN-GSK-PTFE-DN25-CL300,near_duplicate_nominal_size,SYN-CAN-175,Same material family/category but differing technical specification; not equivalent.,SYNTHETIC_DEMO_DATA_ONLY
SYN-REC-0871,Vindhya Engineering Demo Services,LOC-GSK-PTFE-DN40-CL150-1,PTFE Flange Gasket DN 40 Class 150,Sealing,each,Prototype Engineering Supply,DEMO-PN-175-1,SYN-CAN-175,SYN-GSK-PTFE-DN40-CL150,canonical_case,SYN-CAN-176,Same material family/category but differing technical specification; not equivalent.,SYNTHETIC_DEMO_DATA_ONLY
SYN-REC-0872,Astra Petrochem Demo Corporation,LOC-GSK-PTFE-DN40-CL150-2,PTFE GSKT DN 40 CLASS 150 RF,Sealing,nos,Synthetic Process Systems,DEMO-PN-175-2,SYN-CAN-175,SYN-GSK-PTFE-DN40-CL150,abbreviation_capitalization,SYN-CAN-176,Same material family/category but differing technical specification; not equivalent.,SYNTHETIC_DEMO_DATA_ONLY
SYN-REC-0873,Bharat Thermal Demo Enterprise,LOC-GSK-PTFE-DN40-CL150-3,gasket; Class 150; DN 40; ptfe flange,Sealing,No.,DemoForge Industries,DEMO-PN-175-3,SYN-CAN-175,SYN-GSK-PTFE-DN40-CL150,punctuation_reordered,SYN-CAN-176,Same material family/category but differing technical specification; not equivalent.,SYNTHETIC_DEMO_DATA_ONLY
SYN-REC-0874,Dakshin Steel Demo Works,LOC-GSK-PTFE-DN40-CL150-4,"raised-face flange sealing ring, PTFE, DN 40, pressure Class 150",Sealing,each,Prototype Engineering Supply,DEMO-PN-175-4,SYN-CAN-175,SYN-GSK-PTFE-DN40-CL150,equivalent_terminology,SYN-CAN-176,Same material family/category but differing technical specification; not equivalent.,SYNTHETIC_DEMO_DATA_ONLY
SYN-REC-0875,Narmada Power Demo Limited,LOC-GSK-PTFE-DN40-CL150-5,PTFE flange gasket DN 40; Class 150 rating,Sealing,pcs,Prototype Engineering Supply,DEMO-PN-175-5,SYN-CAN-175,SYN-GSK-PTFE-DN40-CL150,near_duplicate_nominal_size,SYN-CAN-176,Same material family/category but differing technical specification; not equivalent.,SYNTHETIC_DEMO_DATA_ONLY
SYN-REC-0876,Astra Petrochem Demo Corporation,LOC-GSK-PTFE-DN40-CL300-1,PTFE Flange Gasket DN 40 Class 300,Sealing,each,Prototype Engineering Supply,DEMO-PN-176-1,SYN-CAN-176,SYN-GSK-PTFE-DN40-CL300,canonical_case,SYN-CAN-177,Same material family/category but differing technical specification; not equivalent.,SYNTHETIC_DEMO_DATA_ONLY
SYN-REC-0877,Bharat Thermal Demo Enterprise,LOC-GSK-PTFE-DN40-CL300-2,PTFE GSKT DN 40 CLASS 300 RF,Sealing,nos,Synthetic Process Systems,DEMO-PN-176-2,SYN-CAN-176,SYN-GSK-PTFE-DN40-CL300,abbreviation_capitalization,SYN-CAN-177,Same material family/category but differing technical specification; not equivalent.,SYNTHETIC_DEMO_DATA_ONLY
SYN-REC-0878,Dakshin Steel Demo Works,LOC-GSK-PTFE-DN40-CL300-3,gasket; Class 300; DN 40; ptfe flange,Sealing,No.,DemoForge Industries,DEMO-PN-176-3,SYN-CAN-176,SYN-GSK-PTFE-DN40-CL300,punctuation_reordered,SYN-CAN-177,Same material family/category but differing technical specification; not equivalent.,SYNTHETIC_DEMO_DATA_ONLY
SYN-REC-0879,Narmada Power Demo Limited,LOC-GSK-PTFE-DN40-CL300-4,"raised-face flange sealing ring, PTFE, DN 40, pressure Class 300",Sealing,each,DemoForge Industries,DEMO-PN-176-4,SYN-CAN-176,SYN-GSK-PTFE-DN40-CL300,equivalent_terminology,SYN-CAN-177,Same material family/category but differing technical specification; not equivalent.,SYNTHETIC_DEMO_DATA_ONLY
SYN-REC-0880,Vindhya Engineering Demo Services,LOC-GSK-PTFE-DN40-CL300-5,PTFE flange gasket DN 40; Class 300 rating,Sealing,pcs,DemoForge Industries,DEMO-PN-176-5,SYN-CAN-176,SYN-GSK-PTFE-DN40-CL300,near_duplicate_nominal_size,SYN-CAN-177,Same material family/category but differing technical specification; not equivalent.,SYNTHETIC_DEMO_DATA_ONLY
SYN-REC-0881,Bharat Thermal Demo Enterprise,LOC-GSK-PTFE-DN50-CL150-1,PTFE Flange Gasket DN 50 Class 150,Sealing,each,Synthetic Process Systems,DEMO-PN-177-1,SYN-CAN-177,SYN-GSK-PTFE-DN50-CL150,canonical_case,SYN-CAN-178,Same material family/category but differing technical specification; not equivalent.,SYNTHETIC_DEMO_DATA_ONLY
SYN-REC-0882,Dakshin Steel Demo Works,LOC-GSK-PTFE-DN50-CL150-2,PTFE GSKT DN 50 CLASS 150 RF,Sealing,nos,DemoForge Industries,DEMO-PN-177-2,SYN-CAN-177,SYN-GSK-PTFE-DN50-CL150,abbreviation_capitalization,SYN-CAN-178,Same material family/category but differing technical specification; not equivalent.,SYNTHETIC_DEMO_DATA_ONLY
SYN-REC-0883,Narmada Power Demo Limited,LOC-GSK-PTFE-DN50-CL150-3,gasket; Class 150; DN 50; ptfe flange,Sealing,No.,Prototype Engineering Supply,DEMO-PN-177-3,SYN-CAN-177,SYN-GSK-PTFE-DN50-CL150,punctuation_reordered,SYN-CAN-178,Same material family/category but differing technical specification; not equivalent.,SYNTHETIC_DEMO_DATA_ONLY
SYN-REC-0884,Vindhya Engineering Demo Services,LOC-GSK-PTFE-DN50-CL150-4,"raised-face flange sealing ring, PTFE, DN 50, pressure Class 150",Sealing,each,Synthetic Process Systems,DEMO-PN-177-4,SYN-CAN-177,SYN-GSK-PTFE-DN50-CL150,equivalent_terminology,SYN-CAN-178,Same material family/category but differing technical specification; not equivalent.,SYNTHETIC_DEMO_DATA_ONLY
SYN-REC-0885,Astra Petrochem Demo Corporation,LOC-GSK-PTFE-DN50-CL150-5,PTFE flange gasket DN 50; Class 150 rating,Sealing,pcs,DemoForge Industries,DEMO-PN-177-5,SYN-CAN-177,SYN-GSK-PTFE-DN50-CL150,near_duplicate_nominal_size,SYN-CAN-178,Same material family/category but differing technical specification; not equivalent.,SYNTHETIC_DEMO_DATA_ONLY
SYN-REC-0886,Dakshin Steel Demo Works,LOC-GSK-PTFE-DN50-CL300-1,PTFE Flange Gasket DN 50 Class 300,Sealing,each,DemoForge Industries,DEMO-PN-178-1,SYN-CAN-178,SYN-GSK-PTFE-DN50-CL300,canonical_case,SYN-CAN-179,Same material family/category but differing technical specification; not equivalent.,SYNTHETIC_DEMO_DATA_ONLY
SYN-REC-0887,Narmada Power Demo Limited,LOC-GSK-PTFE-DN50-CL300-2,PTFE GSKT DN 50 CLASS 300 RF,Sealing,nos,DemoForge Industries,DEMO-PN-178-2,SYN-CAN-178,SYN-GSK-PTFE-DN50-CL300,abbreviation_capitalization,SYN-CAN-179,Same material family/category but differing technical specification; not equivalent.,SYNTHETIC_DEMO_DATA_ONLY
SYN-REC-0888,Vindhya Engineering Demo Services,LOC-GSK-PTFE-DN50-CL300-3,gasket; Class 300; DN 50; ptfe flange,Sealing,No.,DemoForge Industries,DEMO-PN-178-3,SYN-CAN-178,SYN-GSK-PTFE-DN50-CL300,punctuation_reordered,SYN-CAN-179,Same material family/category but differing technical specification; not equivalent.,SYNTHETIC_DEMO_DATA_ONLY
SYN-REC-0889,Astra Petrochem Demo Corporation,LOC-GSK-PTFE-DN50-CL300-4,"raised-face flange sealing ring, PTFE, DN 50, pressure Class 300",Sealing,each,DemoForge Industries,DEMO-PN-178-4,SYN-CAN-178,SYN-GSK-PTFE-DN50-CL300,equivalent_terminology,SYN-CAN-179,Same material family/category but differing technical specification; not equivalent.,SYNTHETIC_DEMO_DATA_ONLY
SYN-REC-0890,Bharat Thermal Demo Enterprise,LOC-GSK-PTFE-DN50-CL300-5,PTFE flange gasket DN 50; Class 300 rating,Sealing,pcs,DemoForge Industries,DEMO-PN-178-5,SYN-CAN-178,SYN-GSK-PTFE-DN50-CL300,near_duplicate_nominal_size,SYN-CAN-179,Same material family/category but differing technical specification; not equivalent.,SYNTHETIC_DEMO_DATA_ONLY
SYN-REC-0891,Narmada Power Demo Limited,LOC-GSK-PTFE-DN80-CL150-1,PTFE Flange Gasket DN 80 Class 150,Sealing,each,Prototype Engineering Supply,DEMO-PN-179-1,SYN-CAN-179,SYN-GSK-PTFE-DN80-CL150,canonical_case,SYN-CAN-180,Same material family/category but differing technical specification; not equivalent.,SYNTHETIC_DEMO_DATA_ONLY
SYN-REC-0892,Vindhya Engineering Demo Services,LOC-GSK-PTFE-DN80-CL150-2,PTFE GSKT DN 80 CLASS 150 RF,Sealing,nos,DemoForge Industries,DEMO-PN-179-2,SYN-CAN-179,SYN-GSK-PTFE-DN80-CL150,abbreviation_capitalization,SYN-CAN-180,Same material family/category but differing technical specification; not equivalent.,SYNTHETIC_DEMO_DATA_ONLY
SYN-REC-0893,Astra Petrochem Demo Corporation,LOC-GSK-PTFE-DN80-CL150-3,gasket; Class 150; DN 80; ptfe flange,Sealing,No.,Prototype Engineering Supply,DEMO-PN-179-3,SYN-CAN-179,SYN-GSK-PTFE-DN80-CL150,punctuation_reordered,SYN-CAN-180,Same material family/category but differing technical specification; not equivalent.,SYNTHETIC_DEMO_DATA_ONLY
SYN-REC-0894,Bharat Thermal Demo Enterprise,LOC-GSK-PTFE-DN80-CL150-4,"raised-face flange sealing ring, PTFE, DN 80, pressure Class 150",Sealing,each,Prototype Engineering Supply,DEMO-PN-179-4,SYN-CAN-179,SYN-GSK-PTFE-DN80-CL150,equivalent_terminology,SYN-CAN-180,Same material family/category but differing technical specification; not equivalent.,SYNTHETIC_DEMO_DATA_ONLY
SYN-REC-0895,Dakshin Steel Demo Works,LOC-GSK-PTFE-DN80-CL150-5,PTFE flange gasket DN 80; Class 150 rating,Sealing,pcs,Prototype Engineering Supply,DEMO-PN-179-5,SYN-CAN-179,SYN-GSK-PTFE-DN80-CL150,near_duplicate_nominal_size,SYN-CAN-180,Same material family/category but differing technical specification; not equivalent.,SYNTHETIC_DEMO_DATA_ONLY
SYN-REC-0896,Vindhya Engineering Demo Services,LOC-GSK-PTFE-DN80-CL300-1,PTFE Flange Gasket DN 80 Class 300,Sealing,each,Prototype Engineering Supply,DEMO-PN-180-1,SYN-CAN-180,SYN-GSK-PTFE-DN80-CL300,canonical_case,SYN-CAN-171,Same material family/category but differing technical specification; not equivalent.,SYNTHETIC_DEMO_DATA_ONLY
SYN-REC-0897,Astra Petrochem Demo Corporation,LOC-GSK-PTFE-DN80-CL300-2,PTFE GSKT DN 80 CLASS 300 RF,Sealing,nos,Prototype Engineering Supply,DEMO-PN-180-2,SYN-CAN-180,SYN-GSK-PTFE-DN80-CL300,abbreviation_capitalization,SYN-CAN-171,Same material family/category but differing technical specification; not equivalent.,SYNTHETIC_DEMO_DATA_ONLY
SYN-REC-0898,Bharat Thermal Demo Enterprise,LOC-GSK-PTFE-DN80-CL300-3,gasket; Class 300; DN 80; ptfe flange,Sealing,No.,Synthetic Process Systems,DEMO-PN-180-3,SYN-CAN-180,SYN-GSK-PTFE-DN80-CL300,punctuation_reordered,SYN-CAN-171,Same material family/category but differing technical specification; not equivalent.,SYNTHETIC_DEMO_DATA_ONLY
SYN-REC-0899,Dakshin Steel Demo Works,LOC-GSK-PTFE-DN80-CL300-4,"raised-face flange sealing ring, PTFE, DN 80, pressure Class 300",Sealing,each,Prototype Engineering Supply,DEMO-PN-180-4,SYN-CAN-180,SYN-GSK-PTFE-DN80-CL300,equivalent_terminology,SYN-CAN-171,Same material family/category but differing technical specification; not equivalent.,SYNTHETIC_DEMO_DATA_ONLY
SYN-REC-0900,Narmada Power Demo Limited,LOC-GSK-PTFE-DN80-CL300-5,PTFE flange gasket DN 80; Class 300 rating,Sealing,pcs,Prototype Engineering Supply,DEMO-PN-180-5,SYN-CAN-180,SYN-GSK-PTFE-DN80-CL300,near_duplicate_nominal_size,SYN-CAN-171,Same material family/category but differing technical specification; not equivalent.,SYNTHETIC_DEMO_DATA_ONLY
SYN-REC-0901,Astra Petrochem Demo Corporation,LOC-GSK-SPIRA-DN15-CL150-1,Spiral Wound SS316 Flange Gasket DN 15 Class 150,Sealing,each,Synthetic Process Systems,DEMO-PN-181-1,SYN-CAN-181,SYN-GSK-SPIRA-DN15-CL150,canonical_case,SYN-CAN-183,Same material family/category but differing technical specification; not equivalent.,SYNTHETIC_DEMO_DATA_ONLY
SYN-REC-0902,Bharat Thermal Demo Enterprise,LOC-GSK-SPIRA-DN15-CL150-2,SPIRAL WOUND SS316 GSKT DN 15 CLASS 150 RF,Sealing,nos,Synthetic Process Systems,DEMO-PN-181-2,SYN-CAN-181,SYN-GSK-SPIRA-DN15-CL150,abbreviation_capitalization,SYN-CAN-183,Same material family/category but differing technical specification; not equivalent.,SYNTHETIC_DEMO_DATA_ONLY
SYN-REC-0903,Dakshin Steel Demo Works,LOC-GSK-SPIRA-DN15-CL150-3,gasket; Class 150; DN 15; spiral wound ss316 flange,Sealing,No.,Synthetic Process Systems,DEMO-PN-181-3,SYN-CAN-181,SYN-GSK-SPIRA-DN15-CL150,punctuation_reordered,SYN-CAN-183,Same material family/category but differing technical specification; not equivalent.,SYNTHETIC_DEMO_DATA_ONLY
SYN-REC-0904,Narmada Power Demo Limited,LOC-GSK-SPIRA-DN15-CL150-4,"raised-face flange sealing ring, Spiral Wound SS316, DN 15, pressure Class 150",Sealing,each,DemoForge Industries,DEMO-PN-181-4,SYN-CAN-181,SYN-GSK-SPIRA-DN15-CL150,equivalent_terminology,SYN-CAN-183,Same material family/category but differing technical specification; not equivalent.,SYNTHETIC_DEMO_DATA_ONLY
SYN-REC-0905,Vindhya Engineering Demo Services,LOC-GSK-SPIRA-DN15-CL150-5,Spiral Wound SS316 flange gasket DN 15; Class 150 rating,Sealing,pcs,Synthetic Process Systems,DEMO-PN-181-5,SYN-CAN-181,SYN-GSK-SPIRA-DN15-CL150,near_duplicate_nominal_size,SYN-CAN-183,Same material family/category but differing technical specification; not equivalent.,SYNTHETIC_DEMO_DATA_ONLY
SYN-REC-0906,Bharat Thermal Demo Enterprise,LOC-GSK-SPIRA-DN15-CL300-1,Spiral Wound SS316 Flange Gasket DN 15 Class 300,Sealing,each,Synthetic Process Systems,DEMO-PN-182-1,SYN-CAN-182,SYN-GSK-SPIRA-DN15-CL300,canonical_case,SYN-CAN-184,Same material family/category but differing technical specification; not equivalent.,SYNTHETIC_DEMO_DATA_ONLY
SYN-REC-0907,Dakshin Steel Demo Works,LOC-GSK-SPIRA-DN15-CL300-2,SPIRAL WOUND SS316 GSKT DN 15 CLASS 300 RF,Sealing,nos,Synthetic Process Systems,DEMO-PN-182-2,SYN-CAN-182,SYN-GSK-SPIRA-DN15-CL300,abbreviation_capitalization,SYN-CAN-184,Same material family/category but differing technical specification; not equivalent.,SYNTHETIC_DEMO_DATA_ONLY
SYN-REC-0908,Narmada Power Demo Limited,LOC-GSK-SPIRA-DN15-CL300-3,gasket; Class 300; DN 15; spiral wound ss316 flange,Sealing,No.,Synthetic Process Systems,DEMO-PN-182-3,SYN-CAN-182,SYN-GSK-SPIRA-DN15-CL300,punctuation_reordered,SYN-CAN-184,Same material family/category but differing technical specification; not equivalent.,SYNTHETIC_DEMO_DATA_ONLY
SYN-REC-0909,Vindhya Engineering Demo Services,LOC-GSK-SPIRA-DN15-CL300-4,"raised-face flange sealing ring, Spiral Wound SS316, DN 15, pressure Class 300",Sealing,each,Prototype Engineering Supply,DEMO-PN-182-4,SYN-CAN-182,SYN-GSK-SPIRA-DN15-CL300,equivalent_terminology,SYN-CAN-184,Same material family/category but differing technical specification; not equivalent.,SYNTHETIC_DEMO_DATA_ONLY
SYN-REC-0910,Astra Petrochem Demo Corporation,LOC-GSK-SPIRA-DN15-CL300-5,Spiral Wound SS316 flange gasket DN 15; Class 300 rating,Sealing,pcs,Prototype Engineering Supply,DEMO-PN-182-5,SYN-CAN-182,SYN-GSK-SPIRA-DN15-CL300,near_duplicate_nominal_size,SYN-CAN-184,Same material family/category but differing technical specification; not equivalent.,SYNTHETIC_DEMO_DATA_ONLY
SYN-REC-0911,Dakshin Steel Demo Works,LOC-GSK-SPIRA-DN25-CL150-1,Spiral Wound SS316 Flange Gasket DN 25 Class 150,Sealing,each,DemoForge Industries,DEMO-PN-183-1,SYN-CAN-183,SYN-GSK-SPIRA-DN25-CL150,canonical_case,SYN-CAN-185,Same material family/category but differing technical specification; not equivalent.,SYNTHETIC_DEMO_DATA_ONLY
SYN-REC-0912,Narmada Power Demo Limited,LOC-GSK-SPIRA-DN25-CL150-2,SPIRAL WOUND SS316 GSKT DN 25 CLASS 150 RF,Sealing,nos,DemoForge Industries,DEMO-PN-183-2,SYN-CAN-183,SYN-GSK-SPIRA-DN25-CL150,abbreviation_capitalization,SYN-CAN-185,Same material family/category but differing technical specification; not equivalent.,SYNTHETIC_DEMO_DATA_ONLY
SYN-REC-0913,Vindhya Engineering Demo Services,LOC-GSK-SPIRA-DN25-CL150-3,gasket; Class 150; DN 25; spiral wound ss316 flange,Sealing,No.,DemoForge Industries,DEMO-PN-183-3,SYN-CAN-183,SYN-GSK-SPIRA-DN25-CL150,punctuation_reordered,SYN-CAN-185,Same material family/category but differing technical specification; not equivalent.,SYNTHETIC_DEMO_DATA_ONLY
SYN-REC-0914,Astra Petrochem Demo Corporation,LOC-GSK-SPIRA-DN25-CL150-4,"raised-face flange sealing ring, Spiral Wound SS316, DN 25, pressure Class 150",Sealing,each,DemoForge Industries,DEMO-PN-183-4,SYN-CAN-183,SYN-GSK-SPIRA-DN25-CL150,equivalent_terminology,SYN-CAN-185,Same material family/category but differing technical specification; not equivalent.,SYNTHETIC_DEMO_DATA_ONLY
SYN-REC-0915,Bharat Thermal Demo Enterprise,LOC-GSK-SPIRA-DN25-CL150-5,Spiral Wound SS316 flange gasket DN 25; Class 150 rating,Sealing,pcs,Prototype Engineering Supply,DEMO-PN-183-5,SYN-CAN-183,SYN-GSK-SPIRA-DN25-CL150,near_duplicate_nominal_size,SYN-CAN-185,Same material family/category but differing technical specification; not equivalent.,SYNTHETIC_DEMO_DATA_ONLY
SYN-REC-0916,Narmada Power Demo Limited,LOC-GSK-SPIRA-DN25-CL300-1,Spiral Wound SS316 Flange Gasket DN 25 Class 300,Sealing,each,DemoForge Industries,DEMO-PN-184-1,SYN-CAN-184,SYN-GSK-SPIRA-DN25-CL300,canonical_case,SYN-CAN-186,Same material family/category but differing technical specification; not equivalent.,SYNTHETIC_DEMO_DATA_ONLY
SYN-REC-0917,Vindhya Engineering Demo Services,LOC-GSK-SPIRA-DN25-CL300-2,SPIRAL WOUND SS316 GSKT DN 25 CLASS 300 RF,Sealing,nos,Synthetic Process Systems,DEMO-PN-184-2,SYN-CAN-184,SYN-GSK-SPIRA-DN25-CL300,abbreviation_capitalization,SYN-CAN-186,Same material family/category but differing technical specification; not equivalent.,SYNTHETIC_DEMO_DATA_ONLY
SYN-REC-0918,Astra Petrochem Demo Corporation,LOC-GSK-SPIRA-DN25-CL300-3,gasket; Class 300; DN 25; spiral wound ss316 flange,Sealing,No.,DemoForge Industries,DEMO-PN-184-3,SYN-CAN-184,SYN-GSK-SPIRA-DN25-CL300,punctuation_reordered,SYN-CAN-186,Same material family/category but differing technical specification; not equivalent.,SYNTHETIC_DEMO_DATA_ONLY
SYN-REC-0919,Bharat Thermal Demo Enterprise,LOC-GSK-SPIRA-DN25-CL300-4,"raised-face flange sealing ring, Spiral Wound SS316, DN 25, pressure Class 300",Sealing,each,DemoForge Industries,DEMO-PN-184-4,SYN-CAN-184,SYN-GSK-SPIRA-DN25-CL300,equivalent_terminology,SYN-CAN-186,Same material family/category but differing technical specification; not equivalent.,SYNTHETIC_DEMO_DATA_ONLY
SYN-REC-0920,Dakshin Steel Demo Works,LOC-GSK-SPIRA-DN25-CL300-5,Spiral Wound SS316 flange gasket DN 25; Class 300 rating,Sealing,pcs,DemoForge Industries,DEMO-PN-184-5,SYN-CAN-184,SYN-GSK-SPIRA-DN25-CL300,near_duplicate_nominal_size,SYN-CAN-186,Same material family/category but differing technical specification; not equivalent.,SYNTHETIC_DEMO_DATA_ONLY
SYN-REC-0921,Vindhya Engineering Demo Services,LOC-GSK-SPIRA-DN40-CL150-1,Spiral Wound SS316 Flange Gasket DN 40 Class 150,Sealing,each,Prototype Engineering Supply,DEMO-PN-185-1,SYN-CAN-185,SYN-GSK-SPIRA-DN40-CL150,canonical_case,SYN-CAN-187,Same material family/category but differing technical specification; not equivalent.,SYNTHETIC_DEMO_DATA_ONLY
SYN-REC-0922,Astra Petrochem Demo Corporation,LOC-GSK-SPIRA-DN40-CL150-2,SPIRAL WOUND SS316 GSKT DN 40 CLASS 150 RF,Sealing,nos,Synthetic Process Systems,DEMO-PN-185-2,SYN-CAN-185,SYN-GSK-SPIRA-DN40-CL150,abbreviation_capitalization,SYN-CAN-187,Same material family/category but differing technical specification; not equivalent.,SYNTHETIC_DEMO_DATA_ONLY
SYN-REC-0923,Bharat Thermal Demo Enterprise,LOC-GSK-SPIRA-DN40-CL150-3,gasket; Class 150; DN 40; spiral wound ss316 flange,Sealing,No.,DemoForge Industries,DEMO-PN-185-3,SYN-CAN-185,SYN-GSK-SPIRA-DN40-CL150,punctuation_reordered,SYN-CAN-187,Same material family/category but differing technical specification; not equivalent.,SYNTHETIC_DEMO_DATA_ONLY
SYN-REC-0924,Dakshin Steel Demo Works,LOC-GSK-SPIRA-DN40-CL150-4,"raised-face flange sealing ring, Spiral Wound SS316, DN 40, pressure Class 150",Sealing,each,Synthetic Process Systems,DEMO-PN-185-4,SYN-CAN-185,SYN-GSK-SPIRA-DN40-CL150,equivalent_terminology,SYN-CAN-187,Same material family/category but differing technical specification; not equivalent.,SYNTHETIC_DEMO_DATA_ONLY
SYN-REC-0925,Narmada Power Demo Limited,LOC-GSK-SPIRA-DN40-CL150-5,Spiral Wound SS316 flange gasket DN 40; Class 150 rating,Sealing,pcs,Prototype Engineering Supply,DEMO-PN-185-5,SYN-CAN-185,SYN-GSK-SPIRA-DN40-CL150,near_duplicate_nominal_size,SYN-CAN-187,Same material family/category but differing technical specification; not equivalent.,SYNTHETIC_DEMO_DATA_ONLY
SYN-REC-0926,Astra Petrochem Demo Corporation,LOC-GSK-SPIRA-DN40-CL300-1,Spiral Wound SS316 Flange Gasket DN 40 Class 300,Sealing,each,Synthetic Process Systems,DEMO-PN-186-1,SYN-CAN-186,SYN-GSK-SPIRA-DN40-CL300,canonical_case,SYN-CAN-188,Same material family/category but differing technical specification; not equivalent.,SYNTHETIC_DEMO_DATA_ONLY
SYN-REC-0927,Bharat Thermal Demo Enterprise,LOC-GSK-SPIRA-DN40-CL300-2,SPIRAL WOUND SS316 GSKT DN 40 CLASS 300 RF,Sealing,nos,Prototype Engineering Supply,DEMO-PN-186-2,SYN-CAN-186,SYN-GSK-SPIRA-DN40-CL300,abbreviation_capitalization,SYN-CAN-188,Same material family/category but differing technical specification; not equivalent.,SYNTHETIC_DEMO_DATA_ONLY
SYN-REC-0928,Dakshin Steel Demo Works,LOC-GSK-SPIRA-DN40-CL300-3,gasket; Class 300; DN 40; spiral wound ss316 flange,Sealing,No.,Prototype Engineering Supply,DEMO-PN-186-3,SYN-CAN-186,SYN-GSK-SPIRA-DN40-CL300,punctuation_reordered,SYN-CAN-188,Same material family/category but differing technical specification; not equivalent.,SYNTHETIC_DEMO_DATA_ONLY
SYN-REC-0929,Narmada Power Demo Limited,LOC-GSK-SPIRA-DN40-CL300-4,"raised-face flange sealing ring, Spiral Wound SS316, DN 40, pressure Class 300",Sealing,each,DemoForge Industries,DEMO-PN-186-4,SYN-CAN-186,SYN-GSK-SPIRA-DN40-CL300,equivalent_terminology,SYN-CAN-188,Same material family/category but differing technical specification; not equivalent.,SYNTHETIC_DEMO_DATA_ONLY
SYN-REC-0930,Vindhya Engineering Demo Services,LOC-GSK-SPIRA-DN40-CL300-5,Spiral Wound SS316 flange gasket DN 40; Class 300 rating,Sealing,pcs,Synthetic Process Systems,DEMO-PN-186-5,SYN-CAN-186,SYN-GSK-SPIRA-DN40-CL300,near_duplicate_nominal_size,SYN-CAN-188,Same material family/category but differing technical specification; not equivalent.,SYNTHETIC_DEMO_DATA_ONLY
SYN-REC-0931,Bharat Thermal Demo Enterprise,LOC-GSK-SPIRA-DN50-CL150-1,Spiral Wound SS316 Flange Gasket DN 50 Class 150,Sealing,each,DemoForge Industries,DEMO-PN-187-1,SYN-CAN-187,SYN-GSK-SPIRA-DN50-CL150,canonical_case,SYN-CAN-189,Same material family/category but differing technical specification; not equivalent.,SYNTHETIC_DEMO_DATA_ONLY
SYN-REC-0932,Dakshin Steel Demo Works,LOC-GSK-SPIRA-DN50-CL150-2,SPIRAL WOUND SS316 GSKT DN 50 CLASS 150 RF,Sealing,nos,DemoForge Industries,DEMO-PN-187-2,SYN-CAN-187,SYN-GSK-SPIRA-DN50-CL150,abbreviation_capitalization,SYN-CAN-189,Same material family/category but differing technical specification; not equivalent.,SYNTHETIC_DEMO_DATA_ONLY
SYN-REC-0933,Narmada Power Demo Limited,LOC-GSK-SPIRA-DN50-CL150-3,gasket; Class 150; DN 50; spiral wound ss316 flange,Sealing,No.,Synthetic Process Systems,DEMO-PN-187-3,SYN-CAN-187,SYN-GSK-SPIRA-DN50-CL150,punctuation_reordered,SYN-CAN-189,Same material family/category but differing technical specification; not equivalent.,SYNTHETIC_DEMO_DATA_ONLY
SYN-REC-0934,Vindhya Engineering Demo Services,LOC-GSK-SPIRA-DN50-CL150-4,"raised-face flange sealing ring, Spiral Wound SS316, DN 50, pressure Class 150",Sealing,each,Prototype Engineering Supply,DEMO-PN-187-4,SYN-CAN-187,SYN-GSK-SPIRA-DN50-CL150,equivalent_terminology,SYN-CAN-189,Same material family/category but differing technical specification; not equivalent.,SYNTHETIC_DEMO_DATA_ONLY
SYN-REC-0935,Astra Petrochem Demo Corporation,LOC-GSK-SPIRA-DN50-CL150-5,Spiral Wound SS316 flange gasket DN 50; Class 150 rating,Sealing,pcs,DemoForge Industries,DEMO-PN-187-5,SYN-CAN-187,SYN-GSK-SPIRA-DN50-CL150,near_duplicate_nominal_size,SYN-CAN-189,Same material family/category but differing technical specification; not equivalent.,SYNTHETIC_DEMO_DATA_ONLY
SYN-REC-0936,Dakshin Steel Demo Works,LOC-GSK-SPIRA-DN50-CL300-1,Spiral Wound SS316 Flange Gasket DN 50 Class 300,Sealing,each,DemoForge Industries,DEMO-PN-188-1,SYN-CAN-188,SYN-GSK-SPIRA-DN50-CL300,canonical_case,SYN-CAN-190,Same material family/category but differing technical specification; not equivalent.,SYNTHETIC_DEMO_DATA_ONLY
SYN-REC-0937,Narmada Power Demo Limited,LOC-GSK-SPIRA-DN50-CL300-2,SPIRAL WOUND SS316 GSKT DN 50 CLASS 300 RF,Sealing,nos,Synthetic Process Systems,DEMO-PN-188-2,SYN-CAN-188,SYN-GSK-SPIRA-DN50-CL300,abbreviation_capitalization,SYN-CAN-190,Same material family/category but differing technical specification; not equivalent.,SYNTHETIC_DEMO_DATA_ONLY
SYN-REC-0938,Vindhya Engineering Demo Services,LOC-GSK-SPIRA-DN50-CL300-3,gasket; Class 300; DN 50; spiral wound ss316 flange,Sealing,No.,Prototype Engineering Supply,DEMO-PN-188-3,SYN-CAN-188,SYN-GSK-SPIRA-DN50-CL300,punctuation_reordered,SYN-CAN-190,Same material family/category but differing technical specification; not equivalent.,SYNTHETIC_DEMO_DATA_ONLY
SYN-REC-0939,Astra Petrochem Demo Corporation,LOC-GSK-SPIRA-DN50-CL300-4,"raised-face flange sealing ring, Spiral Wound SS316, DN 50, pressure Class 300",Sealing,each,Prototype Engineering Supply,DEMO-PN-188-4,SYN-CAN-188,SYN-GSK-SPIRA-DN50-CL300,equivalent_terminology,SYN-CAN-190,Same material family/category but differing technical specification; not equivalent.,SYNTHETIC_DEMO_DATA_ONLY
SYN-REC-0940,Bharat Thermal Demo Enterprise,LOC-GSK-SPIRA-DN50-CL300-5,Spiral Wound SS316 flange gasket DN 50; Class 300 rating,Sealing,pcs,DemoForge Industries,DEMO-PN-188-5,SYN-CAN-188,SYN-GSK-SPIRA-DN50-CL300,near_duplicate_nominal_size,SYN-CAN-190,Same material family/category but differing technical specification; not equivalent.,SYNTHETIC_DEMO_DATA_ONLY
SYN-REC-0941,Narmada Power Demo Limited,LOC-GSK-SPIRA-DN80-CL150-1,Spiral Wound SS316 Flange Gasket DN 80 Class 150,Sealing,each,Prototype Engineering Supply,DEMO-PN-189-1,SYN-CAN-189,SYN-GSK-SPIRA-DN80-CL150,canonical_case,SYN-CAN-181,Same material family/category but differing technical specification; not equivalent.,SYNTHETIC_DEMO_DATA_ONLY
SYN-REC-0942,Vindhya Engineering Demo Services,LOC-GSK-SPIRA-DN80-CL150-2,SPIRAL WOUND SS316 GSKT DN 80 CLASS 150 RF,Sealing,nos,Prototype Engineering Supply,DEMO-PN-189-2,SYN-CAN-189,SYN-GSK-SPIRA-DN80-CL150,abbreviation_capitalization,SYN-CAN-181,Same material family/category but differing technical specification; not equivalent.,SYNTHETIC_DEMO_DATA_ONLY
SYN-REC-0943,Astra Petrochem Demo Corporation,LOC-GSK-SPIRA-DN80-CL150-3,gasket; Class 150; DN 80; spiral wound ss316 flange,Sealing,No.,Prototype Engineering Supply,DEMO-PN-189-3,SYN-CAN-189,SYN-GSK-SPIRA-DN80-CL150,punctuation_reordered,SYN-CAN-181,Same material family/category but differing technical specification; not equivalent.,SYNTHETIC_DEMO_DATA_ONLY
SYN-REC-0944,Bharat Thermal Demo Enterprise,LOC-GSK-SPIRA-DN80-CL150-4,"raised-face flange sealing ring, Spiral Wound SS316, DN 80, pressure Class 150",Sealing,each,DemoForge Industries,DEMO-PN-189-4,SYN-CAN-189,SYN-GSK-SPIRA-DN80-CL150,equivalent_terminology,SYN-CAN-181,Same material family/category but differing technical specification; not equivalent.,SYNTHETIC_DEMO_DATA_ONLY
SYN-REC-0945,Dakshin Steel Demo Works,LOC-GSK-SPIRA-DN80-CL150-5,Spiral Wound SS316 flange gasket DN 80; Class 150 rating,Sealing,pcs,Prototype Engineering Supply,DEMO-PN-189-5,SYN-CAN-189,SYN-GSK-SPIRA-DN80-CL150,near_duplicate_nominal_size,SYN-CAN-181,Same material family/category but differing technical specification; not equivalent.,SYNTHETIC_DEMO_DATA_ONLY
SYN-REC-0946,Vindhya Engineering Demo Services,LOC-GSK-SPIRA-DN80-CL300-1,Spiral Wound SS316 Flange Gasket DN 80 Class 300,Sealing,each,Synthetic Process Systems,DEMO-PN-190-1,SYN-CAN-190,SYN-GSK-SPIRA-DN80-CL300,canonical_case,SYN-CAN-182,Same material family/category but differing technical specification; not equivalent.,SYNTHETIC_DEMO_DATA_ONLY
SYN-REC-0947,Astra Petrochem Demo Corporation,LOC-GSK-SPIRA-DN80-CL300-2,SPIRAL WOUND SS316 GSKT DN 80 CLASS 300 RF,Sealing,nos,DemoForge Industries,DEMO-PN-190-2,SYN-CAN-190,SYN-GSK-SPIRA-DN80-CL300,abbreviation_capitalization,SYN-CAN-182,Same material family/category but differing technical specification; not equivalent.,SYNTHETIC_DEMO_DATA_ONLY
SYN-REC-0948,Bharat Thermal Demo Enterprise,LOC-GSK-SPIRA-DN80-CL300-3,gasket; Class 300; DN 80; spiral wound ss316 flange,Sealing,No.,Prototype Engineering Supply,DEMO-PN-190-3,SYN-CAN-190,SYN-GSK-SPIRA-DN80-CL300,punctuation_reordered,SYN-CAN-182,Same material family/category but differing technical specification; not equivalent.,SYNTHETIC_DEMO_DATA_ONLY
SYN-REC-0949,Dakshin Steel Demo Works,LOC-GSK-SPIRA-DN80-CL300-4,"raised-face flange sealing ring, Spiral Wound SS316, DN 80, pressure Class 300",Sealing,each,Synthetic Process Systems,DEMO-PN-190-4,SYN-CAN-190,SYN-GSK-SPIRA-DN80-CL300,equivalent_terminology,SYN-CAN-182,Same material family/category but differing technical specification; not equivalent.,SYNTHETIC_DEMO_DATA_ONLY
SYN-REC-0950,Narmada Power Demo Limited,LOC-GSK-SPIRA-DN80-CL300-5,Spiral Wound SS316 flange gasket DN 80; Class 300 rating,Sealing,pcs,Prototype Engineering Supply,DEMO-PN-190-5,SYN-CAN-190,SYN-GSK-SPIRA-DN80-CL300,near_duplicate_nominal_size,SYN-CAN-182,Same material family/category but differing technical specification; not equivalent.,SYNTHETIC_DEMO_DATA_ONLY
SYN-REC-0951,Astra Petrochem Demo Corporation,LOC-GSK-CAF-DN15-CL150-1,CAF Flange Gasket DN 15 Class 150,Sealing,each,DemoForge Industries,DEMO-PN-191-1,SYN-CAN-191,SYN-GSK-CAF-DN15-CL150,canonical_case,SYN-CAN-194,Same material family/category but differing technical specification; not equivalent.,SYNTHETIC_DEMO_DATA_ONLY
SYN-REC-0952,Bharat Thermal Demo Enterprise,LOC-GSK-CAF-DN15-CL150-2,CAF GSKT DN 15 CLASS 150 RF,Sealing,nos,Prototype Engineering Supply,DEMO-PN-191-2,SYN-CAN-191,SYN-GSK-CAF-DN15-CL150,abbreviation_capitalization,SYN-CAN-194,Same material family/category but differing technical specification; not equivalent.,SYNTHETIC_DEMO_DATA_ONLY
SYN-REC-0953,Dakshin Steel Demo Works,LOC-GSK-CAF-DN15-CL150-3,gasket; Class 150; DN 15; caf flange,Sealing,No.,Prototype Engineering Supply,DEMO-PN-191-3,SYN-CAN-191,SYN-GSK-CAF-DN15-CL150,punctuation_reordered,SYN-CAN-194,Same material family/category but differing technical specification; not equivalent.,SYNTHETIC_DEMO_DATA_ONLY
SYN-REC-0954,Narmada Power Demo Limited,LOC-GSK-CAF-DN15-CL150-4,"raised-face flange sealing ring, CAF, DN 15, pressure Class 150",Sealing,each,Prototype Engineering Supply,DEMO-PN-191-4,SYN-CAN-191,SYN-GSK-CAF-DN15-CL150,equivalent_terminology,SYN-CAN-194,Same material family/category but differing technical specification; not equivalent.,SYNTHETIC_DEMO_DATA_ONLY
SYN-REC-0955,Vindhya Engineering Demo Services,LOC-GSK-CAF-DN15-CL150-5,CAF flange gasket DN 15; Class 150 rating,Sealing,pcs,DemoForge Industries,DEMO-PN-191-5,SYN-CAN-191,SYN-GSK-CAF-DN15-CL150,near_duplicate_nominal_size,SYN-CAN-194,Same material family/category but differing technical specification; not equivalent.,SYNTHETIC_DEMO_DATA_ONLY
SYN-REC-0956,Bharat Thermal Demo Enterprise,LOC-GSK-CAF-DN15-CL300-1,CAF Flange Gasket DN 15 Class 300,Sealing,each,Prototype Engineering Supply,DEMO-PN-192-1,SYN-CAN-192,SYN-GSK-CAF-DN15-CL300,canonical_case,SYN-CAN-195,Same material family/category but differing technical specification; not equivalent.,SYNTHETIC_DEMO_DATA_ONLY
SYN-REC-0957,Dakshin Steel Demo Works,LOC-GSK-CAF-DN15-CL300-2,CAF GSKT DN 15 CLASS 300 RF,Sealing,nos,DemoForge Industries,DEMO-PN-192-2,SYN-CAN-192,SYN-GSK-CAF-DN15-CL300,abbreviation_capitalization,SYN-CAN-195,Same material family/category but differing technical specification; not equivalent.,SYNTHETIC_DEMO_DATA_ONLY
SYN-REC-0958,Narmada Power Demo Limited,LOC-GSK-CAF-DN15-CL300-3,gasket; Class 300; DN 15; caf flange,Sealing,No.,Synthetic Process Systems,DEMO-PN-192-3,SYN-CAN-192,SYN-GSK-CAF-DN15-CL300,punctuation_reordered,SYN-CAN-195,Same material family/category but differing technical specification; not equivalent.,SYNTHETIC_DEMO_DATA_ONLY
SYN-REC-0959,Vindhya Engineering Demo Services,LOC-GSK-CAF-DN15-CL300-4,"raised-face flange sealing ring, CAF, DN 15, pressure Class 300",Sealing,each,Synthetic Process Systems,DEMO-PN-192-4,SYN-CAN-192,SYN-GSK-CAF-DN15-CL300,equivalent_terminology,SYN-CAN-195,Same material family/category but differing technical specification; not equivalent.,SYNTHETIC_DEMO_DATA_ONLY
SYN-REC-0960,Astra Petrochem Demo Corporation,LOC-GSK-CAF-DN15-CL300-5,CAF flange gasket DN 15; Class 300 rating,Sealing,pcs,DemoForge Industries,DEMO-PN-192-5,SYN-CAN-192,SYN-GSK-CAF-DN15-CL300,near_duplicate_nominal_size,SYN-CAN-195,Same material family/category but differing technical specification; not equivalent.,SYNTHETIC_DEMO_DATA_ONLY
SYN-REC-0961,Dakshin Steel Demo Works,LOC-GSK-CAF-DN25-CL150-1,CAF Flange Gasket DN 25 Class 150,Sealing,each,Synthetic Process Systems,DEMO-PN-193-1,SYN-CAN-193,SYN-GSK-CAF-DN25-CL150,canonical_case,SYN-CAN-196,Same material family/category but differing technical specification; not equivalent.,SYNTHETIC_DEMO_DATA_ONLY
SYN-REC-0962,Narmada Power Demo Limited,LOC-GSK-CAF-DN25-CL150-2,CAF GSKT DN 25 CLASS 150 RF,Sealing,nos,DemoForge Industries,DEMO-PN-193-2,SYN-CAN-193,SYN-GSK-CAF-DN25-CL150,abbreviation_capitalization,SYN-CAN-196,Same material family/category but differing technical specification; not equivalent.,SYNTHETIC_DEMO_DATA_ONLY
SYN-REC-0963,Vindhya Engineering Demo Services,LOC-GSK-CAF-DN25-CL150-3,gasket; Class 150; DN 25; caf flange,Sealing,No.,Synthetic Process Systems,DEMO-PN-193-3,SYN-CAN-193,SYN-GSK-CAF-DN25-CL150,punctuation_reordered,SYN-CAN-196,Same material family/category but differing technical specification; not equivalent.,SYNTHETIC_DEMO_DATA_ONLY
SYN-REC-0964,Astra Petrochem Demo Corporation,LOC-GSK-CAF-DN25-CL150-4,"raised-face flange sealing ring, CAF, DN 25, pressure Class 150",Sealing,each,Synthetic Process Systems,DEMO-PN-193-4,SYN-CAN-193,SYN-GSK-CAF-DN25-CL150,equivalent_terminology,SYN-CAN-196,Same material family/category but differing technical specification; not equivalent.,SYNTHETIC_DEMO_DATA_ONLY
SYN-REC-0965,Bharat Thermal Demo Enterprise,LOC-GSK-CAF-DN25-CL150-5,CAF flange gasket DN 25; Class 150 rating,Sealing,pcs,DemoForge Industries,DEMO-PN-193-5,SYN-CAN-193,SYN-GSK-CAF-DN25-CL150,near_duplicate_nominal_size,SYN-CAN-196,Same material family/category but differing technical specification; not equivalent.,SYNTHETIC_DEMO_DATA_ONLY
SYN-REC-0966,Narmada Power Demo Limited,LOC-GSK-CAF-DN25-CL300-1,CAF Flange Gasket DN 25 Class 300,Sealing,each,Prototype Engineering Supply,DEMO-PN-194-1,SYN-CAN-194,SYN-GSK-CAF-DN25-CL300,canonical_case,SYN-CAN-197,Same material family/category but differing technical specification; not equivalent.,SYNTHETIC_DEMO_DATA_ONLY
SYN-REC-0967,Vindhya Engineering Demo Services,LOC-GSK-CAF-DN25-CL300-2,CAF GSKT DN 25 CLASS 300 RF,Sealing,nos,DemoForge Industries,DEMO-PN-194-2,SYN-CAN-194,SYN-GSK-CAF-DN25-CL300,abbreviation_capitalization,SYN-CAN-197,Same material family/category but differing technical specification; not equivalent.,SYNTHETIC_DEMO_DATA_ONLY
SYN-REC-0968,Astra Petrochem Demo Corporation,LOC-GSK-CAF-DN25-CL300-3,gasket; Class 300; DN 25; caf flange,Sealing,No.,DemoForge Industries,DEMO-PN-194-3,SYN-CAN-194,SYN-GSK-CAF-DN25-CL300,punctuation_reordered,SYN-CAN-197,Same material family/category but differing technical specification; not equivalent.,SYNTHETIC_DEMO_DATA_ONLY
SYN-REC-0969,Bharat Thermal Demo Enterprise,LOC-GSK-CAF-DN25-CL300-4,"raised-face flange sealing ring, CAF, DN 25, pressure Class 300",Sealing,each,Synthetic Process Systems,DEMO-PN-194-4,SYN-CAN-194,SYN-GSK-CAF-DN25-CL300,equivalent_terminology,SYN-CAN-197,Same material family/category but differing technical specification; not equivalent.,SYNTHETIC_DEMO_DATA_ONLY
SYN-REC-0970,Dakshin Steel Demo Works,LOC-GSK-CAF-DN25-CL300-5,CAF flange gasket DN 25; Class 300 rating,Sealing,pcs,Synthetic Process Systems,DEMO-PN-194-5,SYN-CAN-194,SYN-GSK-CAF-DN25-CL300,near_duplicate_nominal_size,SYN-CAN-197,Same material family/category but differing technical specification; not equivalent.,SYNTHETIC_DEMO_DATA_ONLY
SYN-REC-0971,Vindhya Engineering Demo Services,LOC-GSK-CAF-DN40-CL150-1,CAF Flange Gasket DN 40 Class 150,Sealing,each,DemoForge Industries,DEMO-PN-195-1,SYN-CAN-195,SYN-GSK-CAF-DN40-CL150,canonical_case,SYN-CAN-198,Same material family/category but differing technical specification; not equivalent.,SYNTHETIC_DEMO_DATA_ONLY
SYN-REC-0972,Astra Petrochem Demo Corporation,LOC-GSK-CAF-DN40-CL150-2,CAF GSKT DN 40 CLASS 150 RF,Sealing,nos,Synthetic Process Systems,DEMO-PN-195-2,SYN-CAN-195,SYN-GSK-CAF-DN40-CL150,abbreviation_capitalization,SYN-CAN-198,Same material family/category but differing technical specification; not equivalent.,SYNTHETIC_DEMO_DATA_ONLY
SYN-REC-0973,Bharat Thermal Demo Enterprise,LOC-GSK-CAF-DN40-CL150-3,gasket; Class 150; DN 40; caf flange,Sealing,No.,Synthetic Process Systems,DEMO-PN-195-3,SYN-CAN-195,SYN-GSK-CAF-DN40-CL150,punctuation_reordered,SYN-CAN-198,Same material family/category but differing technical specification; not equivalent.,SYNTHETIC_DEMO_DATA_ONLY
SYN-REC-0974,Dakshin Steel Demo Works,LOC-GSK-CAF-DN40-CL150-4,"raised-face flange sealing ring, CAF, DN 40, pressure Class 150",Sealing,each,DemoForge Industries,DEMO-PN-195-4,SYN-CAN-195,SYN-GSK-CAF-DN40-CL150,equivalent_terminology,SYN-CAN-198,Same material family/category but differing technical specification; not equivalent.,SYNTHETIC_DEMO_DATA_ONLY
SYN-REC-0975,Narmada Power Demo Limited,LOC-GSK-CAF-DN40-CL150-5,CAF flange gasket DN 40; Class 150 rating,Sealing,pcs,Prototype Engineering Supply,DEMO-PN-195-5,SYN-CAN-195,SYN-GSK-CAF-DN40-CL150,near_duplicate_nominal_size,SYN-CAN-198,Same material family/category but differing technical specification; not equivalent.,SYNTHETIC_DEMO_DATA_ONLY
SYN-REC-0976,Astra Petrochem Demo Corporation,LOC-GSK-CAF-DN40-CL300-1,CAF Flange Gasket DN 40 Class 300,Sealing,each,Synthetic Process Systems,DEMO-PN-196-1,SYN-CAN-196,SYN-GSK-CAF-DN40-CL300,canonical_case,SYN-CAN-199,Same material family/category but differing technical specification; not equivalent.,SYNTHETIC_DEMO_DATA_ONLY
SYN-REC-0977,Bharat Thermal Demo Enterprise,LOC-GSK-CAF-DN40-CL300-2,CAF GSKT DN 40 CLASS 300 RF,Sealing,nos,Synthetic Process Systems,DEMO-PN-196-2,SYN-CAN-196,SYN-GSK-CAF-DN40-CL300,abbreviation_capitalization,SYN-CAN-199,Same material family/category but differing technical specification; not equivalent.,SYNTHETIC_DEMO_DATA_ONLY
SYN-REC-0978,Dakshin Steel Demo Works,LOC-GSK-CAF-DN40-CL300-3,gasket; Class 300; DN 40; caf flange,Sealing,No.,DemoForge Industries,DEMO-PN-196-3,SYN-CAN-196,SYN-GSK-CAF-DN40-CL300,punctuation_reordered,SYN-CAN-199,Same material family/category but differing technical specification; not equivalent.,SYNTHETIC_DEMO_DATA_ONLY
SYN-REC-0979,Narmada Power Demo Limited,LOC-GSK-CAF-DN40-CL300-4,"raised-face flange sealing ring, CAF, DN 40, pressure Class 300",Sealing,each,Prototype Engineering Supply,DEMO-PN-196-4,SYN-CAN-196,SYN-GSK-CAF-DN40-CL300,equivalent_terminology,SYN-CAN-199,Same material family/category but differing technical specification; not equivalent.,SYNTHETIC_DEMO_DATA_ONLY
SYN-REC-0980,Vindhya Engineering Demo Services,LOC-GSK-CAF-DN40-CL300-5,CAF flange gasket DN 40; Class 300 rating,Sealing,pcs,DemoForge Industries,DEMO-PN-196-5,SYN-CAN-196,SYN-GSK-CAF-DN40-CL300,near_duplicate_nominal_size,SYN-CAN-199,Same material family/category but differing technical specification; not equivalent.,SYNTHETIC_DEMO_DATA_ONLY
SYN-REC-0981,Bharat Thermal Demo Enterprise,LOC-GSK-CAF-DN50-CL150-1,CAF Flange Gasket DN 50 Class 150,Sealing,each,Prototype Engineering Supply,DEMO-PN-197-1,SYN-CAN-197,SYN-GSK-CAF-DN50-CL150,canonical_case,SYN-CAN-200,Same material family/category but differing technical specification; not equivalent.,SYNTHETIC_DEMO_DATA_ONLY
SYN-REC-0982,Dakshin Steel Demo Works,LOC-GSK-CAF-DN50-CL150-2,CAF GSKT DN 50 CLASS 150 RF,Sealing,nos,Synthetic Process Systems,DEMO-PN-197-2,SYN-CAN-197,SYN-GSK-CAF-DN50-CL150,abbreviation_capitalization,SYN-CAN-200,Same material family/category but differing technical specification; not equivalent.,SYNTHETIC_DEMO_DATA_ONLY
SYN-REC-0983,Narmada Power Demo Limited,LOC-GSK-CAF-DN50-CL150-3,gasket; Class 150; DN 50; caf flange,Sealing,No.,Prototype Engineering Supply,DEMO-PN-197-3,SYN-CAN-197,SYN-GSK-CAF-DN50-CL150,punctuation_reordered,SYN-CAN-200,Same material family/category but differing technical specification; not equivalent.,SYNTHETIC_DEMO_DATA_ONLY
SYN-REC-0984,Vindhya Engineering Demo Services,LOC-GSK-CAF-DN50-CL150-4,"raised-face flange sealing ring, CAF, DN 50, pressure Class 150",Sealing,each,Synthetic Process Systems,DEMO-PN-197-4,SYN-CAN-197,SYN-GSK-CAF-DN50-CL150,equivalent_terminology,SYN-CAN-200,Same material family/category but differing technical specification; not equivalent.,SYNTHETIC_DEMO_DATA_ONLY
SYN-REC-0985,Astra Petrochem Demo Corporation,LOC-GSK-CAF-DN50-CL150-5,CAF flange gasket DN 50; Class 150 rating,Sealing,pcs,DemoForge Industries,DEMO-PN-197-5,SYN-CAN-197,SYN-GSK-CAF-DN50-CL150,near_duplicate_nominal_size,SYN-CAN-200,Same material family/category but differing technical specification; not equivalent.,SYNTHETIC_DEMO_DATA_ONLY
SYN-REC-0986,Dakshin Steel Demo Works,LOC-GSK-CAF-DN50-CL300-1,CAF Flange Gasket DN 50 Class 300,Sealing,each,Synthetic Process Systems,DEMO-PN-198-1,SYN-CAN-198,SYN-GSK-CAF-DN50-CL300,canonical_case,SYN-CAN-191,Same material family/category but differing technical specification; not equivalent.,SYNTHETIC_DEMO_DATA_ONLY
SYN-REC-0987,Narmada Power Demo Limited,LOC-GSK-CAF-DN50-CL300-2,CAF GSKT DN 50 CLASS 300 RF,Sealing,nos,DemoForge Industries,DEMO-PN-198-2,SYN-CAN-198,SYN-GSK-CAF-DN50-CL300,abbreviation_capitalization,SYN-CAN-191,Same material family/category but differing technical specification; not equivalent.,SYNTHETIC_DEMO_DATA_ONLY
SYN-REC-0988,Vindhya Engineering Demo Services,LOC-GSK-CAF-DN50-CL300-3,gasket; Class 300; DN 50; caf flange,Sealing,No.,DemoForge Industries,DEMO-PN-198-3,SYN-CAN-198,SYN-GSK-CAF-DN50-CL300,punctuation_reordered,SYN-CAN-191,Same material family/category but differing technical specification; not equivalent.,SYNTHETIC_DEMO_DATA_ONLY
SYN-REC-0989,Astra Petrochem Demo Corporation,LOC-GSK-CAF-DN50-CL300-4,"raised-face flange sealing ring, CAF, DN 50, pressure Class 300",Sealing,each,Synthetic Process Systems,DEMO-PN-198-4,SYN-CAN-198,SYN-GSK-CAF-DN50-CL300,equivalent_terminology,SYN-CAN-191,Same material family/category but differing technical specification; not equivalent.,SYNTHETIC_DEMO_DATA_ONLY
SYN-REC-0990,Bharat Thermal Demo Enterprise,LOC-GSK-CAF-DN50-CL300-5,CAF flange gasket DN 50; Class 300 rating,Sealing,pcs,DemoForge Industries,DEMO-PN-198-5,SYN-CAN-198,SYN-GSK-CAF-DN50-CL300,near_duplicate_nominal_size,SYN-CAN-191,Same material family/category but differing technical specification; not equivalent.,SYNTHETIC_DEMO_DATA_ONLY
SYN-REC-0991,Narmada Power Demo Limited,LOC-GSK-CAF-DN80-CL150-1,CAF Flange Gasket DN 80 Class 150,Sealing,each,DemoForge Industries,DEMO-PN-199-1,SYN-CAN-199,SYN-GSK-CAF-DN80-CL150,canonical_case,SYN-CAN-192,Same material family/category but differing technical specification; not equivalent.,SYNTHETIC_DEMO_DATA_ONLY
SYN-REC-0992,Vindhya Engineering Demo Services,LOC-GSK-CAF-DN80-CL150-2,CAF GSKT DN 80 CLASS 150 RF,Sealing,nos,DemoForge Industries,DEMO-PN-199-2,SYN-CAN-199,SYN-GSK-CAF-DN80-CL150,abbreviation_capitalization,SYN-CAN-192,Same material family/category but differing technical specification; not equivalent.,SYNTHETIC_DEMO_DATA_ONLY
SYN-REC-0993,Astra Petrochem Demo Corporation,LOC-GSK-CAF-DN80-CL150-3,gasket; Class 150; DN 80; caf flange,Sealing,No.,DemoForge Industries,DEMO-PN-199-3,SYN-CAN-199,SYN-GSK-CAF-DN80-CL150,punctuation_reordered,SYN-CAN-192,Same material family/category but differing technical specification; not equivalent.,SYNTHETIC_DEMO_DATA_ONLY
SYN-REC-0994,Bharat Thermal Demo Enterprise,LOC-GSK-CAF-DN80-CL150-4,"raised-face flange sealing ring, CAF, DN 80, pressure Class 150",Sealing,each,Synthetic Process Systems,DEMO-PN-199-4,SYN-CAN-199,SYN-GSK-CAF-DN80-CL150,equivalent_terminology,SYN-CAN-192,Same material family/category but differing technical specification; not equivalent.,SYNTHETIC_DEMO_DATA_ONLY
SYN-REC-0995,Dakshin Steel Demo Works,LOC-GSK-CAF-DN80-CL150-5,CAF flange gasket DN 80; Class 150 rating,Sealing,pcs,Synthetic Process Systems,DEMO-PN-199-5,SYN-CAN-199,SYN-GSK-CAF-DN80-CL150,near_duplicate_nominal_size,SYN-CAN-192,Same material family/category but differing technical specification; not equivalent.,SYNTHETIC_DEMO_DATA_ONLY
SYN-REC-0996,Vindhya Engineering Demo Services,LOC-GSK-CAF-DN80-CL300-1,CAF Flange Gasket DN 80 Class 300,Sealing,each,Prototype Engineering Supply,DEMO-PN-200-1,SYN-CAN-200,SYN-GSK-CAF-DN80-CL300,canonical_case,SYN-CAN-193,Same material family/category but differing technical specification; not equivalent.,SYNTHETIC_DEMO_DATA_ONLY
SYN-REC-0997,Astra Petrochem Demo Corporation,LOC-GSK-CAF-DN80-CL300-2,CAF GSKT DN 80 CLASS 300 RF,Sealing,nos,Synthetic Process Systems,DEMO-PN-200-2,SYN-CAN-200,SYN-GSK-CAF-DN80-CL300,abbreviation_capitalization,SYN-CAN-193,Same material family/category but differing technical specification; not equivalent.,SYNTHETIC_DEMO_DATA_ONLY
SYN-REC-0998,Bharat Thermal Demo Enterprise,LOC-GSK-CAF-DN80-CL300-3,gasket; Class 300; DN 80; caf flange,Sealing,No.,Prototype Engineering Supply,DEMO-PN-200-3,SYN-CAN-200,SYN-GSK-CAF-DN80-CL300,punctuation_reordered,SYN-CAN-193,Same material family/category but differing technical specification; not equivalent.,SYNTHETIC_DEMO_DATA_ONLY
SYN-REC-0999,Dakshin Steel Demo Works,LOC-GSK-CAF-DN80-CL300-4,"raised-face flange sealing ring, CAF, DN 80, pressure Class 300",Sealing,each,Synthetic Process Systems,DEMO-PN-200-4,SYN-CAN-200,SYN-GSK-CAF-DN80-CL300,equivalent_terminology,SYN-CAN-193,Same material family/category but differing technical specification; not equivalent.,SYNTHETIC_DEMO_DATA_ONLY
SYN-REC-1000,Narmada Power Demo Limited,LOC-GSK-CAF-DN80-CL300-5,CAF flange gasket DN 80; Class 300 rating,Sealing,pcs,Synthetic Process Systems,DEMO-PN-200-5,SYN-CAN-200,SYN-GSK-CAF-DN80-CL300,near_duplicate_nominal_size,SYN-CAN-193,Same material family/category but differing technical specification; not equivalent.,SYNTHETIC_DEMO_DATA_ONLY
